Scope: 17 of 18 workspace projects
packages/design-tokens build$ echo "no build (JSON data package)" && exit 0
packages/ui-legacy build$ pnpm run build:lib && pnpm run build:full-css && pnpm run build:llms
packages/ui-spec build$ echo "no build (spec data package)" && exit 0
tools/figma-design-assets-sync build$ echo "no build (runtime sync tool, run via tsx)" && exit 0
packages/design-tokens build: no build (JSON data package)
packages/design-tokens build: Done
tools/figma-design-assets-sync build: no build (runtime sync tool, run via tsx)
tools/figma-design-assets-sync build: Done
tools/figma-icons-fetcher build$ echo "no build (runtime fetch tool, run via tsx)" && exit 0
packages/ui-spec build: no build (spec data package)
tools/figma-token-exporter build$ echo "no build (plugin is plain JS; node side runs via tsx)" && exit 0
packages/ui-spec build: Done
tools/figma-icons-fetcher build: no build (runtime fetch tool, run via tsx)
tools/figma-icons-fetcher build: Done
tools/figma-token-exporter build: no build (plugin is plain JS; node side runs via tsx)
tools/figma-token-exporter build: Done
packages/ui-legacy build: > @acronis-platform/shadcn-uikit@0.36.3 build:lib /Users/Mladen.Tsvetkov/projects/ui-kit/uikit/packages/ui-legacy
packages/ui-legacy build: > vite build -c vite.lib.config.ts
packages/ui-legacy build: vite v6.4.2 building for production...
packages/ui-legacy build: [96msrc/styles/__tests__/acronis-white-label-theme.spec.ts[0m:[93m1[0m:[93m30[0m - [91merror[0m[90m TS2591: [0mCannot find name 'node:fs'. Do you need to install type definitions for node? Try `npm i --save-dev @types/node` and then add 'node' to the types field in your tsconfig.
packages/ui-legacy build: [7m1[0m import { readFileSync } from 'node:fs';
packages/ui-legacy build: [7m [0m [91m                             ~~~~~~~~~[0m
packages/ui-legacy build: [96msrc/styles/__tests__/acronis-white-label-theme.spec.ts[0m:[93m2[0m:[93m25[0m - [91merror[0m[90m TS2591: [0mCannot find name 'node:path'. Do you need to install type definitions for node? Try `npm i --save-dev @types/node` and then add 'node' to the types field in your tsconfig.
packages/ui-legacy build: [7m2[0m import { resolve } from 'node:path';
packages/ui-legacy build: [7m [0m [91m                        ~~~~~~~~~~~[0m
packages/ui-legacy build: [96msrc/styles/__tests__/acronis-white-label-theme.spec.ts[0m:[93m8[0m:[93m15[0m - [91merror[0m[90m TS2591: [0mCannot find name 'process'. Do you need to install type definitions for node? Try `npm i --save-dev @types/node` and then add 'node' to the types field in your tsconfig.
packages/ui-legacy build: [7m8[0m       resolve(process.cwd(), 'src/styles/themes/acronis-white-label.scss'),
packages/ui-legacy build: [7m [0m [91m              ~~~~~~~[0m
packages/ui-legacy build: transforming...
packages/ui-legacy build: ✓ 3274 modules transformed.
packages/ui-legacy build: rendering chunks...
packages/ui-legacy build: [unplugin:dts] Start generate declaration files...
packages/ui-legacy build: computing gzip size...
packages/ui-legacy build: dist/themes/cyber-chat.css                                                                                                                                                                                                        4.84 kB │ gzip:  1.00 kB
packages/ui-legacy build: dist/themes/acronis-ocean.css                                                                                                                                                                                                     7.98 kB │ gzip:  1.52 kB
packages/ui-legacy build: dist/themes/acronis-default.css                                                                                                                                                                                                  15.23 kB │ gzip:  1.63 kB
packages/ui-legacy build: dist/tokens.css                                                                                                                                                                                                                  15.43 kB │ gzip:  1.77 kB
packages/ui-legacy build: dist/base.css                                                                                                                                                                                                                    18.26 kB │ gzip:  3.20 kB
packages/ui-legacy build: dist/utilities.css                                                                                                                                                                                                              130.21 kB │ gzip: 19.92 kB
packages/ui-legacy build: dist/components.css                                                                                                                                                                                                             151.90 kB │ gzip: 24.09 kB
packages/ui-legacy build: dist/themes/acronis-white-label.css                                                                                                                                                                                             153.10 kB │ gzip:  3.74 kB
packages/ui-legacy build: dist/shadcn-uikit.css                                                                                                                                                                                                           155.90 kB │ gzip: 23.92 kB
packages/ui-legacy build: dist/_virtual/ary.js                                                                                                                                                                                                              0.07 kB │ gzip:  0.09 kB │ map:   0.09 kB
packages/ui-legacy build: dist/_virtual/has.js                                                                                                                                                                                                              0.07 kB │ gzip:  0.09 kB │ map:   0.09 kB
packages/ui-legacy build: dist/_virtual/get2.js                                                                                                                                                                                                             0.07 kB │ gzip:  0.09 kB │ map:   0.09 kB
packages/ui-legacy build: dist/_virtual/tags.js                                                                                                                                                                                                             0.07 kB │ gzip:  0.09 kB │ map:   0.09 kB
packages/ui-legacy build: dist/_virtual/toKey.js                                                                                                                                                                                                            0.08 kB │ gzip:  0.09 kB │ map:   0.09 kB
packages/ui-legacy build: dist/_virtual/isKey.js                                                                                                                                                                                                            0.08 kB │ gzip:  0.09 kB │ map:   0.09 kB
packages/ui-legacy build: dist/_virtual/range2.js                                                                                                                                                                                                           0.08 kB │ gzip:  0.09 kB │ map:   0.09 kB
packages/ui-legacy build: dist/_virtual/toPath.js                                                                                                                                                                                                           0.08 kB │ gzip:  0.09 kB │ map:   0.09 kB
packages/ui-legacy build: dist/_virtual/getTag.js                                                                                                                                                                                                           0.08 kB │ gzip:  0.09 kB │ map:   0.09 kB
packages/ui-legacy build: dist/_virtual/sortBy2.js                                                                                                                                                                                                          0.08 kB │ gzip:  0.09 kB │ map:   0.09 kB
packages/ui-legacy build: dist/_virtual/flatten.js                                                                                                                                                                                                          0.08 kB │ gzip:  0.09 kB │ map:   0.09 kB
packages/ui-legacy build: dist/_virtual/orderBy.js                                                                                                                                                                                                          0.08 kB │ gzip:  0.09 kB │ map:   0.09 kB
packages/ui-legacy build: dist/_virtual/uniqBy2.js                                                                                                                                                                                                          0.08 kB │ gzip:  0.09 kB │ map:   0.09 kB
packages/ui-legacy build: dist/node_modules/.pnpm/d3-shape@3.2.0/node_modules/d3-shape/src/noop.js                                                                                                                                                          0.08 kB │ gzip:  0.10 kB │ map:   0.27 kB
packages/ui-legacy build: dist/_virtual/isIndex.js                                                                                                                                                                                                          0.08 kB │ gzip:  0.09 kB │ map:   0.09 kB
packages/ui-legacy build: dist/_virtual/matches.js                                                                                                                                                                                                          0.08 kB │ gzip:  0.09 kB │ map:   0.09 kB
packages/ui-legacy build: dist/_virtual/uniqBy3.js                                                                                                                                                                                                          0.08 kB │ gzip:  0.09 kB │ map:   0.09 kB
packages/ui-legacy build: dist/_virtual/isMatch.js                                                                                                                                                                                                          0.08 kB │ gzip:  0.09 kB │ map:   0.09 kB
packages/ui-legacy build: dist/_virtual/debounce.js                                                                                                                                                                                                         0.08 kB │ gzip:  0.09 kB │ map:   0.09 kB
packages/ui-legacy build: dist/_virtual/identity.js                                                                                                                                                                                                         0.08 kB │ gzip:  0.09 kB │ map:   0.09 kB
packages/ui-legacy build: dist/_virtual/iteratee.js                                                                                                                                                                                                         0.08 kB │ gzip:  0.09 kB │ map:   0.09 kB
packages/ui-legacy build: dist/_virtual/toFinite.js                                                                                                                                                                                                         0.08 kB │ gzip:  0.09 kB │ map:   0.09 kB
packages/ui-legacy build: dist/_virtual/isObject.js                                                                                                                                                                                                         0.08 kB │ gzip:  0.09 kB │ map:   0.09 kB
packages/ui-legacy build: dist/_virtual/property.js                                                                                                                                                                                                         0.08 kB │ gzip:  0.09 kB │ map:   0.09 kB
packages/ui-legacy build: dist/_virtual/isLength.js                                                                                                                                                                                                         0.08 kB │ gzip:  0.09 kB │ map:   0.09 kB
packages/ui-legacy build: dist/_virtual/toString.js                                                                                                                                                                                                         0.08 kB │ gzip:  0.09 kB │ map:   0.09 kB
packages/ui-legacy build: dist/_virtual/toNumber.js                                                                                                                                                                                                         0.08 kB │ gzip:  0.09 kB │ map:   0.09 kB
packages/ui-legacy build: dist/_virtual/isBuffer.js                                                                                                                                                                                                         0.08 kB │ gzip:  0.09 kB │ map:   0.09 kB
packages/ui-legacy build: dist/_virtual/isSymbol.js                                                                                                                                                                                                         0.08 kB │ gzip:  0.09 kB │ map:   0.09 kB
packages/ui-legacy build: dist/_virtual/throttle2.js                                                                                                                                                                                                        0.08 kB │ gzip:  0.10 kB │ map:   0.09 kB
packages/ui-legacy build: dist/_virtual/isDeepKey.js                                                                                                                                                                                                        0.08 kB │ gzip:  0.10 kB │ map:   0.09 kB
packages/ui-legacy build: dist/_virtual/debounce2.js                                                                                                                                                                                                        0.08 kB │ gzip:  0.10 kB │ map:   0.09 kB
packages/ui-legacy build: dist/_virtual/cloneDeep.js                                                                                                                                                                                                        0.08 kB │ gzip:  0.10 kB │ map:   0.09 kB
packages/ui-legacy build: dist/_virtual/getSymbols.js                                                                                                                                                                                                       0.08 kB │ gzip:  0.10 kB │ map:   0.10 kB
packages/ui-legacy build: dist/_virtual/cloneDeep2.js                                                                                                                                                                                                       0.08 kB │ gzip:  0.10 kB │ map:   0.10 kB
packages/ui-legacy build: dist/_virtual/globalThis.js                                                                                                                                                                                                       0.08 kB │ gzip:  0.10 kB │ map:   0.10 kB
packages/ui-legacy build: dist/_virtual/isArrayLike.js                                                                                                                                                                                                      0.08 kB │ gzip:  0.10 kB │ map:   0.10 kB
packages/ui-legacy build: dist/_virtual/isPrimitive.js                                                                                                                                                                                                      0.08 kB │ gzip:  0.10 kB │ map:   0.10 kB
packages/ui-legacy build: dist/_virtual/isMatchWith.js                                                                                                                                                                                                      0.08 kB │ gzip:  0.10 kB │ map:   0.10 kB
packages/ui-legacy build: dist/_virtual/isArguments.js                                                                                                                                                                                                      0.08 kB │ gzip:  0.10 kB │ map:   0.10 kB
packages/ui-legacy build: dist/_virtual/isObjectLike.js                                                                                                                                                                                                     0.08 kB │ gzip:  0.10 kB │ map:   0.10 kB
packages/ui-legacy build: dist/_virtual/isTypedArray.js                                                                                                                                                                                                     0.08 kB │ gzip:  0.10 kB │ map:   0.10 kB
packages/ui-legacy build: dist/_virtual/cloneDeepWith.js                                                                                                                                                                                                    0.08 kB │ gzip:  0.10 kB │ map:   0.10 kB
packages/ui-legacy build: dist/_virtual/compareValues.js                                                                                                                                                                                                    0.08 kB │ gzip:  0.10 kB │ map:   0.10 kB
packages/ui-legacy build: dist/_virtual/isIterateeCall.js                                                                                                                                                                                                   0.08 kB │ gzip:  0.10 kB │ map:   0.10 kB
packages/ui-legacy build: dist/_virtual/cloneDeepWith2.js                                                                                                                                                                                                   0.08 kB │ gzip:  0.10 kB │ map:   0.10 kB
packages/ui-legacy build: dist/_virtual/matchesProperty.js                                                                                                                                                                                                  0.09 kB │ gzip:  0.10 kB │ map:   0.10 kB
packages/ui-legacy build: dist/_virtual/isUnsafeProperty.js                                                                                                                                                                                                 0.09 kB │ gzip:  0.10 kB │ map:   0.10 kB
packages/ui-legacy build: dist/_virtual/isArrayLikeObject.js                                                                                                                                                                                                0.09 kB │ gzip:  0.10 kB │ map:   0.10 kB
packages/ui-legacy build: dist/_virtual/index2.js                                                                                                                                                                                                           0.09 kB │ gzip:  0.10 kB │ map:   0.09 kB
packages/ui-legacy build: dist/_virtual/index3.js                                                                                                                                                                                                           0.09 kB │ gzip:  0.10 kB │ map:   0.09 kB
packages/ui-legacy build: dist/node_modules/.pnpm/recharts@3.8.1_@types_react@19.2.15_react-dom@19.2.6_react@19.2.6__react-is@19.2.6_react@19.2.6_redux@5.0.1/node_modules/recharts/es6/util/Constants.js                                                   0.09 kB │ gzip:  0.11 kB │ map:   1.28 kB
packages/ui-legacy build: dist/node_modules/.pnpm/d3-interpolate@3.0.1/node_modules/d3-interpolate/src/constant.js                                                                                                                                          0.09 kB │ gzip:  0.10 kB │ map:   0.31 kB
packages/ui-legacy build: dist/_virtual/isEqualsSameValueZero.js                                                                                                                                                                                            0.09 kB │ gzip:  0.11 kB │ map:   0.11 kB
packages/ui-legacy build: dist/node_modules/.pnpm/recharts@3.8.1_@types_react@19.2.15_react-dom@19.2.6_react@19.2.6__react-is@19.2.6_react@19.2.6_redux@5.0.1/node_modules/recharts/es6/state/selectors/pickAxisId.js                                       0.09 kB │ gzip:  0.11 kB │ map:   0.48 kB
packages/ui-legacy build: dist/node_modules/.pnpm/d3-scale@4.0.2/node_modules/d3-scale/src/number.js                                                                                                                                                        0.09 kB │ gzip:  0.11 kB │ map:   0.33 kB
packages/ui-legacy build: dist/node_modules/.pnpm/recharts@3.8.1_@types_react@19.2.15_react-dom@19.2.6_react@19.2.6__react-is@19.2.6_react@19.2.6_redux@5.0.1/node_modules/recharts/es6/state/selectors/pickAxisType.js                                     0.09 kB │ gzip:  0.10 kB │ map:   0.47 kB
packages/ui-legacy build: dist/_virtual/with-selector.production.js                                                                                                                                                                                         0.09 kB │ gzip:  0.11 kB │ map:   0.11 kB
packages/ui-legacy build: dist/node_modules/.pnpm/d3-format@3.1.2/node_modules/d3-format/src/identity.js                                                                                                                                                    0.09 kB │ gzip:  0.11 kB │ map:   0.32 kB
packages/ui-legacy build: dist/node_modules/.pnpm/react-day-picker@10.0.1_@types_react@19.2.15_react@19.2.6/node_modules/react-day-picker/dist/esm/labels/labelNav.js                                                                                       0.10 kB │ gzip:  0.11 kB │ map:   0.61 kB
packages/ui-legacy build: dist/_virtual/with-selector.development.js                                                                                                                                                                                        0.10 kB │ gzip:  0.11 kB │ map:   0.11 kB
packages/ui-legacy build: dist/_virtual/with-selector2.js                                                                                                                                                                                                   0.10 kB │ gzip:  0.11 kB │ map:   0.10 kB
packages/ui-legacy build: dist/_virtual/with-selector4.js                                                                                                                                                                                                   0.10 kB │ gzip:  0.11 kB │ map:   0.10 kB
packages/ui-legacy build: dist/_virtual/use-sync-external-store-shim.production.js                                                                                                                                                                          0.11 kB │ gzip:  0.12 kB │ map:   0.12 kB
packages/ui-legacy build: dist/_virtual/use-sync-external-store-shim.development.js                                                                                                                                                                         0.11 kB │ gzip:  0.12 kB │ map:   0.13 kB
packages/ui-legacy build: dist/node_modules/.pnpm/recharts@3.8.1_@types_react@19.2.15_react-dom@19.2.6_react@19.2.6__react-is@19.2.6_react@19.2.6_redux@5.0.1/node_modules/recharts/es6/state/selectors/selectTooltipState.js                               0.11 kB │ gzip:  0.11 kB │ map:   0.47 kB
packages/ui-legacy build: dist/_virtual/use-sync-external-store-with-selector.production.js                                                                                                                                                                 0.12 kB │ gzip:  0.13 kB │ map:   0.13 kB
packages/ui-legacy build: dist/_virtual/use-sync-external-store-with-selector.development.js                                                                                                                                                                0.12 kB │ gzip:  0.13 kB │ map:   0.13 kB
packages/ui-legacy build: dist/node_modules/.pnpm/date-fns@4.3.0/node_modules/date-fns/_lib/defaultOptions.js                                                                                                                                               0.12 kB │ gzip:  0.12 kB │ map:   0.51 kB
packages/ui-legacy build: dist/node_modules/.pnpm/react-day-picker@10.0.1_@types_react@19.2.15_react@19.2.6/node_modules/react-day-picker/dist/esm/labels/labelWeekNumber.js                                                                                0.12 kB │ gzip:  0.12 kB │ map:   0.89 kB
packages/ui-legacy build: dist/node_modules/.pnpm/react-day-picker@10.0.1_@types_react@19.2.15_react@19.2.6/node_modules/react-day-picker/dist/esm/formatters/formatWeekNumberHeader.js                                                                     0.12 kB │ gzip:  0.12 kB │ map:   0.70 kB
packages/ui-legacy build: dist/node_modules/.pnpm/d3-shape@3.2.0/node_modules/d3-shape/src/constant.js                                                                                                                                                      0.12 kB │ gzip:  0.12 kB │ map:   0.39 kB
packages/ui-legacy build: dist/node_modules/.pnpm/d3-scale@4.0.2/node_modules/d3-scale/src/constant.js                                                                                                                                                      0.12 kB │ gzip:  0.12 kB │ map:   0.39 kB
packages/ui-legacy build: dist/node_modules/.pnpm/recharts@3.8.1_@types_react@19.2.15_react-dom@19.2.6_react@19.2.6__react-is@19.2.6_react@19.2.6_redux@5.0.1/node_modules/recharts/es6/state/selectors/selectTooltipSettings.js                            0.13 kB │ gzip:  0.12 kB │ map:   0.50 kB
packages/ui-legacy build: dist/node_modules/.pnpm/react-day-picker@10.0.1_@types_react@19.2.15_react@19.2.6/node_modules/react-day-picker/dist/esm/labels/labelYearDropdown.js                                                                              0.13 kB │ gzip:  0.13 kB │ map:   0.77 kB
packages/ui-legacy build: dist/node_modules/.pnpm/recharts@3.8.1_@types_react@19.2.15_react-dom@19.2.6_react@19.2.6__react-is@19.2.6_react@19.2.6_redux@5.0.1/node_modules/recharts/es6/state/selectors/selectTooltipAxisId.js                              0.13 kB │ gzip:  0.12 kB │ map:   0.50 kB
packages/ui-legacy build: dist/node_modules/.pnpm/react-day-picker@10.0.1_@types_react@19.2.15_react@19.2.6/node_modules/react-day-picker/dist/esm/labels/labelPrevious.js                                                                                  0.13 kB │ gzip:  0.13 kB │ map:   0.83 kB
packages/ui-legacy build: dist/node_modules/.pnpm/d3-shape@3.2.0/node_modules/d3-shape/src/point.js                                                                                                                                                         0.13 kB │ gzip:  0.12 kB │ map:   0.41 kB
packages/ui-legacy build: dist/node_modules/.pnpm/react-day-picker@10.0.1_@types_react@19.2.15_react@19.2.6/node_modules/react-day-picker/dist/esm/labels/labelMonthDropdown.js                                                                             0.13 kB │ gzip:  0.13 kB │ map:   0.78 kB
packages/ui-legacy build: dist/node_modules/.pnpm/eventemitter3@5.0.4/node_modules/eventemitter3/index.js                                                                                                                                                   0.13 kB │ gzip:  0.13 kB │ map:   0.09 kB
packages/ui-legacy build: dist/node_modules/.pnpm/react-day-picker@10.0.1_@types_react@19.2.15_react@19.2.6/node_modules/react-day-picker/dist/esm/labels/labelWeekNumberHeader.js                                                                          0.13 kB │ gzip:  0.12 kB │ map:   0.80 kB
packages/ui-legacy build: dist/node_modules/.pnpm/react-day-picker@10.0.1_@types_react@19.2.15_react@19.2.6/node_modules/react-day-picker/dist/esm/labels/labelNext.js                                                                                      0.13 kB │ gzip:  0.14 kB │ map:   0.88 kB
packages/ui-legacy build: dist/node_modules/.pnpm/react-day-picker@10.0.1_@types_react@19.2.15_react@19.2.6/node_modules/react-day-picker/dist/esm/components/Footer.js                                                                                     0.15 kB │ gzip:  0.14 kB │ map:   0.64 kB
packages/ui-legacy build: dist/node_modules/.pnpm/react-day-picker@10.0.1_@types_react@19.2.15_react@19.2.6/node_modules/react-day-picker/dist/esm/components/Months.js                                                                                     0.15 kB │ gzip:  0.14 kB │ map:   0.65 kB
packages/ui-legacy build: dist/node_modules/.pnpm/react-day-picker@10.0.1_@types_react@19.2.15_react@19.2.6/node_modules/react-day-picker/dist/esm/components/Weeks.js                                                                                      0.15 kB │ gzip:  0.14 kB │ map:   0.66 kB
packages/ui-legacy build: dist/node_modules/.pnpm/react-day-picker@10.0.1_@types_react@19.2.15_react@19.2.6/node_modules/react-day-picker/dist/esm/components/Weekday.js                                                                                    0.15 kB │ gzip:  0.14 kB │ map:   0.69 kB
packages/ui-legacy build: dist/node_modules/.pnpm/recharts@3.8.1_@types_react@19.2.15_react-dom@19.2.6_react@19.2.6__react-is@19.2.6_react@19.2.6_redux@5.0.1/node_modules/recharts/es6/synchronisation/syncSelectors.js                                    0.15 kB │ gzip:  0.14 kB │ map:   0.53 kB
packages/ui-legacy build: dist/node_modules/.pnpm/d3-shape@3.2.0/node_modules/d3-shape/src/array.js                                                                                                                                                         0.15 kB │ gzip:  0.15 kB │ map:   0.57 kB
packages/ui-legacy build: dist/node_modules/.pnpm/react-day-picker@10.0.1_@types_react@19.2.15_react@19.2.6/node_modules/react-day-picker/dist/esm/components/Option.js                                                                                     0.15 kB │ gzip:  0.14 kB │ map:   0.64 kB
packages/ui-legacy build: dist/node_modules/.pnpm/react-day-picker@10.0.1_@types_react@19.2.15_react@19.2.6/node_modules/react-day-picker/dist/esm/components/Select.js                                                                                     0.15 kB │ gzip:  0.14 kB │ map:   0.64 kB
packages/ui-legacy build: dist/node_modules/.pnpm/react-day-picker@10.0.1_@types_react@19.2.15_react@19.2.6/node_modules/react-day-picker/dist/esm/classes/CalendarMonth.js                                                                                 0.15 kB │ gzip:  0.14 kB │ map:   0.70 kB
packages/ui-legacy build: dist/node_modules/.pnpm/date-fns@4.3.0/node_modules/date-fns/isAfter.js                                                                                                                                                           0.15 kB │ gzip:  0.14 kB │ map:   1.06 kB
packages/ui-legacy build: dist/node_modules/.pnpm/react-day-picker@10.0.1_@types_react@19.2.15_react@19.2.6/node_modules/react-day-picker/dist/esm/classes/CalendarWeek.js                                                                                  0.15 kB │ gzip:  0.14 kB │ map:   0.70 kB
packages/ui-legacy build: dist/node_modules/.pnpm/recharts@3.8.1_@types_react@19.2.15_react-dom@19.2.6_react@19.2.6__react-is@19.2.6_react@19.2.6_redux@5.0.1/node_modules/recharts/es6/util/stacks/getStackSeriesIdentifier.js                             0.15 kB │ gzip:  0.14 kB │ map:   0.86 kB
packages/ui-legacy build: dist/node_modules/.pnpm/react-day-picker@10.0.1_@types_react@19.2.15_react@19.2.6/node_modules/react-day-picker/dist/esm/components/MonthGrid.js                                                                                  0.15 kB │ gzip:  0.15 kB │ map:   0.67 kB
packages/ui-legacy build: dist/node_modules/.pnpm/date-fns@4.3.0/node_modules/date-fns/isBefore.js                                                                                                                                                          0.15 kB │ gzip:  0.14 kB │ map:   1.08 kB
packages/ui-legacy build: dist/node_modules/.pnpm/recharts@3.8.1_@types_react@19.2.15_react-dom@19.2.6_react@19.2.6__react-is@19.2.6_react@19.2.6_redux@5.0.1/node_modules/recharts/es6/state/selectors/selectTooltipPayloadSearcher.js                     0.15 kB │ gzip:  0.13 kB │ map:   0.54 kB
packages/ui-legacy build: dist/node_modules/.pnpm/react-day-picker@10.0.1_@types_react@19.2.15_react@19.2.6/node_modules/react-day-picker/dist/esm/components/DropdownNav.js                                                                                0.16 kB │ gzip:  0.15 kB │ map:   0.68 kB
packages/ui-legacy build: dist/node_modules/.pnpm/d3-shape@3.2.0/node_modules/d3-shape/src/order/none.js                                                                                                                                                    0.16 kB │ gzip:  0.15 kB │ map:   0.51 kB
packages/ui-legacy build: dist/node_modules/.pnpm/react-day-picker@10.0.1_@types_react@19.2.15_react@19.2.6/node_modules/react-day-picker/dist/esm/components/CaptionLabel.js                                                                               0.16 kB │ gzip:  0.15 kB │ map:   0.67 kB
packages/ui-legacy build: dist/node_modules/.pnpm/d3-format@3.1.2/node_modules/d3-format/src/precisionFixed.js                                                                                                                                              0.16 kB │ gzip:  0.15 kB │ map:   0.49 kB
packages/ui-legacy build: dist/node_modules/.pnpm/date-fns@4.3.0/node_modules/date-fns/addWeeks.js                                                                                                                                                          0.16 kB │ gzip:  0.15 kB │ map:   1.48 kB
packages/ui-legacy build: dist/node_modules/.pnpm/d3-interpolate@3.0.1/node_modules/d3-interpolate/src/number.js                                                                                                                                            0.16 kB │ gzip:  0.14 kB │ map:   0.51 kB
packages/ui-legacy build: dist/node_modules/.pnpm/date-fns@4.3.0/node_modules/date-fns/toDate.js                                                                                                                                                            0.16 kB │ gzip:  0.15 kB │ map:   2.14 kB
packages/ui-legacy build: dist/node_modules/.pnpm/recharts@3.8.1_@types_react@19.2.15_react-dom@19.2.6_react@19.2.6__react-is@19.2.6_react@19.2.6_redux@5.0.1/node_modules/recharts/es6/util/getSliced.js                                                   0.16 kB │ gzip:  0.15 kB │ map:   0.72 kB
packages/ui-legacy build: dist/node_modules/.pnpm/recharts@3.8.1_@types_react@19.2.15_react-dom@19.2.6_react@19.2.6__react-is@19.2.6_react@19.2.6_redux@5.0.1/node_modules/recharts/es6/state/types/StackedGraphicalItem.js                                 0.16 kB │ gzip:  0.15 kB │ map:   0.93 kB
packages/ui-legacy build: dist/node_modules/.pnpm/react-day-picker@10.0.1_@types_react@19.2.15_react@19.2.6/node_modules/react-day-picker/dist/esm/components/WeekNumberHeader.js                                                                           0.16 kB │ gzip:  0.15 kB │ map:   0.70 kB
packages/ui-legacy build: dist/node_modules/.pnpm/date-fns@4.3.0/node_modules/date-fns/addYears.js                                                                                                                                                          0.16 kB │ gzip:  0.15 kB │ map:   1.38 kB
packages/ui-legacy build: dist/node_modules/.pnpm/react-day-picker@10.0.1_@types_react@19.2.15_react@19.2.6/node_modules/react-day-picker/dist/esm/components/NextMonthButton.js                                                                            0.17 kB │ gzip:  0.15 kB │ map:   0.71 kB
packages/ui-legacy build: dist/node_modules/.pnpm/react-day-picker@10.0.1_@types_react@19.2.15_react@19.2.6/node_modules/react-day-picker/dist/esm/helpers/getWeeks.js                                                                                      0.17 kB │ gzip:  0.15 kB │ map:   0.85 kB
packages/ui-legacy build: dist/node_modules/.pnpm/recharts@3.8.1_@types_react@19.2.15_react-dom@19.2.6_react@19.2.6__react-is@19.2.6_react@19.2.6_redux@5.0.1/node_modules/recharts/es6/state/RechartsReduxContext.js                                       0.17 kB │ gzip:  0.15 kB │ map:   1.19 kB
packages/ui-legacy build: dist/node_modules/.pnpm/d3-array@3.2.4/node_modules/d3-array/src/ascending.js                                                                                                                                                     0.17 kB │ gzip:  0.15 kB │ map:   0.49 kB
packages/ui-legacy build: dist/node_modules/.pnpm/d3-interpolate@3.0.1/node_modules/d3-interpolate/src/round.js                                                                                                                                             0.17 kB │ gzip:  0.15 kB │ map:   0.53 kB
packages/ui-legacy build: dist/node_modules/.pnpm/d3-array@3.2.4/node_modules/d3-array/src/descending.js                                                                                                                                                    0.17 kB │ gzip:  0.15 kB │ map:   0.52 kB
packages/ui-legacy build: dist/node_modules/.pnpm/react-day-picker@10.0.1_@types_react@19.2.15_react@19.2.6/node_modules/react-day-picker/dist/esm/components/Week.js                                                                                       0.17 kB │ gzip:  0.16 kB │ map:   0.76 kB
packages/ui-legacy build: dist/node_modules/.pnpm/react-day-picker@10.0.1_@types_react@19.2.15_react@19.2.6/node_modules/react-day-picker/dist/esm/helpers/getFormatters.js                                                                                 0.17 kB │ gzip:  0.15 kB │ map:   0.86 kB
packages/ui-legacy build: dist/node_modules/.pnpm/react-day-picker@10.0.1_@types_react@19.2.15_react@19.2.6/node_modules/react-day-picker/dist/esm/components/PreviousMonthButton.js                                                                        0.17 kB │ gzip:  0.15 kB │ map:   0.73 kB
packages/ui-legacy build: dist/node_modules/.pnpm/d3-shape@3.2.0/node_modules/d3-shape/src/math.js                                                                                                                                                          0.18 kB │ gzip:  0.14 kB │ map:   0.84 kB
packages/ui-legacy build: dist/node_modules/.pnpm/@radix-ui_react-use-layout-effect@1.1.1_@types_react@19.2.15_react@19.2.6/node_modules/@radix-ui/react-use-layout-effect/dist/index.js                                                                    0.18 kB │ gzip:  0.16 kB │ map:   0.65 kB
packages/ui-legacy build: dist/node_modules/.pnpm/react-day-picker@10.0.1_@types_react@19.2.15_react@19.2.6/node_modules/react-day-picker/dist/esm/components/Day.js                                                                                        0.18 kB │ gzip:  0.17 kB │ map:   0.95 kB
packages/ui-legacy build: dist/node_modules/.pnpm/date-fns@4.3.0/node_modules/date-fns/getMonth.js                                                                                                                                                          0.18 kB │ gzip:  0.16 kB │ map:   1.00 kB
packages/ui-legacy build: dist/node_modules/.pnpm/react-day-picker@10.0.1_@types_react@19.2.15_react@19.2.6/node_modules/react-day-picker/dist/esm/components/Root.js                                                                                       0.18 kB │ gzip:  0.16 kB │ map:   0.76 kB
packages/ui-legacy build: dist/node_modules/.pnpm/react-day-picker@10.0.1_@types_react@19.2.15_react@19.2.6/node_modules/react-day-picker/dist/esm/components/WeekNumber.js                                                                                 0.18 kB │ gzip:  0.16 kB │ map:   0.78 kB
packages/ui-legacy build: dist/node_modules/.pnpm/date-fns@4.3.0/node_modules/date-fns/getYear.js                                                                                                                                                           0.18 kB │ gzip:  0.16 kB │ map:   0.97 kB
packages/ui-legacy build: dist/node_modules/.pnpm/react-day-picker@10.0.1_@types_react@19.2.15_react@19.2.6/node_modules/react-day-picker/dist/esm/helpers/getComponents.js                                                                                 0.19 kB │ gzip:  0.15 kB │ map:   0.98 kB
packages/ui-legacy build: dist/node_modules/.pnpm/date-fns@4.3.0/node_modules/date-fns/endOfISOWeek.js                                                                                                                                                      0.19 kB │ gzip:  0.16 kB │ map:   1.60 kB
packages/ui-legacy build: dist/node_modules/.pnpm/d3-array@3.2.4/node_modules/d3-array/src/max.js                                                                                                                                                           0.19 kB │ gzip:  0.16 kB │ map:   0.90 kB
packages/ui-legacy build: dist/node_modules/.pnpm/d3-array@3.2.4/node_modules/d3-array/src/min.js                                                                                                                                                           0.19 kB │ gzip:  0.16 kB │ map:   0.90 kB
packages/ui-legacy build: dist/node_modules/.pnpm/react-day-picker@10.0.1_@types_react@19.2.15_react@19.2.6/node_modules/react-day-picker/dist/esm/formatters/formatDay.js                                                                                  0.19 kB │ gzip:  0.16 kB │ map:   1.05 kB
packages/ui-legacy build: dist/node_modules/.pnpm/date-fns@4.3.0/node_modules/date-fns/isDate.js                                                                                                                                                            0.19 kB │ gzip:  0.17 kB │ map:   1.28 kB
packages/ui-legacy build: dist/node_modules/.pnpm/d3-format@3.1.2/node_modules/d3-format/src/exponent.js                                                                                                                                                    0.19 kB │ gzip:  0.17 kB │ map:   0.51 kB
packages/ui-legacy build: dist/node_modules/.pnpm/d3-format@3.1.2/node_modules/d3-format/src/formatNumerals.js                                                                                                                                              0.19 kB │ gzip:  0.16 kB │ map:   0.58 kB
packages/ui-legacy build: dist/node_modules/.pnpm/react-day-picker@10.0.1_@types_react@19.2.15_react@19.2.6/node_modules/react-day-picker/dist/esm/labels/labelGrid.js                                                                                      0.19 kB │ gzip:  0.17 kB │ map:   1.15 kB
packages/ui-legacy build: dist/node_modules/.pnpm/es-toolkit@1.47.0/node_modules/es-toolkit/compat/get.js                                                                                                                                                   0.19 kB │ gzip:  0.17 kB │ map:   0.33 kB
packages/ui-legacy build: dist/node_modules/.pnpm/date-fns@4.3.0/node_modules/date-fns/_lib/addLeadingZeros.js                                                                                                                                              0.19 kB │ gzip:  0.17 kB │ map:   0.64 kB
packages/ui-legacy build: dist/node_modules/.pnpm/d3-shape@3.2.0/node_modules/d3-shape/src/symbol/square.js                                                                                                                                                 0.19 kB │ gzip:  0.17 kB │ map:   0.60 kB
packages/ui-legacy build: dist/node_modules/.pnpm/date-fns@4.3.0/node_modules/date-fns/startOfISOWeek.js                                                                                                                                                    0.19 kB │ gzip:  0.16 kB │ map:   1.63 kB
packages/ui-legacy build: dist/node_modules/.pnpm/recharts@3.8.1_@types_react@19.2.15_react-dom@19.2.6_react@19.2.6__react-is@19.2.6_react@19.2.6_redux@5.0.1/node_modules/recharts/es6/util/Global.js                                                      0.19 kB │ gzip:  0.16 kB │ map:   0.70 kB
packages/ui-legacy build: dist/node_modules/.pnpm/recharts@3.8.1_@types_react@19.2.15_react-dom@19.2.6_react@19.2.6__react-is@19.2.6_react@19.2.6_redux@5.0.1/node_modules/recharts/es6/state/selectors/numberDomainEqualityCheck.js                        0.19 kB │ gzip:  0.16 kB │ map:   0.74 kB
packages/ui-legacy build: dist/node_modules/.pnpm/es-toolkit@1.47.0/node_modules/es-toolkit/compat/range.js                                                                                                                                                 0.19 kB │ gzip:  0.17 kB │ map:   0.34 kB
packages/ui-legacy build: dist/node_modules/.pnpm/react-day-picker@10.0.1_@types_react@19.2.15_react@19.2.6/node_modules/react-day-picker/dist/esm/labels/labelWeekday.js                                                                                   0.20 kB │ gzip:  0.17 kB │ map:   1.15 kB
packages/ui-legacy build: dist/node_modules/.pnpm/recharts@3.8.1_@types_react@19.2.15_react-dom@19.2.6_react@19.2.6__react-is@19.2.6_react@19.2.6_redux@5.0.1/node_modules/recharts/es6/context/PanoramaContext.js                                          0.20 kB │ gzip:  0.17 kB │ map:   0.87 kB
packages/ui-legacy build: dist/node_modules/.pnpm/date-fns@4.3.0/node_modules/date-fns/constants.js                                                                                                                                                         0.20 kB │ gzip:  0.17 kB │ map:   4.88 kB
packages/ui-legacy build: dist/node_modules/.pnpm/react-day-picker@10.0.1_@types_react@19.2.15_react@19.2.6/node_modules/react-day-picker/dist/esm/formatters/formatCaption.js                                                                              0.20 kB │ gzip:  0.17 kB │ map:   1.14 kB
packages/ui-legacy build: dist/node_modules/.pnpm/es-toolkit@1.47.0/node_modules/es-toolkit/compat/sortBy.js                                                                                                                                                0.20 kB │ gzip:  0.17 kB │ map:   0.34 kB
packages/ui-legacy build: dist/node_modules/.pnpm/es-toolkit@1.47.0/node_modules/es-toolkit/compat/uniqBy.js                                                                                                                                                0.20 kB │ gzip:  0.17 kB │ map:   0.34 kB
packages/ui-legacy build: dist/node_modules/.pnpm/d3-format@3.1.2/node_modules/d3-format/src/precisionRound.js                                                                                                                                              0.20 kB │ gzip:  0.17 kB │ map:   0.63 kB
packages/ui-legacy build: dist/node_modules/.pnpm/recharts@3.8.1_@types_react@19.2.15_react-dom@19.2.6_react@19.2.6__react-is@19.2.6_react@19.2.6_redux@5.0.1/node_modules/recharts/es6/util/Events.js                                                      0.20 kB │ gzip:  0.18 kB │ map:   0.63 kB
packages/ui-legacy build: dist/node_modules/.pnpm/recharts@3.8.1_@types_react@19.2.15_react-dom@19.2.6_react@19.2.6__react-is@19.2.6_react@19.2.6_redux@5.0.1/node_modules/recharts/es6/state/selectors/combiners/combineAxisRangeWithReverse.js            0.20 kB │ gzip:  0.17 kB │ map:   0.88 kB
packages/ui-legacy build: dist/node_modules/.pnpm/react-day-picker@10.0.1_@types_react@19.2.15_react@19.2.6/node_modules/react-day-picker/dist/esm/formatters/formatYearDropdown.js                                                                         0.20 kB │ gzip:  0.17 kB │ map:   0.95 kB
packages/ui-legacy build: dist/_virtual/with-selector3.js                                                                                                                                                                                                   0.20 kB │ gzip:  0.16 kB │ map:   0.10 kB
packages/ui-legacy build: dist/node_modules/.pnpm/react-day-picker@10.0.1_@types_react@19.2.15_react@19.2.6/node_modules/react-day-picker/dist/esm/formatters/formatMonthDropdown.js                                                                        0.20 kB │ gzip:  0.17 kB │ map:   1.03 kB
packages/ui-legacy build: dist/node_modules/.pnpm/react-day-picker@10.0.1_@types_react@19.2.15_react@19.2.6/node_modules/react-day-picker/dist/esm/helpers/useControlledValue.js                                                                            0.20 kB │ gzip:  0.17 kB │ map:   1.78 kB
packages/ui-legacy build: dist/node_modules/.pnpm/react-day-picker@10.0.1_@types_react@19.2.15_react@19.2.6/node_modules/react-day-picker/dist/esm/formatters/formatWeekdayName.js                                                                          0.21 kB │ gzip:  0.17 kB │ map:   1.17 kB
packages/ui-legacy build: dist/node_modules/.pnpm/es-toolkit@1.47.0/node_modules/es-toolkit/compat/throttle.js                                                                                                                                              0.21 kB │ gzip:  0.17 kB │ map:   0.36 kB
packages/ui-legacy build: dist/node_modules/.pnpm/d3-interpolate@3.0.1/node_modules/d3-interpolate/src/date.js                                                                                                                                              0.21 kB │ gzip:  0.18 kB │ map:   0.58 kB
packages/ui-legacy build: dist/node_modules/.pnpm/react-day-picker@10.0.1_@types_react@19.2.15_react@19.2.6/node_modules/react-day-picker/dist/esm/components/Month.js                                                                                      0.21 kB │ gzip:  0.18 kB │ map:   0.88 kB
packages/ui-legacy build: dist/node_modules/.pnpm/react-day-picker@10.0.1_@types_react@19.2.15_react@19.2.6/node_modules/react-day-picker/dist/esm/components/Weekdays.js                                                                                   0.21 kB │ gzip:  0.18 kB │ map:   0.80 kB
packages/ui-legacy build: dist/node_modules/.pnpm/react-day-picker@10.0.1_@types_react@19.2.15_react@19.2.6/node_modules/react-day-picker/dist/esm/components/MonthCaption.js                                                                               0.21 kB │ gzip:  0.18 kB │ map:   0.85 kB
packages/ui-legacy build: dist/node_modules/.pnpm/date-fns@4.3.0/node_modules/date-fns/startOfDay.js                                                                                                                                                        0.21 kB │ gzip:  0.18 kB │ map:   1.56 kB
packages/ui-legacy build: dist/node_modules/.pnpm/d3-array@3.2.4/node_modules/d3-array/src/number.js                                                                                                                                                        0.21 kB │ gzip:  0.18 kB │ map:   0.91 kB
packages/ui-legacy build: dist/node_modules/.pnpm/d3-format@3.1.2/node_modules/d3-format/src/precisionPrefix.js                                                                                                                                             0.22 kB │ gzip:  0.18 kB │ map:   0.65 kB
packages/ui-legacy build: dist/node_modules/.pnpm/d3-array@3.2.4/node_modules/d3-array/src/bisect.js                                                                                                                                                        0.22 kB │ gzip:  0.17 kB │ map:   0.70 kB
packages/ui-legacy build: dist/node_modules/.pnpm/recharts@3.8.1_@types_react@19.2.15_react-dom@19.2.6_react@19.2.6__react-is@19.2.6_react@19.2.6_redux@5.0.1/node_modules/recharts/es6/state/selectors/containerSelectors.js                               0.22 kB │ gzip:  0.16 kB │ map:   0.77 kB
packages/ui-legacy build: dist/node_modules/.pnpm/recharts@3.8.1_@types_react@19.2.15_react-dom@19.2.6_react@19.2.6__react-is@19.2.6_react@19.2.6_redux@5.0.1/node_modules/recharts/es6/context/legendPortalContext.js                                      0.22 kB │ gzip:  0.17 kB │ map:   0.67 kB
packages/ui-legacy build: dist/node_modules/.pnpm/d3-shape@3.2.0/node_modules/d3-shape/src/symbol/circle.js                                                                                                                                                 0.22 kB │ gzip:  0.18 kB │ map:   0.64 kB
packages/ui-legacy build: dist/node_modules/.pnpm/recharts@3.8.1_@types_react@19.2.15_react-dom@19.2.6_react@19.2.6__react-is@19.2.6_react@19.2.6_redux@5.0.1/node_modules/recharts/es6/context/tooltipPortalContext.js                                     0.22 kB │ gzip:  0.17 kB │ map:   0.67 kB
packages/ui-legacy build: dist/node_modules/.pnpm/date-fns@4.3.0/node_modules/date-fns/isValid.js                                                                                                                                                           0.23 kB │ gzip:  0.18 kB │ map:   1.42 kB
packages/ui-legacy build: dist/node_modules/.pnpm/recharts@3.8.1_@types_react@19.2.15_react-dom@19.2.6_react@19.2.6__react-is@19.2.6_react@19.2.6_redux@5.0.1/node_modules/recharts/es6/util/payload/getUniqPayload.js                                      0.23 kB │ gzip:  0.18 kB │ map:   1.08 kB
packages/ui-legacy build: dist/node_modules/.pnpm/date-fns@4.3.0/node_modules/date-fns/startOfMonth.js                                                                                                                                                      0.23 kB │ gzip:  0.19 kB │ map:   1.64 kB
packages/ui-legacy build: dist/node_modules/.pnpm/date-fns@4.3.0/node_modules/date-fns/_lib/normalizeInterval.js                                                                                                                                            0.23 kB │ gzip:  0.18 kB │ map:   0.67 kB
packages/ui-legacy build: dist/_virtual/with-selector.js                                                                                                                                                                                                    0.23 kB │ gzip:  0.18 kB │ map:   0.10 kB
packages/ui-legacy build: dist/node_modules/.pnpm/react-day-picker@10.0.1_@types_react@19.2.15_react@19.2.6/node_modules/react-day-picker/dist/esm/helpers/startOfBroadcastWeek.js                                                                          0.24 kB │ gzip:  0.19 kB │ map:   1.45 kB
packages/ui-legacy build: dist/node_modules/.pnpm/recharts@3.8.1_@types_react@19.2.15_react-dom@19.2.6_react@19.2.6__react-is@19.2.6_react@19.2.6_redux@5.0.1/node_modules/recharts/es6/util/isWellBehavedNumber.js                                         0.24 kB │ gzip:  0.17 kB │ map:   0.71 kB
packages/ui-legacy build: dist/node_modules/.pnpm/date-fns@4.3.0/node_modules/date-fns/locale/_lib/buildFormatLongFn.js                                                                                                                                     0.24 kB │ gzip:  0.18 kB │ map:   0.76 kB
packages/ui-legacy build: dist/node_modules/.pnpm/react-day-picker@10.0.1_@types_react@19.2.15_react@19.2.6/node_modules/react-day-picker/dist/esm/components/YearsDropdown.js                                                                              0.25 kB │ gzip:  0.20 kB │ map:   0.88 kB
packages/ui-legacy build: dist/node_modules/.pnpm/date-fns@4.3.0/node_modules/date-fns/_lib/normalizeDates.js                                                                                                                                               0.25 kB │ gzip:  0.20 kB │ map:   0.73 kB
packages/ui-legacy build: dist/node_modules/.pnpm/react-day-picker@10.0.1_@types_react@19.2.15_react@19.2.6/node_modules/react-day-picker/dist/esm/helpers/getDays.js                                                                                       0.25 kB │ gzip:  0.18 kB │ map:   1.25 kB
packages/ui-legacy build: dist/node_modules/.pnpm/date-fns@4.3.0/node_modules/date-fns/startOfYear.js                                                                                                                                                       0.25 kB │ gzip:  0.20 kB │ map:   1.66 kB
packages/ui-legacy build: dist/node_modules/.pnpm/d3-scale@4.0.2/node_modules/d3-scale/src/nice.js                                                                                                                                                          0.25 kB │ gzip:  0.20 kB │ map:   0.96 kB
packages/ui-legacy build: dist/node_modules/.pnpm/react-day-picker@10.0.1_@types_react@19.2.15_react@19.2.6/node_modules/react-day-picker/dist/esm/components/MonthsDropdown.js                                                                             0.26 kB │ gzip:  0.20 kB │ map:   0.88 kB
packages/ui-legacy build: dist/node_modules/.pnpm/recharts@3.8.1_@types_react@19.2.15_react-dom@19.2.6_react@19.2.6__react-is@19.2.6_react@19.2.6_redux@5.0.1/node_modules/recharts/es6/context/legendPayloadContext.js                                     0.26 kB │ gzip:  0.18 kB │ map:   0.82 kB
packages/ui-legacy build: dist/node_modules/.pnpm/d3-color@3.1.0/node_modules/d3-color/src/define.js                                                                                                                                                        0.26 kB │ gzip:  0.20 kB │ map:   0.88 kB
packages/ui-legacy build: dist/node_modules/.pnpm/react-day-picker@10.0.1_@types_react@19.2.15_react@19.2.6/node_modules/react-day-picker/dist/esm/labels/labelGridcell.js                                                                                  0.26 kB │ gzip:  0.21 kB │ map:   1.31 kB
packages/ui-legacy build: dist/node_modules/.pnpm/es-toolkit@1.47.0/node_modules/es-toolkit/dist/function/identity.js                                                                                                                                       0.26 kB │ gzip:  0.18 kB │ map:   0.82 kB
packages/ui-legacy build: dist/node_modules/.pnpm/d3-shape@3.2.0/node_modules/d3-shape/src/symbol/triangle.js                                                                                                                                               0.26 kB │ gzip:  0.20 kB │ map:   0.84 kB
packages/ui-legacy build: dist/node_modules/.pnpm/date-fns@4.3.0/node_modules/date-fns/endOfYear.js                                                                                                                                                         0.27 kB │ gzip:  0.22 kB │ map:   1.70 kB
packages/ui-legacy build: dist/node_modules/.pnpm/recharts@3.8.1_@types_react@19.2.15_react-dom@19.2.6_react@19.2.6__react-is@19.2.6_react@19.2.6_redux@5.0.1/node_modules/recharts/es6/context/accessibilityContext.js                                     0.27 kB │ gzip:  0.21 kB │ map:   0.81 kB
packages/ui-legacy build: dist/node_modules/.pnpm/react-day-picker@10.0.1_@types_react@19.2.15_react@19.2.6/node_modules/react-day-picker/dist/esm/formatters/formatWeekNumber.js                                                                           0.27 kB │ gzip:  0.20 kB │ map:   1.24 kB
packages/ui-legacy build: dist/node_modules/.pnpm/d3-format@3.1.2/node_modules/d3-format/src/defaultLocale.js                                                                                                                                               0.27 kB │ gzip:  0.21 kB │ map:   0.90 kB
packages/ui-legacy build: dist/node_modules/.pnpm/date-fns@4.3.0/node_modules/date-fns/isSameYear.js                                                                                                                                                        0.27 kB │ gzip:  0.21 kB │ map:   1.45 kB
packages/ui-legacy build: dist/node_modules/.pnpm/recharts@3.8.1_@types_react@19.2.15_react-dom@19.2.6_react@19.2.6__react-is@19.2.6_react@19.2.6_redux@5.0.1/node_modules/recharts/es6/util/getAxisTypeBasedOnLayout.js                                    0.27 kB │ gzip:  0.21 kB │ map:   1.08 kB
packages/ui-legacy build: dist/node_modules/.pnpm/date-fns@4.3.0/node_modules/date-fns/endOfMonth.js                                                                                                                                                        0.28 kB │ gzip:  0.22 kB │ map:   1.75 kB
packages/ui-legacy build: dist/node_modules/.pnpm/date-fns@4.3.0/node_modules/date-fns/locale/en-US/_lib/formatRelative.js                                                                                                                                  0.28 kB │ gzip:  0.19 kB │ map:   0.82 kB
packages/ui-legacy build: dist/node_modules/.pnpm/d3-time@3.1.0/node_modules/d3-time/src/duration.js                                                                                                                                                        0.28 kB │ gzip:  0.19 kB │ map:   0.74 kB
packages/ui-legacy build: dist/node_modules/.pnpm/d3-shape@3.2.0/node_modules/d3-shape/src/symbol/diamond.js                                                                                                                                                0.28 kB │ gzip:  0.21 kB │ map:   0.94 kB
packages/ui-legacy build: dist/node_modules/.pnpm/react-day-picker@10.0.1_@types_react@19.2.15_react@19.2.6/node_modules/react-day-picker/dist/esm/helpers/getDisplayMonths.js                                                                              0.28 kB │ gzip:  0.21 kB │ map:   1.54 kB
packages/ui-legacy build: dist/node_modules/.pnpm/react-day-picker@10.0.1_@types_react@19.2.15_react@19.2.6/node_modules/react-day-picker/dist/esm/helpers/getBroadcastWeeksInMonth.js                                                                      0.28 kB │ gzip:  0.21 kB │ map:   1.89 kB
packages/ui-legacy build: dist/node_modules/.pnpm/react-day-picker@10.0.1_@types_react@19.2.15_react@19.2.6/node_modules/react-day-picker/dist/esm/labels/labelDayButton.js                                                                                 0.29 kB │ gzip:  0.22 kB │ map:   1.54 kB
packages/ui-legacy build: dist/node_modules/.pnpm/date-fns@4.3.0/node_modules/date-fns/setYear.js                                                                                                                                                           0.29 kB │ gzip:  0.22 kB │ map:   1.81 kB
packages/ui-legacy build: dist/_virtual/index.js                                                                                                                                                                                                            0.29 kB │ gzip:  0.22 kB │ map:   0.09 kB
packages/ui-legacy build: dist/node_modules/.pnpm/d3-shape@3.2.0/node_modules/d3-shape/src/offset/none.js                                                                                                                                                   0.29 kB │ gzip:  0.21 kB │ map:   1.01 kB
packages/ui-legacy build: dist/node_modules/.pnpm/es-toolkit@1.47.0/node_modules/es-toolkit/dist/predicate/isLength.js                                                                                                                                      0.29 kB │ gzip:  0.21 kB │ map:   1.31 kB
packages/ui-legacy build: dist/node_modules/.pnpm/es-toolkit@1.47.0/node_modules/es-toolkit/dist/_internal/isUnsafeProperty.js                                                                                                                              0.30 kB │ gzip:  0.20 kB │ map:   0.95 kB
packages/ui-legacy build: dist/node_modules/.pnpm/recharts@3.8.1_@types_react@19.2.15_react-dom@19.2.6_react@19.2.6__react-is@19.2.6_react@19.2.6_redux@5.0.1/node_modules/recharts/es6/animation/createDefaultAnimationManager.js                          0.30 kB │ gzip:  0.19 kB │ map:   0.79 kB
packages/ui-legacy build: dist/node_modules/.pnpm/d3-array@3.2.4/node_modules/d3-array/src/range.js                                                                                                                                                         0.30 kB │ gzip:  0.24 kB │ map:   0.95 kB
packages/ui-legacy build: dist/node_modules/.pnpm/date-fns@4.3.0/node_modules/date-fns/constructFrom.js                                                                                                                                                     0.30 kB │ gzip:  0.21 kB │ map:   2.42 kB
packages/ui-legacy build: dist/node_modules/.pnpm/date-fns@4.3.0/node_modules/date-fns/isSameDay.js                                                                                                                                                         0.30 kB │ gzip:  0.22 kB │ map:   1.92 kB
packages/ui-legacy build: dist/node_modules/.pnpm/date-fns@4.3.0/node_modules/date-fns/addDays.js                                                                                                                                                           0.30 kB │ gzip:  0.22 kB │ map:   3.18 kB
packages/ui-legacy build: dist/_virtual/get.js                                                                                                                                                                                                              0.30 kB │ gzip:  0.22 kB │ map:   0.09 kB
packages/ui-legacy build: dist/node_modules/.pnpm/es-toolkit@1.47.0/node_modules/es-toolkit/dist/compat/predicate/isSymbol.js                                                                                                                               0.30 kB │ gzip:  0.21 kB │ map:   0.95 kB
packages/ui-legacy build: dist/_virtual/range.js                                                                                                                                                                                                            0.31 kB │ gzip:  0.22 kB │ map:   0.09 kB
packages/ui-legacy build: dist/node_modules/.pnpm/es-toolkit@1.47.0/node_modules/es-toolkit/dist/compat/predicate/isObjectLike.js                                                                                                                           0.31 kB │ gzip:  0.21 kB │ map:   1.38 kB
packages/ui-legacy build: dist/node_modules/.pnpm/date-fns@4.3.0/node_modules/date-fns/isSameMonth.js                                                                                                                                                       0.31 kB │ gzip:  0.22 kB │ map:   1.78 kB
packages/ui-legacy build: dist/_virtual/sortBy.js                                                                                                                                                                                                           0.31 kB │ gzip:  0.23 kB │ map:   0.09 kB
packages/ui-legacy build: dist/_virtual/uniqBy.js                                                                                                                                                                                                           0.31 kB │ gzip:  0.23 kB │ map:   0.09 kB
packages/ui-legacy build: dist/node_modules/.pnpm/recharts@3.8.1_@types_react@19.2.15_react-dom@19.2.6_react@19.2.6__react-is@19.2.6_react@19.2.6_redux@5.0.1/node_modules/recharts/es6/polar/defaultPolarRadiusAxisProps.js                                0.31 kB │ gzip:  0.21 kB │ map:   1.08 kB
packages/ui-legacy build: dist/lib/utils.js                                                                                                                                                                                                                 0.31 kB │ gzip:  0.21 kB │ map:   0.39 kB
packages/ui-legacy build: dist/node_modules/.pnpm/es-toolkit@1.47.0/node_modules/es-toolkit/dist/function/ary.js                                                                                                                                            0.31 kB │ gzip:  0.21 kB │ map:   1.15 kB
packages/ui-legacy build: dist/node_modules/.pnpm/react-day-picker@10.0.1_@types_react@19.2.15_react@19.2.6/node_modules/react-day-picker/dist/esm/helpers/getWeekdays.js                                                                                   0.31 kB │ gzip:  0.23 kB │ map:   1.76 kB
packages/ui-legacy build: dist/_virtual/throttle.js                                                                                                                                                                                                         0.31 kB │ gzip:  0.23 kB │ map:   0.10 kB
packages/ui-legacy build: dist/node_modules/.pnpm/recharts@3.8.1_@types_react@19.2.15_react-dom@19.2.6_react@19.2.6__react-is@19.2.6_react@19.2.6_redux@5.0.1/node_modules/recharts/es6/state/selectors/combiners/combineActiveLabel.js                     0.32 kB │ gzip:  0.23 kB │ map:   1.09 kB
packages/ui-legacy build: dist/node_modules/.pnpm/es-toolkit@1.47.0/node_modules/es-toolkit/dist/predicate/isTypedArray.js                                                                                                                                  0.32 kB │ gzip:  0.22 kB │ map:   1.19 kB
packages/ui-legacy build: dist/components/icons/dynamic-icons.js                                                                                                                                                                                            0.32 kB │ gzip:  0.25 kB │ map:   3.24 kB
packages/ui-legacy build: dist/node_modules/.pnpm/recharts@3.8.1_@types_react@19.2.15_react-dom@19.2.6_react@19.2.6__react-is@19.2.6_react@19.2.6_redux@5.0.1/node_modules/recharts/es6/state/selectors/selectTooltipAxisType.js                            0.32 kB │ gzip:  0.22 kB │ map:   1.10 kB
packages/ui-legacy build: dist/node_modules/.pnpm/es-toolkit@1.47.0/node_modules/es-toolkit/dist/compat/predicate/isObject.js                                                                                                                               0.32 kB │ gzip:  0.22 kB │ map:   1.47 kB
packages/ui-legacy build: dist/node_modules/.pnpm/recharts@3.8.1_@types_react@19.2.15_react-dom@19.2.6_react@19.2.6__react-is@19.2.6_react@19.2.6_redux@5.0.1/node_modules/recharts/es6/polar/defaultPolarAngleAxisProps.js                                 0.32 kB │ gzip:  0.23 kB │ map:   1.14 kB
packages/ui-legacy build: dist/node_modules/.pnpm/react-day-picker@10.0.1_@types_react@19.2.15_react@19.2.6/node_modules/react-day-picker/dist/esm/helpers/endOfBroadcastWeek.js                                                                            0.32 kB │ gzip:  0.21 kB │ map:   1.39 kB
packages/ui-legacy build: dist/node_modules/.pnpm/react-day-picker@10.0.1_@types_react@19.2.15_react@19.2.6/node_modules/react-day-picker/dist/esm/utils/rangeOverlaps.js                                                                                   0.32 kB │ gzip:  0.21 kB │ map:   1.41 kB
packages/ui-legacy build: dist/node_modules/.pnpm/es-toolkit@1.47.0/node_modules/es-toolkit/dist/predicate/isPrimitive.js                                                                                                                                   0.33 kB │ gzip:  0.22 kB │ map:   1.41 kB
packages/ui-legacy build: dist/node_modules/.pnpm/react-day-picker@10.0.1_@types_react@19.2.15_react@19.2.6/node_modules/react-day-picker/dist/esm/useDayPicker.js                                                                                          0.33 kB │ gzip:  0.23 kB │ map:   1.36 kB
packages/ui-legacy build: dist/node_modules/.pnpm/d3-time@3.1.0/node_modules/d3-time/src/second.js                                                                                                                                                          0.33 kB │ gzip:  0.22 kB │ map:   0.94 kB
packages/ui-legacy build: dist/components/ui/skeleton.js                                                                                                                                                                                                    0.33 kB │ gzip:  0.25 kB │ map:   0.63 kB
packages/ui-legacy build: dist/node_modules/.pnpm/d3-shape@3.2.0/node_modules/d3-shape/src/offset/silhouette.js                                                                                                                                             0.33 kB │ gzip:  0.24 kB │ map:   1.03 kB
packages/ui-legacy build: dist/node_modules/.pnpm/recharts@3.8.1_@types_react@19.2.15_react-dom@19.2.6_react@19.2.6__react-is@19.2.6_react@19.2.6_redux@5.0.1/node_modules/recharts/es6/state/selectors/combiners/combineInverseScaleFunction.js            0.33 kB │ gzip:  0.22 kB │ map:   1.03 kB
packages/ui-legacy build: dist/node_modules/.pnpm/@date-fns_tz@1.5.0/node_modules/@date-fns/tz/tzName/index.js                                                                                                                                              0.33 kB │ gzip:  0.26 kB │ map:   2.03 kB
packages/ui-legacy build: dist/node_modules/.pnpm/d3-shape@3.2.0/node_modules/d3-shape/src/offset/expand.js                                                                                                                                                 0.33 kB │ gzip:  0.23 kB │ map:   1.02 kB
packages/ui-legacy build: dist/node_modules/.pnpm/react-day-picker@10.0.1_@types_react@19.2.15_react@19.2.6/node_modules/react-day-picker/dist/esm/components/DayButton.js                                                                                  0.33 kB │ gzip:  0.25 kB │ map:   1.15 kB
packages/ui-legacy build: dist/node_modules/.pnpm/recharts@3.8.1_@types_react@19.2.15_react-dom@19.2.6_react@19.2.6__react-is@19.2.6_react@19.2.6_redux@5.0.1/node_modules/recharts/es6/state/selectors/selectAllAxes.js                                    0.34 kB │ gzip:  0.21 kB │ map:   0.90 kB
packages/ui-legacy build: dist/node_modules/.pnpm/date-fns@4.3.0/node_modules/date-fns/getDayOfYear.js                                                                                                                                                      0.34 kB │ gzip:  0.22 kB │ map:   1.38 kB
packages/ui-legacy build: dist/node_modules/.pnpm/es-toolkit@1.47.0/node_modules/es-toolkit/dist/_internal/isEqualsSameValueZero.js                                                                                                                         0.34 kB │ gzip:  0.23 kB │ map:   1.11 kB
packages/ui-legacy build: dist/node_modules/.pnpm/react-day-picker@10.0.1_@types_react@19.2.15_react@19.2.6/node_modules/react-day-picker/dist/esm/utils/toTimeZone.js                                                                                      0.35 kB │ gzip:  0.22 kB │ map:   0.88 kB
packages/ui-legacy build: dist/node_modules/.pnpm/date-fns@4.3.0/node_modules/date-fns/differenceInCalendarMonths.js                                                                                                                                        0.35 kB │ gzip:  0.25 kB │ map:   1.85 kB
packages/ui-legacy build: dist/components/ui/page-content.js                                                                                                                                                                                                0.35 kB │ gzip:  0.26 kB │ map:   0.70 kB
packages/ui-legacy build: dist/node_modules/.pnpm/react-day-picker@10.0.1_@types_react@19.2.15_react@19.2.6/node_modules/react-day-picker/dist/esm/helpers/getStyleForModifiers.js                                                                          0.35 kB │ gzip:  0.26 kB │ map:   1.58 kB
packages/ui-legacy build: dist/node_modules/.pnpm/es-toolkit@1.47.0/node_modules/es-toolkit/dist/compat/_internal/getTag.js                                                                                                                                 0.36 kB │ gzip:  0.25 kB │ map:   0.84 kB
packages/ui-legacy build: dist/node_modules/.pnpm/es-toolkit@1.47.0/node_modules/es-toolkit/dist/compat/_internal/getSymbols.js                                                                                                                             0.36 kB │ gzip:  0.25 kB │ map:   0.71 kB
packages/ui-legacy build: dist/node_modules/.pnpm/react-day-picker@10.0.1_@types_react@19.2.15_react@19.2.6/node_modules/react-day-picker/dist/esm/helpers/getNextMonth.js                                                                                  0.37 kB │ gzip:  0.25 kB │ map:   2.25 kB
packages/ui-legacy build: dist/node_modules/.pnpm/recharts@3.8.1_@types_react@19.2.15_react-dom@19.2.6_react@19.2.6__react-is@19.2.6_react@19.2.6_redux@5.0.1/node_modules/recharts/es6/util/useAnimationId.js                                              0.37 kB │ gzip:  0.25 kB │ map:   1.84 kB
packages/ui-legacy build: dist/_virtual/_commonjsHelpers.js                                                                                                                                                                                                 0.37 kB │ gzip:  0.25 kB │ map:   0.10 kB
packages/ui-legacy build: dist/node_modules/.pnpm/es-toolkit@1.47.0/node_modules/es-toolkit/dist/compat/object/cloneDeep.js                                                                                                                                 0.37 kB │ gzip:  0.23 kB │ map:   2.04 kB
packages/ui-legacy build: dist/node_modules/.pnpm/react-day-picker@10.0.1_@types_react@19.2.15_react@19.2.6/node_modules/react-day-picker/dist/esm/helpers/getClassNamesForModifiers.js                                                                     0.37 kB │ gzip:  0.27 kB │ map:   2.09 kB
packages/ui-legacy build: dist/node_modules/.pnpm/date-fns@4.3.0/node_modules/date-fns/getDaysInMonth.js                                                                                                                                                    0.37 kB │ gzip:  0.25 kB │ map:   1.68 kB
packages/ui-legacy build: dist/node_modules/.pnpm/d3-format@3.1.2/node_modules/d3-format/src/formatGroup.js                                                                                                                                                 0.37 kB │ gzip:  0.27 kB │ map:   1.21 kB
packages/ui-legacy build: dist/node_modules/.pnpm/d3-interpolate@3.0.1/node_modules/d3-interpolate/src/piecewise.js                                                                                                                                         0.37 kB │ gzip:  0.27 kB │ map:   1.15 kB
packages/ui-legacy build: dist/node_modules/.pnpm/d3-interpolate@3.0.1/node_modules/d3-interpolate/src/numberArray.js                                                                                                                                       0.38 kB │ gzip:  0.27 kB │ map:   1.01 kB
packages/ui-legacy build: dist/node_modules/.pnpm/react-day-picker@10.0.1_@types_react@19.2.15_react@19.2.6/node_modules/react-day-picker/dist/esm/helpers/getPreviousMonth.js                                                                              0.38 kB │ gzip:  0.25 kB │ map:   2.28 kB
packages/ui-legacy build: dist/node_modules/.pnpm/d3-interpolate@3.0.1/node_modules/d3-interpolate/src/object.js                                                                                                                                            0.38 kB │ gzip:  0.25 kB │ map:   1.10 kB
packages/ui-legacy build: dist/node_modules/.pnpm/date-fns@4.3.0/node_modules/date-fns/startOfISOWeekYear.js                                                                                                                                                0.38 kB │ gzip:  0.23 kB │ map:   2.23 kB
packages/ui-legacy build: dist/node_modules/.pnpm/es-toolkit@1.47.0/node_modules/es-toolkit/dist/compat/predicate/isMatch.js                                                                                                                                0.38 kB │ gzip:  0.24 kB │ map:   1.64 kB
packages/ui-legacy build: dist/node_modules/.pnpm/es-toolkit@1.47.0/node_modules/es-toolkit/dist/compat/object/property.js                                                                                                                                  0.38 kB │ gzip:  0.24 kB │ map:   1.38 kB
packages/ui-legacy build: dist/node_modules/.pnpm/d3-format@3.1.2/node_modules/d3-format/src/formatRounded.js                                                                                                                                               0.38 kB │ gzip:  0.27 kB │ map:   1.17 kB
packages/ui-legacy build: dist/node_modules/.pnpm/es-toolkit@1.47.0/node_modules/es-toolkit/dist/compat/util/toNumber.js                                                                                                                                    0.38 kB │ gzip:  0.25 kB │ map:   1.14 kB
packages/ui-legacy build: dist/node_modules/.pnpm/recharts@3.8.1_@types_react@19.2.15_react-dom@19.2.6_react@19.2.6__react-is@19.2.6_react@19.2.6_redux@5.0.1/node_modules/recharts/es6/util/cursor/getCursorRectangle.js                                   0.39 kB │ gzip:  0.24 kB │ map:   1.29 kB
packages/ui-legacy build: dist/node_modules/.pnpm/d3-interpolate@3.0.1/node_modules/d3-interpolate/src/array.js                                                                                                                                             0.39 kB │ gzip:  0.25 kB │ map:   1.34 kB
packages/ui-legacy build: dist/node_modules/.pnpm/date-fns@4.3.0/node_modules/date-fns/max.js                                                                                                                                                               0.39 kB │ gzip:  0.27 kB │ map:   2.09 kB
packages/ui-legacy build: dist/node_modules/.pnpm/date-fns@4.3.0/node_modules/date-fns/min.js                                                                                                                                                               0.39 kB │ gzip:  0.27 kB │ map:   2.10 kB
packages/ui-legacy build: dist/node_modules/.pnpm/recharts@3.8.1_@types_react@19.2.15_react-dom@19.2.6_react@19.2.6__react-is@19.2.6_react@19.2.6_redux@5.0.1/node_modules/recharts/es6/animation/useAnimationManager.js                                    0.39 kB │ gzip:  0.25 kB │ map:   1.34 kB
packages/ui-legacy build: dist/node_modules/.pnpm/date-fns@4.3.0/node_modules/date-fns/getWeek.js                                                                                                                                                           0.40 kB │ gzip:  0.25 kB │ map:   2.39 kB
packages/ui-legacy build: dist/node_modules/.pnpm/recharts@3.8.1_@types_react@19.2.15_react-dom@19.2.6_react@19.2.6__react-is@19.2.6_react@19.2.6_redux@5.0.1/node_modules/recharts/es6/util/cursor/getRadialCursorPoints.js                                0.40 kB │ gzip:  0.24 kB │ map:   1.44 kB
packages/ui-legacy build: dist/node_modules/.pnpm/d3-time@3.1.0/node_modules/d3-time/src/millisecond.js                                                                                                                                                     0.41 kB │ gzip:  0.26 kB │ map:   1.40 kB
packages/ui-legacy build: dist/node_modules/.pnpm/redux@5.0.1/node_modules/redux/dist/redux.js                                                                                                                                                              0.41 kB │ gzip:  0.24 kB │ map:  17.93 kB
packages/ui-legacy build: dist/node_modules/.pnpm/recharts@3.8.1_@types_react@19.2.15_react-dom@19.2.6_react@19.2.6__react-is@19.2.6_react@19.2.6_redux@5.0.1/node_modules/recharts/es6/state/selectors/arrayEqualityCheck.js                               0.41 kB │ gzip:  0.25 kB │ map:   1.52 kB
packages/ui-legacy build: dist/node_modules/.pnpm/es-toolkit@1.47.0/node_modules/es-toolkit/dist/compat/_internal/toKey.js                                                                                                                                  0.41 kB │ gzip:  0.27 kB │ map:   0.93 kB
packages/ui-legacy build: dist/node_modules/.pnpm/date-fns@4.3.0/node_modules/date-fns/getISOWeek.js                                                                                                                                                        0.41 kB │ gzip:  0.25 kB │ map:   1.77 kB
packages/ui-legacy build: dist/node_modules/.pnpm/recharts@3.8.1_@types_react@19.2.15_react-dom@19.2.6_react@19.2.6__react-is@19.2.6_react@19.2.6_redux@5.0.1/node_modules/recharts/es6/util/svgPropertiesAndEvents.js                                      0.41 kB │ gzip:  0.28 kB │ map:   2.79 kB
packages/ui-legacy build: dist/node_modules/.pnpm/es-toolkit@1.47.0/node_modules/es-toolkit/dist/object/cloneDeep.js                                                                                                                                        0.41 kB │ gzip:  0.25 kB │ map:   2.13 kB
packages/ui-legacy build: dist/node_modules/.pnpm/react-day-picker@10.0.1_@types_react@19.2.15_react@19.2.6/node_modules/react-day-picker/dist/esm/utils/rangeIncludesDate.js                                                                               0.42 kB │ gzip:  0.28 kB │ map:   2.06 kB
packages/ui-legacy build: dist/node_modules/.pnpm/d3-shape@3.2.0/node_modules/d3-shape/src/symbol/cross.js                                                                                                                                                  0.42 kB │ gzip:  0.22 kB │ map:   1.33 kB
packages/ui-legacy build: dist/node_modules/.pnpm/react-day-picker@10.0.1_@types_react@19.2.15_react@19.2.6/node_modules/react-day-picker/dist/esm/helpers/getInitialMonth.js                                                                               0.42 kB │ gzip:  0.28 kB │ map:   2.02 kB
packages/ui-legacy build: dist/node_modules/.pnpm/react-day-picker@10.0.1_@types_react@19.2.15_react@19.2.6/node_modules/react-day-picker/dist/esm/helpers/getMonthOptions.js                                                                               0.42 kB │ gzip:  0.29 kB │ map:   2.31 kB
packages/ui-legacy build: dist/node_modules/.pnpm/es-toolkit@1.47.0/node_modules/es-toolkit/dist/predicate/isBuffer.js                                                                                                                                      0.42 kB │ gzip:  0.26 kB │ map:   1.42 kB
packages/ui-legacy build: dist/node_modules/.pnpm/react-day-picker@10.0.1_@types_react@19.2.15_react@19.2.6/node_modules/react-day-picker/dist/esm/helpers/getDefaultClassNames.js                                                                          0.42 kB │ gzip:  0.24 kB │ map:   1.69 kB
packages/ui-legacy build: dist/node_modules/.pnpm/d3-format@3.1.2/node_modules/d3-format/src/formatTrim.js                                                                                                                                                  0.42 kB │ gzip:  0.25 kB │ map:   1.10 kB
packages/ui-legacy build: dist/node_modules/.pnpm/es-toolkit@1.47.0/node_modules/es-toolkit/dist/compat/predicate/isArrayLike.js                                                                                                                            0.42 kB │ gzip:  0.26 kB │ map:   1.17 kB
packages/ui-legacy build: dist/node_modules/.pnpm/es-toolkit@1.47.0/node_modules/es-toolkit/dist/compat/_internal/isDeepKey.js                                                                                                                              0.43 kB │ gzip:  0.25 kB │ map:   1.28 kB
packages/ui-legacy build: dist/node_modules/.pnpm/es-toolkit@1.47.0/node_modules/es-toolkit/dist/compat/predicate/isArguments.js                                                                                                                            0.43 kB │ gzip:  0.27 kB │ map:   1.62 kB
packages/ui-legacy build: dist/node_modules/.pnpm/react-day-picker@10.0.1_@types_react@19.2.15_react@19.2.6/node_modules/react-day-picker/dist/esm/helpers/getYearOptions.js                                                                                0.43 kB │ gzip:  0.29 kB │ map:   2.28 kB
packages/ui-legacy build: dist/node_modules/.pnpm/es-toolkit@1.47.0/node_modules/es-toolkit/dist/array/uniqBy.js                                                                                                                                            0.43 kB │ gzip:  0.30 kB │ map:   1.91 kB
packages/ui-legacy build: dist/node_modules/.pnpm/date-fns@4.3.0/node_modules/date-fns/_lib/getTimezoneOffsetInMilliseconds.js                                                                                                                              0.44 kB │ gzip:  0.25 kB │ map:   1.68 kB
packages/ui-legacy build: dist/node_modules/.pnpm/react-day-picker@10.0.1_@types_react@19.2.15_react@19.2.6/node_modules/react-day-picker/dist/esm/utils/rangeContainsDayOfWeek.js                                                                          0.44 kB │ gzip:  0.31 kB │ map:   1.91 kB
packages/ui-legacy build: dist/hooks/use-mobile.js                                                                                                                                                                                                          0.44 kB │ gzip:  0.30 kB │ map:   1.19 kB
packages/ui-legacy build: dist/node_modules/.pnpm/use-sync-external-store@1.6.0_react@19.2.6/node_modules/use-sync-external-store/shim/index.js                                                                                                             0.45 kB │ gzip:  0.26 kB │ map:   0.61 kB
packages/ui-legacy build: dist/node_modules/.pnpm/recharts@3.8.1_@types_react@19.2.15_react-dom@19.2.6_react@19.2.6__react-is@19.2.6_react@19.2.6_redux@5.0.1/node_modules/recharts/es6/util/scale/util/arithmetic.js                                       0.45 kB │ gzip:  0.31 kB │ map:   2.14 kB
packages/ui-legacy build: dist/node_modules/.pnpm/d3-shape@3.2.0/node_modules/d3-shape/src/path.js                                                                                                                                                          0.45 kB │ gzip:  0.30 kB │ map:   0.99 kB
packages/ui-legacy build: dist/node_modules/.pnpm/date-fns@4.3.0/node_modules/date-fns/locale/_lib/buildMatchPatternFn.js                                                                                                                                   0.45 kB │ gzip:  0.26 kB │ map:   1.43 kB
packages/ui-legacy build: dist/node_modules/.pnpm/date-fns@4.3.0/node_modules/date-fns/setMonth.js                                                                                                                                                          0.46 kB │ gzip:  0.28 kB │ map:   2.25 kB
packages/ui-legacy build: dist/node_modules/.pnpm/es-toolkit@1.47.0/node_modules/es-toolkit/dist/compat/util/toString.js                                                                                                                                    0.46 kB │ gzip:  0.28 kB │ map:   1.44 kB
packages/ui-legacy build: dist/node_modules/.pnpm/d3-format@3.1.2/node_modules/d3-format/src/formatDecimal.js                                                                                                                                               0.46 kB │ gzip:  0.31 kB │ map:   1.63 kB
packages/ui-legacy build: dist/node_modules/.pnpm/es-toolkit@1.47.0/node_modules/es-toolkit/dist/compat/predicate/matches.js                                                                                                                                0.46 kB │ gzip:  0.27 kB │ map:   1.80 kB
packages/ui-legacy build: dist/node_modules/.pnpm/es-toolkit@1.47.0/node_modules/es-toolkit/dist/array/flatten.js                                                                                                                                           0.47 kB │ gzip:  0.30 kB │ map:   1.80 kB
packages/ui-legacy build: dist/node_modules/.pnpm/es-toolkit@1.47.0/node_modules/es-toolkit/dist/compat/util/toFinite.js                                                                                                                                    0.47 kB │ gzip:  0.29 kB │ map:   1.32 kB
packages/ui-legacy build: dist/node_modules/.pnpm/react-day-picker@10.0.1_@types_react@19.2.15_react@19.2.6/node_modules/react-day-picker/dist/esm/useSelection.js                                                                                          0.47 kB │ gzip:  0.24 kB │ map:   1.62 kB
packages/ui-legacy build: dist/node_modules/.pnpm/use-sync-external-store@1.6.0_react@19.2.6/node_modules/use-sync-external-store/with-selector.js                                                                                                          0.48 kB │ gzip:  0.27 kB │ map:   0.64 kB
packages/ui-legacy build: dist/node_modules/.pnpm/recharts@3.8.1_@types_react@19.2.15_react-dom@19.2.6_react@19.2.6__react-is@19.2.6_react@19.2.6_redux@5.0.1/node_modules/recharts/es6/animation/timeoutController.js                                      0.48 kB │ gzip:  0.28 kB │ map:   1.83 kB
packages/ui-legacy build: dist/node_modules/.pnpm/@radix-ui_react-id@1.1.1_@types_react@19.2.15_react@19.2.6/node_modules/@radix-ui/react-id/dist/index.js                                                                                                  0.48 kB │ gzip:  0.33 kB │ map:   1.22 kB
packages/ui-legacy build: dist/node_modules/.pnpm/d3-array@3.2.4/node_modules/d3-array/src/sort.js                                                                                                                                                          0.48 kB │ gzip:  0.30 kB │ map:   1.99 kB
packages/ui-legacy build: dist/node_modules/.pnpm/react-day-picker@10.0.1_@types_react@19.2.15_react@19.2.6/node_modules/react-day-picker/dist/esm/helpers/getNavMonth.js                                                                                   0.48 kB │ gzip:  0.30 kB │ map:   2.08 kB
packages/ui-legacy build: dist/node_modules/.pnpm/es-toolkit@1.47.0/node_modules/es-toolkit/dist/compat/predicate/isArrayLikeObject.js                                                                                                                      0.49 kB │ gzip:  0.26 kB │ map:   1.34 kB
packages/ui-legacy build: dist/node_modules/.pnpm/d3-shape@3.2.0/node_modules/d3-shape/src/curve/linearClosed.js                                                                                                                                            0.49 kB │ gzip:  0.27 kB │ map:   1.28 kB
packages/ui-legacy build: dist/node_modules/.pnpm/es-toolkit@1.47.0/node_modules/es-toolkit/dist/compat/function/throttle.js                                                                                                                                0.49 kB │ gzip:  0.29 kB │ map:   2.35 kB
packages/ui-legacy build: dist/node_modules/.pnpm/use-sync-external-store@1.6.0_react@19.2.6/node_modules/use-sync-external-store/shim/with-selector.js                                                                                                     0.49 kB │ gzip:  0.27 kB │ map:   0.66 kB
packages/ui-legacy build: dist/node_modules/.pnpm/recharts@3.8.1_@types_react@19.2.15_react-dom@19.2.6_react@19.2.6__react-is@19.2.6_react@19.2.6_redux@5.0.1/node_modules/recharts/es6/util/PolarUtils.js                                                  0.50 kB │ gzip:  0.32 kB │ map:   5.49 kB
packages/ui-legacy build: dist/node_modules/.pnpm/date-fns@4.3.0/node_modules/date-fns/addMonths.js                                                                                                                                                         0.50 kB │ gzip:  0.30 kB │ map:   3.98 kB
packages/ui-legacy build: dist/node_modules/.pnpm/es-toolkit@1.47.0/node_modules/es-toolkit/dist/compat/_internal/isIndex.js                                                                                                                                0.50 kB │ gzip:  0.32 kB │ map:   0.99 kB
packages/ui-legacy build: dist/node_modules/.pnpm/recharts@3.8.1_@types_react@19.2.15_react-dom@19.2.6_react@19.2.6__react-is@19.2.6_react@19.2.6_redux@5.0.1/node_modules/recharts/es6/state/selectors/rootPropsSelectors.js                               0.50 kB │ gzip:  0.24 kB │ map:   1.52 kB
packages/ui-legacy build: dist/node_modules/.pnpm/recharts@3.8.1_@types_react@19.2.15_react-dom@19.2.6_react@19.2.6__react-is@19.2.6_react@19.2.6_redux@5.0.1/node_modules/recharts/es6/state/selectors/legendSelectors.js                                  0.50 kB │ gzip:  0.29 kB │ map:   1.35 kB
packages/ui-legacy build: dist/node_modules/.pnpm/d3-interpolate@3.0.1/node_modules/d3-interpolate/src/rgb.js                                                                                                                                               0.51 kB │ gzip:  0.31 kB │ map:   2.19 kB
packages/ui-legacy build: dist/node_modules/.pnpm/react-day-picker@10.0.1_@types_react@19.2.15_react@19.2.6/node_modules/react-day-picker/dist/esm/selection/useSingle.js                                                                                   0.51 kB │ gzip:  0.32 kB │ map:   2.57 kB
packages/ui-legacy build: dist/components/icons/svg/dot--16.svg.js                                                                                                                                                                                          0.51 kB │ gzip:  0.33 kB │ map:   1.15 kB
packages/ui-legacy build: dist/node_modules/.pnpm/d3-interpolate@3.0.1/node_modules/d3-interpolate/src/color.js                                                                                                                                             0.52 kB │ gzip:  0.28 kB │ map:   1.63 kB
packages/ui-legacy build: dist/components/ui/visually-hidden.js                                                                                                                                                                                             0.53 kB │ gzip:  0.34 kB │ map:   1.06 kB
packages/ui-legacy build: dist/components/icons/svg/placeholder--32.svg.js                                                                                                                                                                                  0.53 kB │ gzip:  0.34 kB │ map:   1.20 kB
packages/ui-legacy build: dist/components/icons/svg/placeholder--16.svg.js                                                                                                                                                                                  0.53 kB │ gzip:  0.35 kB │ map:   1.20 kB
packages/ui-legacy build: dist/components/icons/svg/placeholder--24.svg.js                                                                                                                                                                                  0.53 kB │ gzip:  0.34 kB │ map:   1.20 kB
packages/ui-legacy build: dist/node_modules/.pnpm/d3-shape@3.2.0/node_modules/d3-shape/src/symbol/star.js                                                                                                                                                   0.53 kB │ gzip:  0.34 kB │ map:   1.57 kB
packages/ui-legacy build: dist/node_modules/.pnpm/date-fns@4.3.0/node_modules/date-fns/eachMonthOfInterval.js                                                                                                                                               0.53 kB │ gzip:  0.33 kB │ map:   2.81 kB
packages/ui-legacy build: dist/node_modules/.pnpm/d3-time@3.1.0/node_modules/d3-time/src/minute.js                                                                                                                                                          0.54 kB │ gzip:  0.27 kB │ map:   1.60 kB
packages/ui-legacy build: dist/node_modules/.pnpm/date-fns@4.3.0/node_modules/date-fns/eachYearOfInterval.js                                                                                                                                                0.54 kB │ gzip:  0.33 kB │ map:   2.98 kB
packages/ui-legacy build: dist/components/icons/svg/tape-slot-empty--32.svg.js                                                                                                                                                                              0.54 kB │ gzip:  0.36 kB │ map:   1.21 kB
packages/ui-legacy build: dist/node_modules/.pnpm/@radix-ui_react-compose-refs@1.1.2_@types_react@19.2.15_react@19.2.6/node_modules/@radix-ui/react-compose-refs/dist/index.js                                                                              0.54 kB │ gzip:  0.30 kB │ map:   1.96 kB
packages/ui-legacy build: dist/node_modules/.pnpm/d3-format@3.1.2/node_modules/d3-format/src/formatPrefixAuto.js                                                                                                                                            0.54 kB │ gzip:  0.36 kB │ map:   1.60 kB
packages/ui-legacy build: dist/node_modules/.pnpm/clsx@2.1.1/node_modules/clsx/dist/clsx.js                                                                                                                                                                 0.54 kB │ gzip:  0.30 kB │ map:   1.21 kB
packages/ui-legacy build: dist/components/icons/svg/menu-ab--32.svg.js                                                                                                                                                                                      0.54 kB │ gzip:  0.35 kB │ map:   1.18 kB
packages/ui-legacy build: dist/node_modules/.pnpm/date-fns@4.3.0/node_modules/date-fns/differenceInCalendarDays.js                                                                                                                                          0.54 kB │ gzip:  0.31 kB │ map:   2.98 kB
packages/ui-legacy build: dist/node_modules/.pnpm/react-day-picker@10.0.1_@types_react@19.2.15_react@19.2.6/node_modules/react-day-picker/dist/esm/helpers/getNextFocus.js                                                                                  0.55 kB │ gzip:  0.31 kB │ map:   2.97 kB
packages/ui-legacy build: dist/node_modules/.pnpm/recharts@3.8.1_@types_react@19.2.15_react-dom@19.2.6_react@19.2.6__react-is@19.2.6_react@19.2.6_redux@5.0.1/node_modules/recharts/es6/util/round.js                                                       0.55 kB │ gzip:  0.34 kB │ map:   2.20 kB
packages/ui-legacy build: dist/node_modules/.pnpm/react-day-picker@10.0.1_@types_react@19.2.15_react@19.2.6/node_modules/react-day-picker/dist/esm/helpers/getDataAttributes.js                                                                             0.55 kB │ gzip:  0.32 kB │ map:   1.77 kB
packages/ui-legacy build: dist/components/icons/svg/ms-windows--16.svg.js                                                                                                                                                                                   0.56 kB │ gzip:  0.37 kB │ map:   1.21 kB
packages/ui-legacy build: dist/node_modules/.pnpm/date-fns@4.3.0/node_modules/date-fns/locale/en-US.js                                                                                                                                                      0.56 kB │ gzip:  0.27 kB │ map:   1.36 kB
packages/ui-legacy build: dist/node_modules/.pnpm/d3-scale@4.0.2/node_modules/d3-scale/src/identity.js                                                                                                                                                      0.56 kB │ gzip:  0.31 kB │ map:   1.48 kB
packages/ui-legacy build: dist/components/ui/aspect-ratio.js                                                                                                                                                                                                0.56 kB │ gzip:  0.36 kB │ map:   1.20 kB
packages/ui-legacy build: dist/components/icons/svg/ms-windows--24.svg.js                                                                                                                                                                                   0.56 kB │ gzip:  0.37 kB │ map:   1.21 kB
packages/ui-legacy build: dist/components/icons/svg/angle-left--32.svg.js                                                                                                                                                                                   0.56 kB │ gzip:  0.38 kB │ map:   1.22 kB
packages/ui-legacy build: dist/node_modules/.pnpm/es-toolkit@1.47.0/node_modules/es-toolkit/dist/_internal/globalThis.js                                                                                                                                    0.56 kB │ gzip:  0.30 kB │ map:   0.81 kB
packages/ui-legacy build: dist/components/icons/svg/angle-right--32.svg.js                                                                                                                                                                                  0.57 kB │ gzip:  0.38 kB │ map:   1.22 kB
packages/ui-legacy build: dist/components/ui/label.js                                                                                                                                                                                                       0.57 kB │ gzip:  0.36 kB │ map:   0.96 kB
packages/ui-legacy build: dist/node_modules/.pnpm/d3-time@3.1.0/node_modules/d3-time/src/hour.js                                                                                                                                                            0.57 kB │ gzip:  0.28 kB │ map:   1.67 kB
packages/ui-legacy build: dist/components/icons/svg/empty-widget--32.svg.js                                                                                                                                                                                 0.57 kB │ gzip:  0.39 kB │ map:   1.23 kB
packages/ui-legacy build: dist/components/icons/svg/arrow-left--32.svg.js                                                                                                                                                                                   0.57 kB │ gzip:  0.38 kB │ map:   1.22 kB
packages/ui-legacy build: dist/components/icons/svg/device-status--32.svg.js                                                                                                                                                                                0.57 kB │ gzip:  0.39 kB │ map:   1.24 kB
packages/ui-legacy build: dist/node_modules/.pnpm/d3-format@3.1.2/node_modules/d3-format/src/formatTypes.js                                                                                                                                                 0.57 kB │ gzip:  0.30 kB │ map:   1.58 kB
packages/ui-legacy build: dist/components/icons/svg/ms-windows--32.svg.js                                                                                                                                                                                   0.57 kB │ gzip:  0.37 kB │ map:   1.22 kB
packages/ui-legacy build: dist/components/icons/svg/manage-accounts-ab--32.svg.js                                                                                                                                                                           0.58 kB │ gzip:  0.39 kB │ map:   1.26 kB
packages/ui-legacy build: dist/components/icons/svg/minus--16.svg.js                                                                                                                                                                                        0.58 kB │ gzip:  0.38 kB │ map:   1.21 kB
packages/ui-legacy build: dist/node_modules/.pnpm/date-fns@4.3.0/node_modules/date-fns/getISOWeekYear.js                                                                                                                                                    0.58 kB │ gzip:  0.30 kB │ map:   2.59 kB
packages/ui-legacy build: dist/components/icons/svg/installer--16.svg.js                                                                                                                                                                                    0.58 kB │ gzip:  0.38 kB │ map:   1.23 kB
packages/ui-legacy build: dist/components/icons/svg/minimize--24.svg.js                                                                                                                                                                                     0.58 kB │ gzip:  0.38 kB │ map:   1.22 kB
packages/ui-legacy build: dist/components/icons/svg/minus-square--16.svg.js                                                                                                                                                                                 0.58 kB │ gzip:  0.38 kB │ map:   1.24 kB
packages/ui-legacy build: dist/components/icons/svg/minus-small--16.svg.js                                                                                                                                                                                  0.58 kB │ gzip:  0.38 kB │ map:   1.24 kB
packages/ui-legacy build: dist/components/icons/svg/v-logo--32.svg.js                                                                                                                                                                                       0.58 kB │ gzip:  0.39 kB │ map:   1.21 kB
packages/ui-legacy build: dist/components/icons/svg/vms-templates--32.svg.js                                                                                                                                                                                0.58 kB │ gzip:  0.40 kB │ map:   1.25 kB
packages/ui-legacy build: dist/node_modules/.pnpm/d3-shape@3.2.0/node_modules/d3-shape/src/symbol/wye.js                                                                                                                                                    0.58 kB │ gzip:  0.32 kB │ map:   1.84 kB
packages/ui-legacy build: dist/node_modules/.pnpm/recharts@3.8.1_@types_react@19.2.15_react-dom@19.2.6_react@19.2.6__react-is@19.2.6_react@19.2.6_redux@5.0.1/node_modules/recharts/es6/state/selectors/combiners/combineCoordinateForDefaultIndex.js       0.58 kB │ gzip:  0.30 kB │ map:   2.34 kB
packages/ui-legacy build: dist/components/icons/svg/left-arrow-ab--32.svg.js                                                                                                                                                                                0.59 kB │ gzip:  0.39 kB │ map:   1.25 kB
packages/ui-legacy build: dist/components/icons/svg/agent-xen--32.svg.js                                                                                                                                                                                    0.59 kB │ gzip:  0.40 kB │ map:   1.23 kB
packages/ui-legacy build: dist/components/icons/svg/right-arrow-ab--32.svg.js                                                                                                                                                                               0.59 kB │ gzip:  0.39 kB │ map:   1.25 kB
packages/ui-legacy build: dist/components/icons/svg/back-ab--32.svg.js                                                                                                                                                                                      0.59 kB │ gzip:  0.40 kB │ map:   1.23 kB
packages/ui-legacy build: dist/node_modules/.pnpm/recharts@3.8.1_@types_react@19.2.15_react-dom@19.2.6_react@19.2.6__react-is@19.2.6_react@19.2.6_redux@5.0.1/node_modules/recharts/es6/util/LogUtils.js                                                    0.59 kB │ gzip:  0.36 kB │ map:   1.56 kB
packages/ui-legacy build: dist/components/icons/svg/communigate--32.svg.js                                                                                                                                                                                  0.59 kB │ gzip:  0.39 kB │ map:   1.27 kB
packages/ui-legacy build: dist/components/icons/svg/state-alert-d--16.svg.js                                                                                                                                                                                0.59 kB │ gzip:  0.38 kB │ map:   1.25 kB
packages/ui-legacy build: dist/components/icons/svg/panel-left--32.svg.js                                                                                                                                                                                   0.59 kB │ gzip:  0.39 kB │ map:   1.27 kB
packages/ui-legacy build: dist/components/icons/svg/panel-right--32.svg.js                                                                                                                                                                                  0.59 kB │ gzip:  0.39 kB │ map:   1.27 kB
packages/ui-legacy build: dist/components/icons/svg/dot-widget--16.svg.js                                                                                                                                                                                   0.60 kB │ gzip:  0.38 kB │ map:   1.25 kB
packages/ui-legacy build: dist/components/icons/svg/mailbox-ab--32.svg.js                                                                                                                                                                                   0.60 kB │ gzip:  0.40 kB │ map:   1.25 kB
packages/ui-legacy build: dist/components/icons/svg/minus-circle--32.svg.js                                                                                                                                                                                 0.60 kB │ gzip:  0.40 kB │ map:   1.26 kB
packages/ui-legacy build: dist/node_modules/.pnpm/d3-scale@4.0.2/node_modules/d3-scale/src/init.js                                                                                                                                                          0.60 kB │ gzip:  0.25 kB │ map:   1.44 kB
packages/ui-legacy build: dist/components/icons/svg/bullet--16.svg.js                                                                                                                                                                                       0.60 kB │ gzip:  0.39 kB │ map:   1.27 kB
packages/ui-legacy build: dist/components/icons/svg/new-group-ab--32.svg.js                                                                                                                                                                                 0.60 kB │ gzip:  0.40 kB │ map:   1.28 kB
packages/ui-legacy build: dist/node_modules/.pnpm/d3-time@3.1.0/node_modules/d3-time/src/month.js                                                                                                                                                           0.61 kB │ gzip:  0.28 kB │ map:   1.71 kB
packages/ui-legacy build: dist/components/icons/svg/revoke-ab--32.svg.js                                                                                                                                                                                    0.61 kB │ gzip:  0.41 kB │ map:   1.25 kB
packages/ui-legacy build: dist/node_modules/.pnpm/es-toolkit@1.47.0/node_modules/es-toolkit/dist/compat/_internal/isKey.js                                                                                                                                  0.61 kB │ gzip:  0.39 kB │ map:   1.86 kB
packages/ui-legacy build: dist/components/icons/svg/circle--16.svg.js                                                                                                                                                                                       0.61 kB │ gzip:  0.39 kB │ map:   1.27 kB
packages/ui-legacy build: dist/components/icons/svg/installer-ab--32.svg.js                                                                                                                                                                                 0.61 kB │ gzip:  0.41 kB │ map:   1.27 kB
packages/ui-legacy build: dist/components/icons/svg/pencil--32.svg.js                                                                                                                                                                                       0.61 kB │ gzip:  0.41 kB │ map:   1.25 kB
packages/ui-legacy build: dist/components/icons/svg/add-create-ab--32.svg.js                                                                                                                                                                                0.61 kB │ gzip:  0.37 kB │ map:   1.34 kB
packages/ui-legacy build: dist/components/icons/svg/simplify-view-ab--32.svg.js                                                                                                                                                                             0.61 kB │ gzip:  0.40 kB │ map:   1.31 kB
packages/ui-legacy build: dist/components/icons/svg/pie-chart-o--32.svg.js                                                                                                                                                                                  0.61 kB │ gzip:  0.40 kB │ map:   1.26 kB
packages/ui-legacy build: dist/components/ui/separator.js                                                                                                                                                                                                   0.62 kB │ gzip:  0.36 kB │ map:   1.34 kB
packages/ui-legacy build: dist/components/icons/svg/dot-info--16.svg.js                                                                                                                                                                                     0.62 kB │ gzip:  0.37 kB │ map:   1.38 kB
packages/ui-legacy build: dist/components/icons/svg/dot-custom--16.svg.js                                                                                                                                                                                   0.62 kB │ gzip:  0.37 kB │ map:   1.39 kB
packages/ui-legacy build: dist/components/icons/svg/dot-danger--16.svg.js                                                                                                                                                                                   0.62 kB │ gzip:  0.37 kB │ map:   1.39 kB
packages/ui-legacy build: dist/node_modules/.pnpm/react-redux@9.3.0_@types_react@19.2.15_react@19.2.6_redux@5.0.1/node_modules/react-redux/dist/react-redux.js                                                                                              0.62 kB │ gzip:  0.35 kB │ map:  39.67 kB
packages/ui-legacy build: dist/node_modules/.pnpm/recharts@3.8.1_@types_react@19.2.15_react-dom@19.2.6_react@19.2.6__react-is@19.2.6_react@19.2.6_redux@5.0.1/node_modules/recharts/es6/util/usePrefersReducedMotion.js                                     0.62 kB │ gzip:  0.33 kB │ map:   1.99 kB
packages/ui-legacy build: dist/components/icons/svg/dot-success--16.svg.js                                                                                                                                                                                  0.62 kB │ gzip:  0.37 kB │ map:   1.39 kB
packages/ui-legacy build: dist/components/icons/svg/dot-unknown--16.svg.js                                                                                                                                                                                  0.62 kB │ gzip:  0.38 kB │ map:   1.39 kB
packages/ui-legacy build: dist/components/icons/svg/dot-warning--16.svg.js                                                                                                                                                                                  0.62 kB │ gzip:  0.37 kB │ map:   1.39 kB
packages/ui-legacy build: dist/components/icons/svg/dot-critical--16.svg.js                                                                                                                                                                                 0.62 kB │ gzip:  0.37 kB │ map:   1.40 kB
packages/ui-legacy build: dist/components/icons/svg/dot-chart-red--16.svg.js                                                                                                                                                                                0.62 kB │ gzip:  0.38 kB │ map:   1.40 kB
packages/ui-legacy build: dist/components/icons/svg/validation-plan-ab--32.svg.js                                                                                                                                                                           0.62 kB │ gzip:  0.41 kB │ map:   1.33 kB
packages/ui-legacy build: dist/components/icons/svg/dot-chart-grey--16.svg.js                                                                                                                                                                               0.62 kB │ gzip:  0.38 kB │ map:   1.40 kB
packages/ui-legacy build: dist/components/icons/svg/dot-chart-info--16.svg.js                                                                                                                                                                               0.62 kB │ gzip:  0.38 kB │ map:   1.40 kB
packages/ui-legacy build: dist/components/icons/svg/dot-chart-brown--16.svg.js                                                                                                                                                                              0.63 kB │ gzip:  0.38 kB │ map:   1.41 kB
packages/ui-legacy build: dist/components/icons/svg/dot-chart-green--16.svg.js                                                                                                                                                                              0.63 kB │ gzip:  0.38 kB │ map:   1.41 kB
packages/ui-legacy build: dist/components/icons/svg/dot-chart-danger--16.svg.js                                                                                                                                                                             0.63 kB │ gzip:  0.38 kB │ map:   1.41 kB
packages/ui-legacy build: dist/components/icons/svg/dot-chart-purple--16.svg.js                                                                                                                                                                             0.63 kB │ gzip:  0.38 kB │ map:   1.41 kB
packages/ui-legacy build: dist/components/icons/svg/dot-chart-violet--16.svg.js                                                                                                                                                                             0.63 kB │ gzip:  0.38 kB │ map:   1.41 kB
packages/ui-legacy build: dist/components/icons/svg/dot-chart-yellow--16.svg.js                                                                                                                                                                             0.63 kB │ gzip:  0.38 kB │ map:   1.41 kB
packages/ui-legacy build: dist/components/icons/svg/dot-chart-neutral--16.svg.js                                                                                                                                                                            0.63 kB │ gzip:  0.38 kB │ map:   1.42 kB
packages/ui-legacy build: dist/components/icons/svg/dot-chart-success--16.svg.js                                                                                                                                                                            0.63 kB │ gzip:  0.38 kB │ map:   1.42 kB
packages/ui-legacy build: dist/components/icons/svg/dot-chart-warning--16.svg.js                                                                                                                                                                            0.63 kB │ gzip:  0.38 kB │ map:   1.42 kB
packages/ui-legacy build: dist/components/icons/svg/arrow-up--32.svg.js                                                                                                                                                                                     0.63 kB │ gzip:  0.41 kB │ map:   1.29 kB
packages/ui-legacy build: dist/components/icons/svg/dot-chart-critical--16.svg.js                                                                                                                                                                           0.63 kB │ gzip:  0.38 kB │ map:   1.42 kB
packages/ui-legacy build: dist/node_modules/.pnpm/recharts@3.8.1_@types_react@19.2.15_react-dom@19.2.6_react@19.2.6__react-is@19.2.6_react@19.2.6_redux@5.0.1/node_modules/recharts/es6/state/selectors/selectTooltipEventType.js                           0.63 kB │ gzip:  0.32 kB │ map:   2.10 kB
packages/ui-legacy build: dist/components/icons/svg/dot-chart-blue--16.svg.js                                                                                                                                                                               0.63 kB │ gzip:  0.38 kB │ map:   1.41 kB
packages/ui-legacy build: dist/components/icons/svg/dot-chart-turquoise--16.svg.js                                                                                                                                                                          0.63 kB │ gzip:  0.38 kB │ map:   1.43 kB
packages/ui-legacy build: dist/components/icons/svg/dot-chart-light-blue--16.svg.js                                                                                                                                                                         0.63 kB │ gzip:  0.38 kB │ map:   1.43 kB
packages/ui-legacy build: dist/components/icons/svg/arrow-down--32.svg.js                                                                                                                                                                                   0.63 kB │ gzip:  0.41 kB │ map:   1.31 kB
packages/ui-legacy build: dist/node_modules/.pnpm/@date-fns_tz@1.5.0/node_modules/@date-fns/tz/tzOffset/index.js                                                                                                                                            0.63 kB │ gzip:  0.39 kB │ map:   3.40 kB
packages/ui-legacy build: dist/components/icons/svg/devices-ups--24.svg.js                                                                                                                                                                                  0.63 kB │ gzip:  0.44 kB │ map:   1.30 kB
packages/ui-legacy build: dist/components/icons/svg/list-view-ab--32.svg.js                                                                                                                                                                                 0.64 kB │ gzip:  0.41 kB │ map:   1.32 kB
packages/ui-legacy build: dist/node_modules/.pnpm/d3-shape@3.2.0/node_modules/d3-shape/src/offset/wiggle.js                                                                                                                                                 0.64 kB │ gzip:  0.35 kB │ map:   2.00 kB
packages/ui-legacy build: dist/components/icons/svg/backups-ab-o--32.svg.js                                                                                                                                                                                 0.64 kB │ gzip:  0.43 kB │ map:   1.32 kB
packages/ui-legacy build: dist/node_modules/.pnpm/es-toolkit@1.47.0/node_modules/es-toolkit/dist/compat/_internal/compareValues.js                                                                                                                          0.64 kB │ gzip:  0.34 kB │ map:   1.50 kB
packages/ui-legacy build: dist/components/icons/svg/play--24.svg.js                                                                                                                                                                                         0.64 kB │ gzip:  0.43 kB │ map:   1.27 kB
packages/ui-legacy build: dist/components/icons/svg/show-backups-ab--32.svg.js                                                                                                                                                                              0.64 kB │ gzip:  0.43 kB │ map:   1.34 kB
packages/ui-legacy build: dist/components/icons/svg/devices-ab--32.svg.js                                                                                                                                                                                   0.65 kB │ gzip:  0.43 kB │ map:   1.32 kB
packages/ui-legacy build: dist/components/icons/svg/plus--16.svg.js                                                                                                                                                                                         0.65 kB │ gzip:  0.40 kB │ map:   1.28 kB
packages/ui-legacy build: dist/node_modules/.pnpm/react-day-picker@10.0.1_@types_react@19.2.15_react@19.2.6/node_modules/react-day-picker/dist/esm/utils/typeguards.js                                                                                      0.65 kB │ gzip:  0.26 kB │ map:   3.01 kB
packages/ui-legacy build: dist/node_modules/.pnpm/date-fns@4.3.0/node_modules/date-fns/startOfWeek.js                                                                                                                                                       0.65 kB │ gzip:  0.33 kB │ map:   2.65 kB
packages/ui-legacy build: dist/components/icons/svg/dot-chart-transparent--16.svg.js                                                                                                                                                                        0.65 kB │ gzip:  0.39 kB │ map:   1.47 kB
packages/ui-legacy build: dist/node_modules/.pnpm/react-day-picker@10.0.1_@types_react@19.2.15_react@19.2.6/node_modules/react-day-picker/dist/esm/helpers/getFocusableDate.js                                                                              0.65 kB │ gzip:  0.38 kB │ map:   3.25 kB
packages/ui-legacy build: dist/components/icons/svg/plus--24.svg.js                                                                                                                                                                                         0.65 kB │ gzip:  0.40 kB │ map:   1.28 kB
packages/ui-legacy build: dist/components/icons/svg/frame--16.svg.js                                                                                                                                                                                        0.65 kB │ gzip:  0.42 kB │ map:   1.31 kB
packages/ui-legacy build: dist/components/icons/svg/plus-small--16.svg.js                                                                                                                                                                                   0.65 kB │ gzip:  0.41 kB │ map:   1.30 kB
packages/ui-legacy build: dist/node_modules/.pnpm/date-fns@4.3.0/node_modules/date-fns/locale/_lib/buildLocalizeFn.js                                                                                                                                       0.65 kB │ gzip:  0.32 kB │ map:   2.75 kB
packages/ui-legacy build: dist/components/icons/svg/free-pool--32.svg.js                                                                                                                                                                                    0.66 kB │ gzip:  0.43 kB │ map:   1.30 kB
packages/ui-legacy build: dist/node_modules/.pnpm/date-fns@4.3.0/node_modules/date-fns/endOfWeek.js                                                                                                                                                         0.66 kB │ gzip:  0.35 kB │ map:   2.65 kB
packages/ui-legacy build: dist/components/icons/svg/migration-ab--32.svg.js                                                                                                                                                                                 0.66 kB │ gzip:  0.44 kB │ map:   1.34 kB
packages/ui-legacy build: dist/components/icons/svg/installer-ab--24.svg.js                                                                                                                                                                                 0.66 kB │ gzip:  0.44 kB │ map:   1.32 kB
packages/ui-legacy build: dist/components/icons/svg/r-panel--16.svg.js                                                                                                                                                                                      0.67 kB │ gzip:  0.43 kB │ map:   1.33 kB
packages/ui-legacy build: dist/node_modules/.pnpm/react-day-picker@10.0.1_@types_react@19.2.15_react@19.2.6/node_modules/react-day-picker/dist/esm/formatters/index.js                                                                                      0.67 kB │ gzip:  0.24 kB │ map:   0.10 kB
packages/ui-legacy build: dist/node_modules/.pnpm/recharts@3.8.1_@types_react@19.2.15_react-dom@19.2.6_react@19.2.6__react-is@19.2.6_react@19.2.6_redux@5.0.1/node_modules/recharts/es6/state/selectors/brushSelectors.js                                   0.67 kB │ gzip:  0.38 kB │ map:   1.65 kB
packages/ui-legacy build: dist/components/icons/svg/milestone--16.svg.js                                                                                                                                                                                    0.67 kB │ gzip:  0.44 kB │ map:   1.32 kB
packages/ui-legacy build: dist/components/ui/collapsible.js                                                                                                                                                                                                 0.67 kB │ gzip:  0.40 kB │ map:   1.56 kB
packages/ui-legacy build: dist/components/icons/svg/folder-d-o--16.svg.js                                                                                                                                                                                   0.67 kB │ gzip:  0.44 kB │ map:   1.32 kB
packages/ui-legacy build: dist/components/icons/svg/laptop-ab--24.svg.js                                                                                                                                                                                    0.67 kB │ gzip:  0.44 kB │ map:   1.32 kB
packages/ui-legacy build: dist/components/icons/svg/folder--16.svg.js                                                                                                                                                                                       0.68 kB │ gzip:  0.44 kB │ map:   1.31 kB
packages/ui-legacy build: dist/components/icons/svg/play-o--16.svg.js                                                                                                                                                                                       0.68 kB │ gzip:  0.45 kB │ map:   1.31 kB
packages/ui-legacy build: dist/components/icons/svg/virtual-app--32.svg.js                                                                                                                                                                                  0.68 kB │ gzip:  0.42 kB │ map:   1.40 kB
packages/ui-legacy build: dist/components/icons/svg/agent-oracle--32.svg.js                                                                                                                                                                                 0.68 kB │ gzip:  0.41 kB │ map:   1.34 kB
packages/ui-legacy build: dist/components/icons/svg/a-logo--32.svg.js                                                                                                                                                                                       0.68 kB │ gzip:  0.45 kB │ map:   1.34 kB
packages/ui-legacy build: dist/node_modules/.pnpm/date-fns@4.3.0/node_modules/date-fns/_lib/protectedTokens.js                                                                                                                                              0.68 kB │ gzip:  0.41 kB │ map:   1.81 kB
packages/ui-legacy build: dist/node_modules/.pnpm/date-fns@4.3.0/node_modules/date-fns/locale/en-US/_lib/formatLong.js                                                                                                                                      0.68 kB │ gzip:  0.31 kB │ map:   1.63 kB
packages/ui-legacy build: dist/components/icons/svg/mobile-o--32.svg.js                                                                                                                                                                                     0.68 kB │ gzip:  0.42 kB │ map:   1.32 kB
packages/ui-legacy build: dist/node_modules/.pnpm/recharts@3.8.1_@types_react@19.2.15_react-dom@19.2.6_react@19.2.6__react-is@19.2.6_react@19.2.6_redux@5.0.1/node_modules/recharts/es6/state/hooks.js                                                      0.68 kB │ gzip:  0.38 kB │ map:   2.86 kB
packages/ui-legacy build: dist/node_modules/.pnpm/es-toolkit@1.47.0/node_modules/es-toolkit/dist/compat/array/sortBy.js                                                                                                                                     0.69 kB │ gzip:  0.36 kB │ map:   1.52 kB
packages/ui-legacy build: dist/components/icons/svg/laptop-ab--32.svg.js                                                                                                                                                                                    0.69 kB │ gzip:  0.43 kB │ map:   1.33 kB
packages/ui-legacy build: dist/components/icons/svg/workstation--16.svg.js                                                                                                                                                                                  0.69 kB │ gzip:  0.44 kB │ map:   1.35 kB
packages/ui-legacy build: dist/node_modules/.pnpm/recharts@3.8.1_@types_react@19.2.15_react-dom@19.2.6_react@19.2.6__react-is@19.2.6_react@19.2.6_redux@5.0.1/node_modules/recharts/es6/state/selectors/combiners/combineCheckedDomain.js                   0.69 kB │ gzip:  0.36 kB │ map:   2.34 kB
packages/ui-legacy build: dist/components/icons/svg/folder--32.svg.js                                                                                                                                                                                       0.69 kB │ gzip:  0.45 kB │ map:   1.33 kB
packages/ui-legacy build: dist/components/icons/svg/ellipsis-h--24.svg.js                                                                                                                                                                                   0.69 kB │ gzip:  0.38 kB │ map:   1.34 kB
packages/ui-legacy build: dist/components/icons/svg/folder-symlink--32.svg.js                                                                                                                                                                               0.69 kB │ gzip:  0.45 kB │ map:   1.36 kB
packages/ui-legacy build: dist/components/icons/svg/area-chart--32.svg.js                                                                                                                                                                                   0.69 kB │ gzip:  0.47 kB │ map:   1.34 kB
packages/ui-legacy build: dist/components/icons/svg/more--24.svg.js                                                                                                                                                                                         0.69 kB │ gzip:  0.39 kB │ map:   1.32 kB
packages/ui-legacy build: dist/components/icons/svg/videos--32.svg.js                                                                                                                                                                                       0.69 kB │ gzip:  0.42 kB │ map:   1.36 kB
packages/ui-legacy build: dist/components/icons/svg/disaster-recovery-ab-o--32.svg.js                                                                                                                                                                       0.70 kB │ gzip:  0.45 kB │ map:   1.39 kB
packages/ui-legacy build: dist/components/icons/svg/table--32.svg.js                                                                                                                                                                                        0.70 kB │ gzip:  0.39 kB │ map:   1.33 kB
packages/ui-legacy build: dist/components/icons/svg/resource-pool--32.svg.js                                                                                                                                                                                0.70 kB │ gzip:  0.45 kB │ map:   1.39 kB
packages/ui-legacy build: dist/components/ui/textarea.js                                                                                                                                                                                                    0.70 kB │ gzip:  0.42 kB │ map:   1.14 kB
packages/ui-legacy build: dist/components/icons/svg/file-zip--16.svg.js                                                                                                                                                                                     0.70 kB │ gzip:  0.44 kB │ map:   1.36 kB
packages/ui-legacy build: dist/components/icons/svg/chevron-left--16.svg.js                                                                                                                                                                                 0.70 kB │ gzip:  0.45 kB │ map:   1.36 kB
packages/ui-legacy build: dist/components/icons/svg/move-to-pool-ab--32.svg.js                                                                                                                                                                              0.70 kB │ gzip:  0.43 kB │ map:   1.44 kB
packages/ui-legacy build: dist/components/icons/svg/revert--32.svg.js                                                                                                                                                                                       0.70 kB │ gzip:  0.46 kB │ map:   1.34 kB
packages/ui-legacy build: dist/components/icons/svg/workstation--32.svg.js                                                                                                                                                                                  0.70 kB │ gzip:  0.45 kB │ map:   1.36 kB
packages/ui-legacy build: dist/components/icons/svg/google--32.svg.js                                                                                                                                                                                       0.70 kB │ gzip:  0.46 kB │ map:   1.34 kB
packages/ui-legacy build: dist/components/icons/svg/other-o--16.svg.js                                                                                                                                                                                      0.70 kB │ gzip:  0.42 kB │ map:   1.36 kB
packages/ui-legacy build: dist/components/icons/svg/envelope-o--32.svg.js                                                                                                                                                                                   0.70 kB │ gzip:  0.46 kB │ map:   1.35 kB
packages/ui-legacy build: dist/components/icons/svg/star--16.svg.js                                                                                                                                                                                         0.70 kB │ gzip:  0.44 kB │ map:   1.33 kB
packages/ui-legacy build: dist/components/icons/svg/text-sign--16.svg.js                                                                                                                                                                                    0.70 kB │ gzip:  0.42 kB │ map:   1.35 kB
packages/ui-legacy build: dist/components/icons/svg/state-pause-d--16.svg.js                                                                                                                                                                                0.70 kB │ gzip:  0.41 kB │ map:   1.37 kB
packages/ui-legacy build: dist/components/icons/svg/file-text--16.svg.js                                                                                                                                                                                    0.71 kB │ gzip:  0.46 kB │ map:   1.38 kB
packages/ui-legacy build: dist/components/icons/svg/ms-onedrive--16.svg.js                                                                                                                                                                                  0.71 kB │ gzip:  0.47 kB │ map:   1.36 kB
packages/ui-legacy build: dist/components/icons/svg/plans-ab--32.svg.js                                                                                                                                                                                     0.71 kB │ gzip:  0.44 kB │ map:   1.37 kB
packages/ui-legacy build: dist/components/icons/svg/chevron-up--16.svg.js                                                                                                                                                                                   0.71 kB │ gzip:  0.45 kB │ map:   1.36 kB
packages/ui-legacy build: dist/node_modules/.pnpm/@radix-ui_react-primitive@2.1.4_@types_react-dom@19.2.3_@types_react@19.2.15__@types_re_3dd09aa148d7cdb7a15dc8a5d6e8bba3/node_modules/@radix-ui/react-primitive/dist/index.js                             0.71 kB │ gzip:  0.43 kB │ map:   2.29 kB
packages/ui-legacy build: dist/components/icons/svg/back-o--24.svg.js                                                                                                                                                                                       0.71 kB │ gzip:  0.41 kB │ map:   1.34 kB
packages/ui-legacy build: dist/components/icons/svg/workstations-o--16.svg.js                                                                                                                                                                               0.71 kB │ gzip:  0.43 kB │ map:   1.38 kB
packages/ui-legacy build: dist/components/icons/svg/circle-outline--16.svg.js                                                                                                                                                                               0.71 kB │ gzip:  0.43 kB │ map:   1.40 kB
packages/ui-legacy build: dist/components/icons/svg/resource-ab--32.svg.js                                                                                                                                                                                  0.71 kB │ gzip:  0.46 kB │ map:   1.37 kB
packages/ui-legacy build: dist/components/icons/svg/zendesk--24.svg.js                                                                                                                                                                                      0.71 kB │ gzip:  0.44 kB │ map:   1.35 kB
packages/ui-legacy build: dist/components/icons/svg/acronis-storage-ab--32.svg.js                                                                                                                                                                           0.71 kB │ gzip:  0.43 kB │ map:   1.46 kB
packages/ui-legacy build: dist/components/icons/svg/chevron-down--16.svg.js                                                                                                                                                                                 0.71 kB │ gzip:  0.45 kB │ map:   1.37 kB
packages/ui-legacy build: dist/node_modules/.pnpm/d3-time-format@4.1.0/node_modules/d3-time-format/src/defaultLocale.js                                                                                                                                     0.71 kB │ gzip:  0.39 kB │ map:   1.82 kB
packages/ui-legacy build: dist/components/icons/svg/chevron-big-up--16.svg.js                                                                                                                                                                               0.71 kB │ gzip:  0.41 kB │ map:   1.38 kB
packages/ui-legacy build: dist/components/icons/svg/chevron-right--16.svg.js                                                                                                                                                                                0.71 kB │ gzip:  0.45 kB │ map:   1.38 kB
packages/ui-legacy build: dist/components/icons/svg/play-round--16.svg.js                                                                                                                                                                                   0.71 kB │ gzip:  0.46 kB │ map:   1.37 kB
packages/ui-legacy build: dist/components/icons/svg/power-off-o--16.svg.js                                                                                                                                                                                  0.71 kB │ gzip:  0.44 kB │ map:   1.37 kB
packages/ui-legacy build: dist/components/icons/svg/check--24.svg.js                                                                                                                                                                                        0.72 kB │ gzip:  0.42 kB │ map:   1.35 kB
packages/ui-legacy build: dist/components/icons/svg/check--32.svg.js                                                                                                                                                                                        0.72 kB │ gzip:  0.42 kB │ map:   1.35 kB
packages/ui-legacy build: dist/components/icons/svg/check-small--16.svg.js                                                                                                                                                                                  0.72 kB │ gzip:  0.42 kB │ map:   1.37 kB
packages/ui-legacy build: dist/components/icons/svg/chevron-big-left--16.svg.js                                                                                                                                                                             0.72 kB │ gzip:  0.41 kB │ map:   1.39 kB
packages/ui-legacy build: dist/components/icons/svg/exclamation-circle--32.svg.js                                                                                                                                                                           0.72 kB │ gzip:  0.46 kB │ map:   1.40 kB
packages/ui-legacy build: dist/components/icons/svg/chevron-big-down--16.svg.js                                                                                                                                                                             0.72 kB │ gzip:  0.43 kB │ map:   1.39 kB
packages/ui-legacy build: dist/components/icons/svg/chevron-big-right--16.svg.js                                                                                                                                                                            0.72 kB │ gzip:  0.43 kB │ map:   1.40 kB
packages/ui-legacy build: dist/components/icons/svg/workstation-mix--32.svg.js                                                                                                                                                                              0.72 kB │ gzip:  0.47 kB │ map:   1.39 kB
packages/ui-legacy build: dist/components/icons/svg/activities-ab--32.svg.js                                                                                                                                                                                0.72 kB │ gzip:  0.46 kB │ map:   1.41 kB
packages/ui-legacy build: dist/node_modules/.pnpm/recharts@3.8.1_@types_react@19.2.15_react-dom@19.2.6_react@19.2.6__react-is@19.2.6_react@19.2.6_redux@5.0.1/node_modules/recharts/es6/state/selectors/combiners/combineRealScaleType.js                   0.72 kB │ gzip:  0.41 kB │ map:   1.89 kB
packages/ui-legacy build: dist/components/icons/svg/rebuild-catalog-ab--32.svg.js                                                                                                                                                                           0.72 kB │ gzip:  0.48 kB │ map:   1.43 kB
packages/ui-legacy build: dist/components/icons/svg/start-tray--16.svg.js                                                                                                                                                                                   0.72 kB │ gzip:  0.41 kB │ map:   1.53 kB
packages/ui-legacy build: dist/components/icons/svg/overview-ab--32.svg.js                                                                                                                                                                                  0.73 kB │ gzip:  0.48 kB │ map:   1.41 kB
packages/ui-legacy build: dist/node_modules/.pnpm/d3-scale@4.0.2/node_modules/d3-scale/src/symlog.js                                                                                                                                                        0.73 kB │ gzip:  0.35 kB │ map:   1.91 kB
packages/ui-legacy build: dist/components/icons/svg/virtuozzo-ab--24.svg.js                                                                                                                                                                                 0.73 kB │ gzip:  0.48 kB │ map:   1.41 kB
packages/ui-legacy build: dist/components/icons/svg/mailbox--16.svg.js                                                                                                                                                                                      0.73 kB │ gzip:  0.47 kB │ map:   1.37 kB
packages/ui-legacy build: dist/components/icons/svg/clone-o--32.svg.js                                                                                                                                                                                      0.73 kB │ gzip:  0.42 kB │ map:   1.37 kB
packages/ui-legacy build: dist/components/ui/input.js                                                                                                                                                                                                       0.73 kB │ gzip:  0.44 kB │ map:   1.20 kB
packages/ui-legacy build: dist/components/icons/svg/folder-mix--32.svg.js                                                                                                                                                                                   0.73 kB │ gzip:  0.47 kB │ map:   1.39 kB
packages/ui-legacy build: dist/components/icons/svg/stops-o--16.svg.js                                                                                                                                                                                      0.74 kB │ gzip:  0.45 kB │ map:   1.40 kB
packages/ui-legacy build: dist/components/icons/base-icon.js                                                                                                                                                                                                0.74 kB │ gzip:  0.45 kB │ map:   3.09 kB
packages/ui-legacy build: dist/components/icons/svg/cleanup-plan-ab--32.svg.js                                                                                                                                                                              0.74 kB │ gzip:  0.47 kB │ map:   1.43 kB
packages/ui-legacy build: dist/components/icons/svg/copy--24.svg.js                                                                                                                                                                                         0.74 kB │ gzip:  0.45 kB │ map:   1.39 kB
packages/ui-legacy build: dist/components/icons/svg/details-ab--32.svg.js                                                                                                                                                                                   0.74 kB │ gzip:  0.44 kB │ map:   1.49 kB
packages/ui-legacy build: dist/components/icons/svg/play-round--24.svg.js                                                                                                                                                                                   0.74 kB │ gzip:  0.47 kB │ map:   1.39 kB
packages/ui-legacy build: dist/node_modules/.pnpm/d3-time@3.1.0/node_modules/d3-time/src/day.js                                                                                                                                                             0.74 kB │ gzip:  0.33 kB │ map:   2.13 kB
packages/ui-legacy build: dist/components/icons/svg/document-export-o--32.svg.js                                                                                                                                                                            0.74 kB │ gzip:  0.48 kB │ map:   1.42 kB
packages/ui-legacy build: dist/components/icons/svg/arrow-circle-down-o--32.svg.js                                                                                                                                                                          0.74 kB │ gzip:  0.48 kB │ map:   1.43 kB
packages/ui-legacy build: dist/components/icons/svg/folder-with-state-d-o--16.svg.js                                                                                                                                                                        0.74 kB │ gzip:  0.49 kB │ map:   1.43 kB
packages/ui-legacy build: dist/components/icons/svg/more--16.svg.js                                                                                                                                                                                         0.74 kB │ gzip:  0.43 kB │ map:   1.37 kB
packages/ui-legacy build: dist/components/icons/svg/typing--16.svg.js                                                                                                                                                                                       0.74 kB │ gzip:  0.44 kB │ map:   1.38 kB
packages/ui-legacy build: dist/components/icons/svg/checkbox-list--32.svg.js                                                                                                                                                                                0.75 kB │ gzip:  0.45 kB │ map:   1.41 kB
packages/ui-legacy build: dist/components/icons/svg/ellipsis-h--16.svg.js                                                                                                                                                                                   0.75 kB │ gzip:  0.44 kB │ map:   1.40 kB
packages/ui-legacy build: dist/components/icons/svg/google--16.svg.js                                                                                                                                                                                       0.75 kB │ gzip:  0.48 kB │ map:   1.38 kB
packages/ui-legacy build: dist/components/icons/svg/mail--16.svg.js                                                                                                                                                                                         0.75 kB │ gzip:  0.47 kB │ map:   1.40 kB
packages/ui-legacy build: dist/components/icons/svg/pause-tray--16.svg.js                                                                                                                                                                                   0.75 kB │ gzip:  0.42 kB │ map:   1.56 kB
packages/ui-legacy build: dist/components/icons/svg/folder--24.svg.js                                                                                                                                                                                       0.75 kB │ gzip:  0.48 kB │ map:   1.39 kB
packages/ui-legacy build: dist/components/icons/svg/move-to-slot-ab--32.svg.js                                                                                                                                                                              0.75 kB │ gzip:  0.46 kB │ map:   1.49 kB
packages/ui-legacy build: dist/components/icons/svg/edit-columns--16.svg.js                                                                                                                                                                                 0.75 kB │ gzip:  0.39 kB │ map:   1.41 kB
packages/ui-legacy build: dist/components/icons/svg/folder-o--24.svg.js                                                                                                                                                                                     0.75 kB │ gzip:  0.48 kB │ map:   1.42 kB
packages/ui-legacy build: dist/components/icons/svg/ms-onedrive--32.svg.js                                                                                                                                                                                  0.75 kB │ gzip:  0.49 kB │ map:   1.41 kB
packages/ui-legacy build: dist/node_modules/.pnpm/recharts@3.8.1_@types_react@19.2.15_react-dom@19.2.6_react@19.2.6__react-is@19.2.6_react@19.2.6_redux@5.0.1/node_modules/recharts/es6/state/selectors/combiners/combineTooltipPayloadConfigurations.js    0.75 kB │ gzip:  0.36 kB │ map:   3.30 kB
packages/ui-legacy build: dist/node_modules/.pnpm/d3-interpolate@3.0.1/node_modules/d3-interpolate/src/value.js                                                                                                                                             0.75 kB │ gzip:  0.39 kB │ map:   1.59 kB
packages/ui-legacy build: dist/components/icons/svg/arrow-left--16.svg.js                                                                                                                                                                                   0.75 kB │ gzip:  0.45 kB │ map:   1.40 kB
packages/ui-legacy build: dist/components/icons/svg/finish-flag--16.svg.js                                                                                                                                                                                  0.75 kB │ gzip:  0.48 kB │ map:   1.43 kB
packages/ui-legacy build: dist/components/icons/svg/menu--24.svg.js                                                                                                                                                                                         0.75 kB │ gzip:  0.41 kB │ map:   1.38 kB
packages/ui-legacy build: dist/components/icons/svg/arrow-sort-up--16.svg.js                                                                                                                                                                                0.75 kB │ gzip:  0.45 kB │ map:   1.42 kB
packages/ui-legacy build: dist/components/icons/svg/arrow-right--16.svg.js                                                                                                                                                                                  0.76 kB │ gzip:  0.45 kB │ map:   1.41 kB
packages/ui-legacy build: dist/components/icons/svg/modal-o--32.svg.js                                                                                                                                                                                      0.76 kB │ gzip:  0.45 kB │ map:   1.42 kB
packages/ui-legacy build: dist/components/icons/svg/resources-o--32.svg.js                                                                                                                                                                                  0.76 kB │ gzip:  0.46 kB │ map:   1.41 kB
packages/ui-legacy build: dist/components/icons/svg/long-arrow-left--16.svg.js                                                                                                                                                                              0.76 kB │ gzip:  0.45 kB │ map:   1.43 kB
packages/ui-legacy build: dist/components/icons/svg/add-unit-ab--32.svg.js                                                                                                                                                                                  0.76 kB │ gzip:  0.49 kB │ map:   1.43 kB
packages/ui-legacy build: dist/components/icons/svg/send-email-ab--32.svg.js                                                                                                                                                                                0.76 kB │ gzip:  0.50 kB │ map:   1.44 kB
packages/ui-legacy build: dist/components/icons/svg/arrow-sort-down--16.svg.js                                                                                                                                                                              0.76 kB │ gzip:  0.45 kB │ map:   1.43 kB
packages/ui-legacy build: dist/components/icons/svg/stop-server-o--24.svg.js                                                                                                                                                                                0.76 kB │ gzip:  0.47 kB │ map:   1.42 kB
packages/ui-legacy build: dist/components/icons/svg/asz--32.svg.js                                                                                                                                                                                          0.76 kB │ gzip:  0.50 kB │ map:   1.39 kB
packages/ui-legacy build: dist/components/icons/svg/google--24.svg.js                                                                                                                                                                                       0.76 kB │ gzip:  0.49 kB │ map:   1.40 kB
packages/ui-legacy build: dist/node_modules/.pnpm/react-day-picker@10.0.1_@types_react@19.2.15_react@19.2.6/node_modules/react-day-picker/dist/esm/useFocus.js                                                                                              0.76 kB │ gzip:  0.43 kB │ map:   3.28 kB
packages/ui-legacy build: dist/components/icons/svg/long-arrow-right--16.svg.js                                                                                                                                                                             0.76 kB │ gzip:  0.44 kB │ map:   1.44 kB
packages/ui-legacy build: dist/components/icons/svg/pencil-square-o--32.svg.js                                                                                                                                                                              0.76 kB │ gzip:  0.50 kB │ map:   1.43 kB
packages/ui-legacy build: dist/components/icons/svg/card-view--16.svg.js                                                                                                                                                                                    0.76 kB │ gzip:  0.43 kB │ map:   1.43 kB
packages/ui-legacy build: dist/components/icons/svg/info-circle-small--16.svg.js                                                                                                                                                                            0.76 kB │ gzip:  0.45 kB │ map:   1.46 kB
packages/ui-legacy build: dist/components/icons/svg/restore--16.svg.js                                                                                                                                                                                      0.76 kB │ gzip:  0.49 kB │ map:   1.40 kB
packages/ui-legacy build: dist/components/icons/svg/virustotal--16.svg.js                                                                                                                                                                                   0.76 kB │ gzip:  0.49 kB │ map:   1.44 kB
packages/ui-legacy build: dist/components/icons/svg/state-download-d--16.svg.js                                                                                                                                                                             0.76 kB │ gzip:  0.49 kB │ map:   1.44 kB
packages/ui-legacy build: dist/components/icons/svg/broken-backup--16.svg.js                                                                                                                                                                                0.76 kB │ gzip:  0.49 kB │ map:   1.45 kB
packages/ui-legacy build: dist/components/icons/svg/state-upload-d--16.svg.js                                                                                                                                                                               0.77 kB │ gzip:  0.49 kB │ map:   1.43 kB
packages/ui-legacy build: dist/components/icons/svg/simplify-view--24.svg.js                                                                                                                                                                                0.77 kB │ gzip:  0.44 kB │ map:   1.46 kB
packages/ui-legacy build: dist/node_modules/.pnpm/es-toolkit@1.47.0/node_modules/es-toolkit/dist/compat/math/range.js                                                                                                                                       0.77 kB │ gzip:  0.43 kB │ map:   2.31 kB
packages/ui-legacy build: dist/components/icons/svg/tape--32.svg.js                                                                                                                                                                                         0.77 kB │ gzip:  0.48 kB │ map:   1.40 kB
packages/ui-legacy build: dist/components/icons/svg/ratios--32.svg.js                                                                                                                                                                                       0.78 kB │ gzip:  0.46 kB │ map:   1.51 kB
packages/ui-legacy build: dist/node_modules/.pnpm/es-toolkit@1.47.0/node_modules/es-toolkit/dist/compat/array/uniqBy.js                                                                                                                                     0.78 kB │ gzip:  0.35 kB │ map:   1.44 kB
packages/ui-legacy build: dist/components/icons/svg/import-ab--32.svg.js                                                                                                                                                                                    0.78 kB │ gzip:  0.49 kB │ map:   1.45 kB
packages/ui-legacy build: dist/components/icons/svg/photos--32.svg.js                                                                                                                                                                                       0.78 kB │ gzip:  0.44 kB │ map:   1.54 kB
packages/ui-legacy build: dist/components/icons/svg/arrow-lower-left-o--24.svg.js                                                                                                                                                                           0.78 kB │ gzip:  0.48 kB │ map:   1.46 kB
packages/ui-legacy build: dist/components/icons/svg/long-arrow-left--24.svg.js                                                                                                                                                                              0.78 kB │ gzip:  0.46 kB │ map:   1.45 kB
packages/ui-legacy build: dist/components/icons/svg/ok-tray--16.svg.js                                                                                                                                                                                      0.78 kB │ gzip:  0.44 kB │ map:   1.58 kB
packages/ui-legacy build: dist/components/icons/svg/file-excel--16.svg.js                                                                                                                                                                                   0.78 kB │ gzip:  0.51 kB │ map:   1.46 kB
packages/ui-legacy build: dist/components/icons/svg/finalize-ab--32.svg.js                                                                                                                                                                                  0.78 kB │ gzip:  0.48 kB │ map:   1.54 kB
packages/ui-legacy build: dist/node_modules/.pnpm/recharts@3.8.1_@types_react@19.2.15_react-dom@19.2.6_react@19.2.6__react-is@19.2.6_react@19.2.6_redux@5.0.1/node_modules/recharts/es6/zIndex/zIndexSelectors.js                                           0.78 kB │ gzip:  0.44 kB │ map:   2.38 kB
packages/ui-legacy build: dist/components/icons/svg/long-arrow-right--24.svg.js                                                                                                                                                                             0.78 kB │ gzip:  0.46 kB │ map:   1.46 kB
packages/ui-legacy build: dist/components/icons/svg/long-arrow-left--32.svg.js                                                                                                                                                                              0.78 kB │ gzip:  0.46 kB │ map:   1.45 kB
packages/ui-legacy build: dist/components/icons/svg/backup-dr--24.svg.js                                                                                                                                                                                    0.79 kB │ gzip:  0.47 kB │ map:   1.46 kB
packages/ui-legacy build: dist/components/icons/svg/long-arrow-right--32.svg.js                                                                                                                                                                             0.79 kB │ gzip:  0.46 kB │ map:   1.46 kB
packages/ui-legacy build: dist/components/icons/svg/arrow-upper-right-o--24.svg.js                                                                                                                                                                          0.79 kB │ gzip:  0.50 kB │ map:   1.47 kB
packages/ui-legacy build: dist/components/icons/svg/table-rows--32.svg.js                                                                                                                                                                                   0.79 kB │ gzip:  0.43 kB │ map:   1.46 kB
packages/ui-legacy build: dist/components/icons/svg/reply--16.svg.js                                                                                                                                                                                        0.79 kB │ gzip:  0.47 kB │ map:   1.42 kB
packages/ui-legacy build: dist/components/icons/svg/youtube--16.svg.js                                                                                                                                                                                      0.79 kB │ gzip:  0.48 kB │ map:   1.45 kB
packages/ui-legacy build: dist/node_modules/.pnpm/d3-shape@3.2.0/node_modules/d3-shape/src/curve/linear.js                                                                                                                                                  0.79 kB │ gzip:  0.33 kB │ map:   1.73 kB
packages/ui-legacy build: dist/node_modules/.pnpm/date-fns@4.3.0/node_modules/date-fns/startOfWeekYear.js                                                                                                                                                   0.79 kB │ gzip:  0.36 kB │ map:   3.28 kB
packages/ui-legacy build: dist/node_modules/.pnpm/react-day-picker@10.0.1_@types_react@19.2.15_react@19.2.6/node_modules/react-day-picker/dist/esm/classes/CalendarDay.js                                                                                   0.79 kB │ gzip:  0.41 kB │ map:   2.04 kB
packages/ui-legacy build: dist/components/icons/svg/lock-status--16.svg.js                                                                                                                                                                                  0.79 kB │ gzip:  0.46 kB │ map:   1.47 kB
packages/ui-legacy build: dist/components/icons/svg/mount-media-ab--32.svg.js                                                                                                                                                                               0.79 kB │ gzip:  0.48 kB │ map:   1.56 kB
packages/ui-legacy build: dist/node_modules/.pnpm/react-day-picker@10.0.1_@types_react@19.2.15_react@19.2.6/node_modules/react-day-picker/dist/esm/components/Chevron.js                                                                                    0.79 kB │ gzip:  0.41 kB │ map:   1.86 kB
packages/ui-legacy build: dist/node_modules/.pnpm/d3-shape@3.2.0/node_modules/d3-shape/src/symbol.js                                                                                                                                                        0.79 kB │ gzip:  0.38 kB │ map:   2.96 kB
packages/ui-legacy build: dist/components/icons/svg/mobile-device--24.svg.js                                                                                                                                                                                0.79 kB │ gzip:  0.49 kB │ map:   1.48 kB
packages/ui-legacy build: dist/components/icons/svg/add--16.svg.js                                                                                                                                                                                          0.79 kB │ gzip:  0.47 kB │ map:   1.44 kB
packages/ui-legacy build: dist/components/icons/svg/add--32.svg.js                                                                                                                                                                                          0.80 kB │ gzip:  0.48 kB │ map:   1.45 kB
packages/ui-legacy build: dist/components/icons/svg/internet-access-o--16.svg.js                                                                                                                                                                            0.80 kB │ gzip:  0.48 kB │ map:   1.47 kB
packages/ui-legacy build: dist/components/icons/svg/unprotected--32.svg.js                                                                                                                                                                                  0.80 kB │ gzip:  0.49 kB │ map:   1.46 kB
packages/ui-legacy build: dist/components/icons/svg/add-action--16.svg.js                                                                                                                                                                                   0.80 kB │ gzip:  0.47 kB │ map:   1.45 kB
packages/ui-legacy build: dist/components/icons/svg/windows-pc--32.svg.js                                                                                                                                                                                   0.80 kB │ gzip:  0.50 kB │ map:   1.47 kB
packages/ui-legacy build: dist/components/icons/svg/file-video--16.svg.js                                                                                                                                                                                   0.80 kB │ gzip:  0.51 kB │ map:   1.47 kB
packages/ui-legacy build: dist/components/icons/svg/tape-library--32.svg.js                                                                                                                                                                                 0.80 kB │ gzip:  0.48 kB │ map:   1.56 kB
packages/ui-legacy build: dist/components/icons/svg/workstations-o--24.svg.js                                                                                                                                                                               0.80 kB │ gzip:  0.51 kB │ map:   1.47 kB
packages/ui-legacy build: dist/components/icons/svg/ban-o--32.svg.js                                                                                                                                                                                        0.80 kB │ gzip:  0.49 kB │ map:   1.43 kB
packages/ui-legacy build: dist/components/icons/svg/clock-o--24.svg.js                                                                                                                                                                                      0.80 kB │ gzip:  0.49 kB │ map:   1.44 kB
packages/ui-legacy build: dist/components/icons/svg/network-tape--32.svg.js                                                                                                                                                                                 0.80 kB │ gzip:  0.49 kB │ map:   1.46 kB
packages/ui-legacy build: dist/components/icons/svg/devices-laptop-o--24.svg.js                                                                                                                                                                             0.80 kB │ gzip:  0.48 kB │ map:   1.47 kB
packages/ui-legacy build: dist/node_modules/.pnpm/es-toolkit@1.47.0/node_modules/es-toolkit/dist/compat/_internal/isIterateeCall.js                                                                                                                         0.80 kB │ gzip:  0.39 kB │ map:   1.65 kB
packages/ui-legacy build: dist/components/icons/svg/add-document--32.svg.js                                                                                                                                                                                 0.80 kB │ gzip:  0.44 kB │ map:   1.63 kB
packages/ui-legacy build: dist/components/icons/svg/show-version-ab--32.svg.js                                                                                                                                                                              0.80 kB │ gzip:  0.49 kB │ map:   1.54 kB
packages/ui-legacy build: dist/node_modules/.pnpm/react-day-picker@10.0.1_@types_react@19.2.15_react@19.2.6/node_modules/react-day-picker/dist/esm/helpers/calculateFocusTarget.js                                                                          0.80 kB │ gzip:  0.43 kB │ map:   4.44 kB
packages/ui-legacy build: dist/components/icons/svg/alerts-ab--32.svg.js                                                                                                                                                                                    0.80 kB │ gzip:  0.47 kB │ map:   1.55 kB
packages/ui-legacy build: dist/components/icons/svg/ftp--32.svg.js                                                                                                                                                                                          0.80 kB │ gzip:  0.49 kB │ map:   1.43 kB
packages/ui-legacy build: dist/components/icons/svg/progress-tray--16.svg.js                                                                                                                                                                                0.80 kB │ gzip:  0.46 kB │ map:   1.63 kB
packages/ui-legacy build: dist/components/icons/svg/nvme--24.svg.js                                                                                                                                                                                         0.81 kB │ gzip:  0.49 kB │ map:   1.46 kB
packages/ui-legacy build: dist/components/icons/svg/backup-dr--32.svg.js                                                                                                                                                                                    0.81 kB │ gzip:  0.47 kB │ map:   1.48 kB
packages/ui-legacy build: dist/components/icons/svg/calendar-trend--32.svg.js                                                                                                                                                                               0.81 kB │ gzip:  0.53 kB │ map:   1.48 kB
packages/ui-legacy build: dist/components/icons/svg/cloud-mix--32.svg.js                                                                                                                                                                                    0.81 kB │ gzip:  0.52 kB │ map:   1.46 kB
packages/ui-legacy build: dist/components/icons/svg/copy--16.svg.js                                                                                                                                                                                         0.81 kB │ gzip:  0.44 kB │ map:   1.51 kB
packages/ui-legacy build: dist/components/icons/svg/facebook--16.svg.js                                                                                                                                                                                     0.81 kB │ gzip:  0.52 kB │ map:   1.46 kB
packages/ui-legacy build: dist/components/icons/svg/mobile-device--16.svg.js                                                                                                                                                                                0.81 kB │ gzip:  0.48 kB │ map:   1.50 kB
packages/ui-legacy build: dist/components/icons/svg/security-essentials--24.svg.js                                                                                                                                                                          0.81 kB │ gzip:  0.52 kB │ map:   1.52 kB
packages/ui-legacy build: dist/components/icons/svg/ovirt--32.svg.js                                                                                                                                                                                        0.81 kB │ gzip:  0.48 kB │ map:   1.55 kB
packages/ui-legacy build: dist/components/icons/svg/go-to-end--16.svg.js                                                                                                                                                                                    0.81 kB │ gzip:  0.47 kB │ map:   1.56 kB
packages/ui-legacy build: dist/components/icons/svg/play-round--32.svg.js                                                                                                                                                                                   0.81 kB │ gzip:  0.50 kB │ map:   1.47 kB
packages/ui-legacy build: dist/node_modules/.pnpm/recharts@3.8.1_@types_react@19.2.15_react-dom@19.2.6_react@19.2.6__react-is@19.2.6_react@19.2.6_redux@5.0.1/node_modules/recharts/es6/state/selectors/combiners/combineConfiguredScale.js                 0.81 kB │ gzip:  0.40 kB │ map:   2.83 kB
packages/ui-legacy build: dist/components/icons/svg/table-view--16.svg.js                                                                                                                                                                                   0.82 kB │ gzip:  0.42 kB │ map:   1.47 kB
packages/ui-legacy build: dist/components/icons/svg/youtube--24.svg.js                                                                                                                                                                                      0.82 kB │ gzip:  0.49 kB │ map:   1.48 kB
packages/ui-legacy build: dist/node_modules/.pnpm/recharts@3.8.1_@types_react@19.2.15_react-dom@19.2.6_react@19.2.6__react-is@19.2.6_react@19.2.6_redux@5.0.1/node_modules/recharts/es6/animation/AnimationManager.js                                       0.82 kB │ gzip:  0.38 kB │ map:   3.17 kB
packages/ui-legacy build: dist/components/icons/svg/go-to-start--16.svg.js                                                                                                                                                                                  0.82 kB │ gzip:  0.47 kB │ map:   1.57 kB
packages/ui-legacy build: dist/components/icons/svg/print--16.svg.js                                                                                                                                                                                        0.82 kB │ gzip:  0.48 kB │ map:   1.48 kB
packages/ui-legacy build: dist/node_modules/.pnpm/react-day-picker@10.0.1_@types_react@19.2.15_react@19.2.6/node_modules/react-day-picker/dist/esm/selection/useMulti.js                                                                                    0.82 kB │ gzip:  0.43 kB │ map:   3.39 kB
packages/ui-legacy build: dist/components/icons/svg/burger-menu--32.svg.js                                                                                                                                                                                  0.82 kB │ gzip:  0.47 kB │ map:   1.48 kB
packages/ui-legacy build: dist/components/icons/svg/internet-access--16.svg.js                                                                                                                                                                              0.82 kB │ gzip:  0.51 kB │ map:   1.50 kB
packages/ui-legacy build: dist/components/icons/svg/cloud--16.svg.js                                                                                                                                                                                        0.82 kB │ gzip:  0.53 kB │ map:   1.48 kB
packages/ui-legacy build: dist/components/icons/svg/events--32.svg.js                                                                                                                                                                                       0.83 kB │ gzip:  0.48 kB │ map:   1.56 kB
packages/ui-legacy build: dist/components/icons/svg/exclamation-triangle--16.svg.js                                                                                                                                                                         0.83 kB │ gzip:  0.50 kB │ map:   1.52 kB
packages/ui-legacy build: dist/components/icons/svg/pin--32.svg.js                                                                                                                                                                                          0.83 kB │ gzip:  0.51 kB │ map:   1.48 kB
packages/ui-legacy build: dist/components/icons/svg/detach--16.svg.js                                                                                                                                                                                       0.83 kB │ gzip:  0.48 kB │ map:   1.46 kB
packages/ui-legacy build: dist/components/icons/svg/devices-desktop--24.svg.js                                                                                                                                                                              0.83 kB │ gzip:  0.52 kB │ map:   1.52 kB
packages/ui-legacy build: dist/components/icons/svg/mobile-device--32.svg.js                                                                                                                                                                                0.83 kB │ gzip:  0.50 kB │ map:   1.52 kB
packages/ui-legacy build: dist/components/icons/svg/public-ips-o--16.svg.js                                                                                                                                                                                 0.83 kB │ gzip:  0.52 kB │ map:   1.48 kB
packages/ui-legacy build: dist/components/icons/svg/file--16.svg.js                                                                                                                                                                                         0.83 kB │ gzip:  0.51 kB │ map:   1.48 kB
packages/ui-legacy build: dist/components/icons/svg/profile--32.svg.js                                                                                                                                                                                      0.83 kB │ gzip:  0.52 kB │ map:   1.47 kB
packages/ui-legacy build: dist/components/icons/svg/v-center--32.svg.js                                                                                                                                                                                     0.83 kB │ gzip:  0.48 kB │ map:   1.57 kB
packages/ui-legacy build: dist/components/icons/svg/attach--16.svg.js                                                                                                                                                                                       0.83 kB │ gzip:  0.48 kB │ map:   1.47 kB
packages/ui-legacy build: dist/components/icons/svg/network-folder--16.svg.js                                                                                                                                                                               0.83 kB │ gzip:  0.49 kB │ map:   1.50 kB
packages/ui-legacy build: dist/components/icons/svg/pin--16.svg.js                                                                                                                                                                                          0.83 kB │ gzip:  0.52 kB │ map:   1.48 kB
packages/ui-legacy build: dist/components/icons/svg/recovery-ab--32.svg.js                                                                                                                                                                                  0.83 kB │ gzip:  0.54 kB │ map:   1.51 kB
packages/ui-legacy build: dist/components/icons/svg/tooltip--16.svg.js                                                                                                                                                                                      0.83 kB │ gzip:  0.45 kB │ map:   1.66 kB
packages/ui-legacy build: dist/components/icons/svg/facebook--24.svg.js                                                                                                                                                                                     0.83 kB │ gzip:  0.53 kB │ map:   1.48 kB
packages/ui-legacy build: dist/components/icons/svg/file-empty--32.svg.js                                                                                                                                                                                   0.83 kB │ gzip:  0.47 kB │ map:   1.56 kB
packages/ui-legacy build: dist/components/icons/svg/nvme-s-o--24.svg.js                                                                                                                                                                                     0.83 kB │ gzip:  0.53 kB │ map:   1.47 kB
packages/ui-legacy build: dist/components/icons/svg/reverse--16.svg.js                                                                                                                                                                                      0.83 kB │ gzip:  0.49 kB │ map:   1.47 kB
packages/ui-legacy build: dist/components/icons/svg/search-o--32.svg.js                                                                                                                                                                                     0.83 kB │ gzip:  0.51 kB │ map:   1.48 kB
packages/ui-legacy build: dist/node_modules/.pnpm/d3-array@3.2.4/node_modules/d3-array/src/quantile.js                                                                                                                                                      0.83 kB │ gzip:  0.39 kB │ map:   3.09 kB
packages/ui-legacy build: dist/components/icons/svg/drive-error--16.svg.js                                                                                                                                                                                  0.83 kB │ gzip:  0.50 kB │ map:   1.49 kB
packages/ui-legacy build: dist/components/icons/svg/nvme-status--24.svg.js                                                                                                                                                                                  0.84 kB │ gzip:  0.53 kB │ map:   1.49 kB
packages/ui-legacy build: dist/components/icons/svg/info-mix--32.svg.js                                                                                                                                                                                     0.84 kB │ gzip:  0.45 kB │ map:   1.66 kB
packages/ui-legacy build: dist/components/icons/svg/power-ab--32.svg.js                                                                                                                                                                                     0.84 kB │ gzip:  0.51 kB │ map:   1.55 kB
packages/ui-legacy build: dist/components/icons/svg/cloud--32.svg.js                                                                                                                                                                                        0.84 kB │ gzip:  0.54 kB │ map:   1.50 kB
packages/ui-legacy build: dist/components/icons/svg/start-server-o--24.svg.js                                                                                                                                                                               0.84 kB │ gzip:  0.52 kB │ map:   1.50 kB
packages/ui-legacy build: dist/components/icons/svg/migrate--16.svg.js                                                                                                                                                                                      0.84 kB │ gzip:  0.49 kB │ map:   1.58 kB
packages/ui-legacy build: dist/components/icons/svg/mobile--32.svg.js                                                                                                                                                                                       0.84 kB │ gzip:  0.48 kB │ map:   1.55 kB
packages/ui-legacy build: dist/components/icons/svg/eject-ab--32.svg.js                                                                                                                                                                                     0.84 kB │ gzip:  0.45 kB │ map:   1.67 kB
packages/ui-legacy build: dist/components/icons/svg/firewall-protection--16.svg.js                                                                                                                                                                          0.84 kB │ gzip:  0.54 kB │ map:   1.55 kB
packages/ui-legacy build: dist/components/icons/svg/stop-o--16.svg.js                                                                                                                                                                                       0.84 kB │ gzip:  0.47 kB │ map:   1.58 kB
packages/ui-legacy build: dist/node_modules/.pnpm/recharts@3.8.1_@types_react@19.2.15_react-dom@19.2.6_react@19.2.6__react-is@19.2.6_react@19.2.6_redux@5.0.1/node_modules/recharts/es6/state/selectors/combiners/combineDisplayedStackedData.js            0.84 kB │ gzip:  0.49 kB │ map:   3.57 kB
packages/ui-legacy build: dist/components/icons/svg/zendesk--16.svg.js                                                                                                                                                                                      0.84 kB │ gzip:  0.53 kB │ map:   1.48 kB
packages/ui-legacy build: dist/components/icons/svg/google-gmail--16.svg.js                                                                                                                                                                                 0.84 kB │ gzip:  0.52 kB │ map:   1.53 kB
packages/ui-legacy build: dist/components/icons/svg/right-arrow--16.svg.js                                                                                                                                                                                  0.84 kB │ gzip:  0.47 kB │ map:   1.50 kB
packages/ui-legacy build: dist/components/icons/svg/suspend-o--16.svg.js                                                                                                                                                                                    0.84 kB │ gzip:  0.45 kB │ map:   1.49 kB
packages/ui-legacy build: dist/components/icons/svg/agent-qnap--16.svg.js                                                                                                                                                                                   0.84 kB │ gzip:  0.51 kB │ map:   1.57 kB
packages/ui-legacy build: dist/components/icons/svg/mobile--16.svg.js                                                                                                                                                                                       0.84 kB │ gzip:  0.45 kB │ map:   1.55 kB
packages/ui-legacy build: dist/components/icons/svg/growth--16.svg.js                                                                                                                                                                                       0.84 kB │ gzip:  0.50 kB │ map:   1.48 kB
packages/ui-legacy build: dist/components/icons/svg/times--32.svg.js                                                                                                                                                                                        0.84 kB │ gzip:  0.47 kB │ map:   1.48 kB
packages/ui-legacy build: dist/components/icons/svg/virtual-machines--24.svg.js                                                                                                                                                                             0.84 kB │ gzip:  0.53 kB │ map:   1.55 kB
packages/ui-legacy build: dist/components/icons/svg/file--32.svg.js                                                                                                                                                                                         0.85 kB │ gzip:  0.50 kB │ map:   1.57 kB
packages/ui-legacy build: dist/components/icons/svg/windows-pc--24.svg.js                                                                                                                                                                                   0.85 kB │ gzip:  0.52 kB │ map:   1.52 kB
packages/ui-legacy build: dist/components/icons/svg/erase-ab--32.svg.js                                                                                                                                                                                     0.85 kB │ gzip:  0.53 kB │ map:   1.52 kB
packages/ui-legacy build: dist/components/icons/svg/tape-device-ab--32.svg.js                                                                                                                                                                               0.85 kB │ gzip:  0.50 kB │ map:   1.54 kB
packages/ui-legacy build: dist/components/icons/svg/automation--24.svg.js                                                                                                                                                                                   0.85 kB │ gzip:  0.47 kB │ map:   1.53 kB
packages/ui-legacy build: dist/components/icons/svg/ionos--16.svg.js                                                                                                                                                                                        0.85 kB │ gzip:  0.55 kB │ map:   1.51 kB
packages/ui-legacy build: dist/components/icons/svg/copy-o--16.svg.js                                                                                                                                                                                       0.85 kB │ gzip:  0.44 kB │ map:   1.61 kB
packages/ui-legacy build: dist/components/icons/svg/exclamation-triangle--24.svg.js                                                                                                                                                                         0.85 kB │ gzip:  0.52 kB │ map:   1.57 kB
packages/ui-legacy build: dist/components/icons/svg/stop-plan-ab--32.svg.js                                                                                                                                                                                 0.85 kB │ gzip:  0.47 kB │ map:   1.63 kB
packages/ui-legacy build: dist/components/icons/svg/error-tray--16.svg.js                                                                                                                                                                                   0.85 kB │ gzip:  0.47 kB │ map:   1.66 kB
packages/ui-legacy build: dist/components/icons/svg/executive--16.svg.js                                                                                                                                                                                    0.85 kB │ gzip:  0.47 kB │ map:   1.60 kB
packages/ui-legacy build: dist/components/icons/svg/move-ab--32.svg.js                                                                                                                                                                                      0.85 kB │ gzip:  0.50 kB │ map:   1.59 kB
packages/ui-legacy build: dist/components/icons/svg/stop-mix--32.svg.js                                                                                                                                                                                     0.85 kB │ gzip:  0.48 kB │ map:   1.69 kB
packages/ui-legacy build: dist/components/icons/svg/internet-access-o--24.svg.js                                                                                                                                                                            0.86 kB │ gzip:  0.53 kB │ map:   1.53 kB
packages/ui-legacy build: dist/components/icons/svg/azure-vm--32.svg.js                                                                                                                                                                                     0.86 kB │ gzip:  0.55 kB │ map:   1.52 kB
packages/ui-legacy build: dist/components/icons/svg/download-ab--32.svg.js                                                                                                                                                                                  0.86 kB │ gzip:  0.50 kB │ map:   1.61 kB
packages/ui-legacy build: dist/components/icons/svg/search--16.svg.js                                                                                                                                                                                       0.86 kB │ gzip:  0.52 kB │ map:   1.52 kB
packages/ui-legacy build: dist/components/icons/svg/discovery-plan-ab--32.svg.js                                                                                                                                                                            0.86 kB │ gzip:  0.50 kB │ map:   1.61 kB
packages/ui-legacy build: dist/components/icons/svg/left-arrow--16.svg.js                                                                                                                                                                                   0.86 kB │ gzip:  0.48 kB │ map:   1.51 kB
packages/ui-legacy build: dist/components/icons/svg/mail--24.svg.js                                                                                                                                                                                         0.86 kB │ gzip:  0.53 kB │ map:   1.51 kB
packages/ui-legacy build: dist/components/icons/svg/mc-afee--24.svg.js                                                                                                                                                                                      0.86 kB │ gzip:  0.52 kB │ map:   1.52 kB
packages/ui-legacy build: dist/components/icons/svg/stop--32.svg.js                                                                                                                                                                                         0.86 kB │ gzip:  0.49 kB │ map:   1.68 kB
packages/ui-legacy build: dist/components/icons/svg/agent-qnap--32.svg.js                                                                                                                                                                                   0.86 kB │ gzip:  0.52 kB │ map:   1.59 kB
packages/ui-legacy build: dist/components/icons/svg/blacklist-o--32.svg.js                                                                                                                                                                                  0.86 kB │ gzip:  0.53 kB │ map:   1.54 kB
packages/ui-legacy build: dist/components/icons/svg/forbidden--32.svg.js                                                                                                                                                                                    0.86 kB │ gzip:  0.50 kB │ map:   1.70 kB
packages/ui-legacy build: dist/components/icons/svg/close--24.svg.js                                                                                                                                                                                        0.86 kB │ gzip:  0.47 kB │ map:   1.50 kB
packages/ui-legacy build: dist/node_modules/.pnpm/react-day-picker@10.0.1_@types_react@19.2.15_react@19.2.6/node_modules/react-day-picker/dist/esm/helpers/getDates.js                                                                                      0.86 kB │ gzip:  0.48 kB │ map:   4.57 kB
packages/ui-legacy build: dist/node_modules/.pnpm/recharts@3.8.1_@types_react@19.2.15_react-dom@19.2.6_react@19.2.6__react-is@19.2.6_react@19.2.6_redux@5.0.1/node_modules/recharts/es6/util/cursor/getCursorPoints.js                                      0.86 kB │ gzip:  0.39 kB │ map:   2.51 kB
packages/ui-legacy build: dist/components/icons/svg/backup-ab--32.svg.js                                                                                                                                                                                    0.87 kB │ gzip:  0.53 kB │ map:   1.59 kB
packages/ui-legacy build: dist/components/icons/svg/circle-o--32.svg.js                                                                                                                                                                                     0.87 kB │ gzip:  0.49 kB │ map:   1.51 kB
packages/ui-legacy build: dist/components/icons/svg/direction--16.svg.js                                                                                                                                                                                    0.87 kB │ gzip:  0.51 kB │ map:   1.54 kB
packages/ui-legacy build: dist/components/icons/svg/workstations--32.svg.js                                                                                                                                                                                 0.87 kB │ gzip:  0.55 kB │ map:   1.56 kB
packages/ui-legacy build: dist/components/icons/svg/ionos--32.svg.js                                                                                                                                                                                        0.87 kB │ gzip:  0.56 kB │ map:   1.53 kB
packages/ui-legacy build: dist/components/icons/svg/product-tray--32.svg.js                                                                                                                                                                                 0.87 kB │ gzip:  0.53 kB │ map:   1.60 kB
packages/ui-legacy build: dist/components/icons/svg/close--16.svg.js                                                                                                                                                                                        0.87 kB │ gzip:  0.45 kB │ map:   1.51 kB
packages/ui-legacy build: dist/components/icons/svg/upload--24.svg.js                                                                                                                                                                                       0.87 kB │ gzip:  0.49 kB │ map:   1.51 kB
packages/ui-legacy build: dist/components/icons/svg/apps--16.svg.js                                                                                                                                                                                         0.87 kB │ gzip:  0.43 kB │ map:   1.50 kB
packages/ui-legacy build: dist/components/icons/svg/archive-o--32.svg.js                                                                                                                                                                                    0.87 kB │ gzip:  0.49 kB │ map:   1.62 kB
packages/ui-legacy build: dist/components/icons/svg/clone-copy-ab--32.svg.js                                                                                                                                                                                0.87 kB │ gzip:  0.49 kB │ map:   1.64 kB
packages/ui-legacy build: dist/components/icons/svg/convert-to-vm-plan-ab--32.svg.js                                                                                                                                                                        0.87 kB │ gzip:  0.56 kB │ map:   1.59 kB
packages/ui-legacy build: dist/components/icons/svg/info--32.svg.js                                                                                                                                                                                         0.88 kB │ gzip:  0.47 kB │ map:   1.69 kB
packages/ui-legacy build: dist/components/ui/progress.js                                                                                                                                                                                                    0.88 kB │ gzip:  0.47 kB │ map:   1.64 kB
packages/ui-legacy build: dist/components/icons/svg/install--32.svg.js                                                                                                                                                                                      0.88 kB │ gzip:  0.50 kB │ map:   1.54 kB
packages/ui-legacy build: dist/components/icons/svg/layout-o--32.svg.js                                                                                                                                                                                     0.88 kB │ gzip:  0.49 kB │ map:   1.54 kB
packages/ui-legacy build: dist/components/icons/svg/run-now-ab--32.svg.js                                                                                                                                                                                   0.88 kB │ gzip:  0.49 kB │ map:   1.65 kB
packages/ui-legacy build: dist/node_modules/.pnpm/recharts@3.8.1_@types_react@19.2.15_react-dom@19.2.6_react@19.2.6__react-is@19.2.6_react@19.2.6_redux@5.0.1/node_modules/recharts/es6/util/scale/createCategoricalInverse.js                              0.88 kB │ gzip:  0.43 kB │ map:   3.97 kB
packages/ui-legacy build: dist/components/icons/svg/download--24.svg.js                                                                                                                                                                                     0.88 kB │ gzip:  0.47 kB │ map:   1.53 kB
packages/ui-legacy build: dist/components/icons/svg/nfs-share--32.svg.js                                                                                                                                                                                    0.88 kB │ gzip:  0.53 kB │ map:   1.53 kB
packages/ui-legacy build: dist/components/icons/svg/text-file-o--16.svg.js                                                                                                                                                                                  0.88 kB │ gzip:  0.47 kB │ map:   1.53 kB
packages/ui-legacy build: dist/components/icons/svg/add-to-group-ab--32.svg.js                                                                                                                                                                              0.88 kB │ gzip:  0.56 kB │ map:   1.57 kB
packages/ui-legacy build: dist/components/icons/svg/export-ab--32.svg.js                                                                                                                                                                                    0.88 kB │ gzip:  0.48 kB │ map:   1.67 kB
packages/ui-legacy build: dist/components/icons/svg/trash-o--24.svg.js                                                                                                                                                                                      0.88 kB │ gzip:  0.44 kB │ map:   1.52 kB
packages/ui-legacy build: dist/node_modules/.pnpm/d3-scale@4.0.2/node_modules/d3-scale/src/threshold.js                                                                                                                                                     0.88 kB │ gzip:  0.43 kB │ map:   2.19 kB
packages/ui-legacy build: dist/components/icons/svg/show--16.svg.js                                                                                                                                                                                         0.88 kB │ gzip:  0.55 kB │ map:   1.51 kB
packages/ui-legacy build: dist/components/icons/svg/cloud-app-backup-plan-ab--32.svg.js                                                                                                                                                                     0.88 kB │ gzip:  0.56 kB │ map:   1.61 kB
packages/ui-legacy build: dist/components/icons/svg/lock--32.svg.js                                                                                                                                                                                         0.88 kB │ gzip:  0.54 kB │ map:   1.54 kB
packages/ui-legacy build: dist/components/icons/svg/ban-o--24.svg.js                                                                                                                                                                                        0.89 kB │ gzip:  0.52 kB │ map:   1.52 kB
packages/ui-legacy build: dist/components/icons/svg/tape--16.svg.js                                                                                                                                                                                         0.89 kB │ gzip:  0.50 kB │ map:   1.62 kB
packages/ui-legacy build: dist/components/icons/svg/bridge--24.svg.js                                                                                                                                                                                       0.89 kB │ gzip:  0.46 kB │ map:   1.55 kB
packages/ui-legacy build: dist/components/icons/svg/devices-phone-o--24.svg.js                                                                                                                                                                              0.89 kB │ gzip:  0.50 kB │ map:   1.66 kB
packages/ui-legacy build: dist/components/icons/svg/network-folder--32.svg.js                                                                                                                                                                               0.89 kB │ gzip:  0.53 kB │ map:   1.56 kB
packages/ui-legacy build: dist/components/icons/svg/backup-plan-ab--32.svg.js                                                                                                                                                                               0.89 kB │ gzip:  0.46 kB │ map:   1.80 kB
packages/ui-legacy build: dist/components/icons/svg/devices-tablet--24.svg.js                                                                                                                                                                               0.89 kB │ gzip:  0.50 kB │ map:   1.66 kB
packages/ui-legacy build: dist/components/icons/svg/loading--32.svg.js                                                                                                                                                                                      0.89 kB │ gzip:  0.46 kB │ map:   1.76 kB
packages/ui-legacy build: dist/components/icons/svg/network-tape-ab--24.svg.js                                                                                                                                                                              0.89 kB │ gzip:  0.54 kB │ map:   1.59 kB
packages/ui-legacy build: dist/components/icons/svg/resume--16.svg.js                                                                                                                                                                                       0.89 kB │ gzip:  0.52 kB │ map:   1.63 kB
packages/ui-legacy build: dist/components/icons/svg/autodiscovery--24.svg.js                                                                                                                                                                                0.89 kB │ gzip:  0.56 kB │ map:   1.56 kB
packages/ui-legacy build: dist/components/icons/svg/oracle-agent--16.svg.js                                                                                                                                                                                 0.89 kB │ gzip:  0.49 kB │ map:   1.66 kB
packages/ui-legacy build: dist/components/icons/svg/loading--48.svg.js                                                                                                                                                                                      0.89 kB │ gzip:  0.46 kB │ map:   1.76 kB
packages/ui-legacy build: dist/components/icons/svg/minus-rounded--16.svg.js                                                                                                                                                                                0.90 kB │ gzip:  0.50 kB │ map:   1.66 kB
packages/ui-legacy build: dist/components/icons/svg/reverse-o--16.svg.js                                                                                                                                                                                    0.90 kB │ gzip:  0.52 kB │ map:   1.64 kB
packages/ui-legacy build: dist/node_modules/.pnpm/internmap@2.0.3/node_modules/internmap/src/index.js                                                                                                                                                       0.90 kB │ gzip:  0.40 kB │ map:   3.09 kB
packages/ui-legacy build: dist/components/icons/svg/posts--32.svg.js                                                                                                                                                                                        0.90 kB │ gzip:  0.48 kB │ map:   1.53 kB
packages/ui-legacy build: dist/components/icons/svg/lock--16.svg.js                                                                                                                                                                                         0.90 kB │ gzip:  0.55 kB │ map:   1.55 kB
packages/ui-legacy build: dist/components/icons/svg/expand--24.svg.js                                                                                                                                                                                       0.90 kB │ gzip:  0.50 kB │ map:   1.54 kB
packages/ui-legacy build: dist/components/icons/svg/check-double--16.svg.js                                                                                                                                                                                 0.90 kB │ gzip:  0.51 kB │ map:   1.56 kB
packages/ui-legacy build: dist/components/icons/svg/ms-win-defender--24.svg.js                                                                                                                                                                              0.90 kB │ gzip:  0.57 kB │ map:   1.57 kB
packages/ui-legacy build: dist/components/icons/svg/android--32.svg.js                                                                                                                                                                                      0.90 kB │ gzip:  0.56 kB │ map:   1.54 kB
packages/ui-legacy build: dist/components/icons/svg/time-tray--16.svg.js                                                                                                                                                                                    0.90 kB │ gzip:  0.51 kB │ map:   1.73 kB
packages/ui-legacy build: dist/components/icons/svg/disk-ab--32.svg.js                                                                                                                                                                                      0.90 kB │ gzip:  0.50 kB │ map:   1.64 kB
packages/ui-legacy build: dist/components/icons/svg/mailboxes-ab--32.svg.js                                                                                                                                                                                 0.90 kB │ gzip:  0.56 kB │ map:   1.59 kB
packages/ui-legacy build: dist/components/icons/svg/x-twitter--24.svg.js                                                                                                                                                                                    0.90 kB │ gzip:  0.54 kB │ map:   1.65 kB
packages/ui-legacy build: dist/node_modules/.pnpm/d3-interpolate@3.0.1/node_modules/d3-interpolate/src/string.js                                                                                                                                            0.90 kB │ gzip:  0.49 kB │ map:   3.34 kB
packages/ui-legacy build: dist/components/icons/svg/duplicate--16.svg.js                                                                                                                                                                                    0.90 kB │ gzip:  0.50 kB │ map:   1.66 kB
packages/ui-legacy build: dist/components/icons/svg/email--32.svg.js                                                                                                                                                                                        0.91 kB │ gzip:  0.53 kB │ map:   1.61 kB
packages/ui-legacy build: dist/components/icons/svg/loading--24.svg.js                                                                                                                                                                                      0.91 kB │ gzip:  0.47 kB │ map:   1.78 kB
packages/ui-legacy build: dist/components/icons/svg/messages--32.svg.js                                                                                                                                                                                     0.91 kB │ gzip:  0.55 kB │ map:   1.58 kB
packages/ui-legacy build: dist/components/icons/svg/refresh--32.svg.js                                                                                                                                                                                      0.91 kB │ gzip:  0.57 kB │ map:   1.55 kB
packages/ui-legacy build: dist/components/icons/svg/show-way--16.svg.js                                                                                                                                                                                     0.91 kB │ gzip:  0.55 kB │ map:   1.55 kB
packages/ui-legacy build: dist/components/icons/svg/time-hurry-tray--16.svg.js                                                                                                                                                                              0.91 kB │ gzip:  0.51 kB │ map:   1.76 kB
packages/ui-legacy build: dist/components/icons/svg/upload--16.svg.js                                                                                                                                                                                       0.91 kB │ gzip:  0.51 kB │ map:   1.57 kB
packages/ui-legacy build: dist/components/icons/svg/time-no-more-tray--16.svg.js                                                                                                                                                                            0.91 kB │ gzip:  0.51 kB │ map:   1.76 kB
packages/ui-legacy build: dist/components/icons/svg/download--16.svg.js                                                                                                                                                                                     0.91 kB │ gzip:  0.50 kB │ map:   1.58 kB
packages/ui-legacy build: dist/components/icons/svg/chevron-select--16.svg.js                                                                                                                                                                               0.91 kB │ gzip:  0.53 kB │ map:   1.58 kB
packages/ui-legacy build: dist/components/icons/svg/file-image--16.svg.js                                                                                                                                                                                   0.91 kB │ gzip:  0.56 kB │ map:   1.59 kB
packages/ui-legacy build: dist/components/icons/svg/psa-free-features--16.svg.js                                                                                                                                                                            0.91 kB │ gzip:  0.57 kB │ map:   1.61 kB
packages/ui-legacy build: dist/components/icons/svg/alert-tray--16.svg.js                                                                                                                                                                                   0.91 kB │ gzip:  0.52 kB │ map:   1.72 kB
packages/ui-legacy build: dist/components/icons/svg/bell--24.svg.js                                                                                                                                                                                         0.91 kB │ gzip:  0.58 kB │ map:   1.54 kB
packages/ui-legacy build: dist/components/icons/svg/send--16.svg.js                                                                                                                                                                                         0.91 kB │ gzip:  0.57 kB │ map:   1.57 kB
packages/ui-legacy build: dist/node_modules/.pnpm/d3-scale@4.0.2/node_modules/d3-scale/src/pow.js                                                                                                                                                           0.91 kB │ gzip:  0.43 kB │ map:   2.52 kB
packages/ui-legacy build: dist/components/icons/svg/delete-ab--32.svg.js                                                                                                                                                                                    0.91 kB │ gzip:  0.49 kB │ map:   1.66 kB
packages/ui-legacy build: dist/components/icons/svg/file-audio--16.svg.js                                                                                                                                                                                   0.91 kB │ gzip:  0.54 kB │ map:   1.59 kB
packages/ui-legacy build: dist/components/icons/svg/nvme--16.svg.js                                                                                                                                                                                         0.91 kB │ gzip:  0.55 kB │ map:   1.57 kB
packages/ui-legacy build: dist/components/icons/svg/file-zip--32.svg.js                                                                                                                                                                                     0.92 kB │ gzip:  0.49 kB │ map:   1.63 kB
packages/ui-legacy build: dist/components/icons/svg/network-folder-o--24.svg.js                                                                                                                                                                             0.92 kB │ gzip:  0.55 kB │ map:   1.59 kB
packages/ui-legacy build: dist/components/icons/svg/trial-tray--32.svg.js                                                                                                                                                                                   0.92 kB │ gzip:  0.51 kB │ map:   1.78 kB
packages/ui-legacy build: dist/components/icons/svg/upgrade--16.svg.js                                                                                                                                                                                      0.92 kB │ gzip:  0.57 kB │ map:   1.58 kB
packages/ui-legacy build: dist/components/icons/svg/profile--24.svg.js                                                                                                                                                                                      0.92 kB │ gzip:  0.55 kB │ map:   1.58 kB
packages/ui-legacy build: dist/node_modules/.pnpm/es-toolkit@1.47.0/node_modules/es-toolkit/dist/compat/util/iteratee.js                                                                                                                                    0.92 kB │ gzip:  0.41 kB │ map:   3.15 kB
packages/ui-legacy build: dist/components/icons/svg/file-text--32.svg.js                                                                                                                                                                                    0.92 kB │ gzip:  0.52 kB │ map:   1.66 kB
packages/ui-legacy build: dist/components/icons/svg/files-o--24.svg.js                                                                                                                                                                                      0.92 kB │ gzip:  0.47 kB │ map:   1.56 kB
packages/ui-legacy build: dist/components/icons/svg/manage-rules--16.svg.js                                                                                                                                                                                 0.92 kB │ gzip:  0.41 kB │ map:   1.58 kB
packages/ui-legacy build: dist/components/icons/svg/rocket--32.svg.js                                                                                                                                                                                       0.92 kB │ gzip:  0.51 kB │ map:   1.67 kB
packages/ui-legacy build: dist/components/icons/svg/like-o--16.svg.js                                                                                                                                                                                       0.92 kB │ gzip:  0.59 kB │ map:   1.58 kB
packages/ui-legacy build: dist/components/icons/svg/patch-manage--24.svg.js                                                                                                                                                                                 0.92 kB │ gzip:  0.53 kB │ map:   1.61 kB
packages/ui-legacy build: dist/node_modules/.pnpm/recharts@3.8.1_@types_react@19.2.15_react-dom@19.2.6_react@19.2.6__react-is@19.2.6_react@19.2.6_redux@5.0.1/node_modules/recharts/es6/util/useElementOffset.js                                            0.92 kB │ gzip:  0.46 kB │ map:   3.29 kB
packages/ui-legacy build: dist/node_modules/.pnpm/d3-scale@4.0.2/node_modules/d3-scale/src/ordinal.js                                                                                                                                                       0.92 kB │ gzip:  0.47 kB │ map:   2.34 kB
packages/ui-legacy build: dist/components/icons/svg/edit--16.svg.js                                                                                                                                                                                         0.92 kB │ gzip:  0.55 kB │ map:   1.55 kB
packages/ui-legacy build: dist/components/icons/svg/laptop-windows-ab--24.svg.js                                                                                                                                                                            0.92 kB │ gzip:  0.53 kB │ map:   1.70 kB
packages/ui-legacy build: dist/components/icons/svg/loading--16.svg.js                                                                                                                                                                                      0.92 kB │ gzip:  0.48 kB │ map:   1.82 kB
packages/ui-legacy build: dist/node_modules/.pnpm/react-day-picker@10.0.1_@types_react@19.2.15_react@19.2.6/node_modules/react-day-picker/dist/esm/utils/convertMatchersToTimeZone.js                                                                       0.93 kB │ gzip:  0.43 kB │ map:   3.68 kB
packages/ui-legacy build: dist/components/icons/svg/list--24.svg.js                                                                                                                                                                                         0.93 kB │ gzip:  0.43 kB │ map:   1.56 kB
packages/ui-legacy build: dist/components/icons/svg/oracle-agent--24.svg.js                                                                                                                                                                                 0.93 kB │ gzip:  0.52 kB │ map:   1.69 kB
packages/ui-legacy build: dist/components/icons/svg/laptop-windows-ab--32.svg.js                                                                                                                                                                            0.93 kB │ gzip:  0.52 kB │ map:   1.70 kB
packages/ui-legacy build: dist/components/icons/svg/network-tape-ab--32.svg.js                                                                                                                                                                              0.93 kB │ gzip:  0.54 kB │ map:   1.62 kB
packages/ui-legacy build: dist/components/icons/svg/partition--32.svg.js                                                                                                                                                                                    0.93 kB │ gzip:  0.54 kB │ map:   1.65 kB
packages/ui-legacy build: dist/components/icons/svg/case-o--16.svg.js                                                                                                                                                                                       0.93 kB │ gzip:  0.55 kB │ map:   1.59 kB
packages/ui-legacy build: dist/components/icons/svg/dislike-o--16.svg.js                                                                                                                                                                                    0.93 kB │ gzip:  0.60 kB │ map:   1.60 kB
packages/ui-legacy build: dist/components/icons/svg/execute-runbook--24.svg.js                                                                                                                                                                              0.93 kB │ gzip:  0.56 kB │ map:   1.63 kB
packages/ui-legacy build: dist/components/icons/svg/general-info--32.svg.js                                                                                                                                                                                 0.93 kB │ gzip:  0.51 kB │ map:   1.69 kB
packages/ui-legacy build: dist/components/icons/svg/image--24.svg.js                                                                                                                                                                                        0.93 kB │ gzip:  0.49 kB │ map:   1.69 kB
packages/ui-legacy build: dist/components/icons/svg/psa-free-features--24.svg.js                                                                                                                                                                            0.93 kB │ gzip:  0.60 kB │ map:   1.63 kB
packages/ui-legacy build: dist/node_modules/.pnpm/es-toolkit@1.47.0/node_modules/es-toolkit/dist/compat/function/debounce.js                                                                                                                                0.93 kB │ gzip:  0.48 kB │ map:   2.44 kB
packages/ui-legacy build: dist/node_modules/.pnpm/react-day-picker@10.0.1_@types_react@19.2.15_react@19.2.6/node_modules/react-day-picker/dist/esm/labels/index.js                                                                                          0.93 kB │ gzip:  0.31 kB │ map:   0.10 kB
packages/ui-legacy build: dist/components/icons/svg/files-o--16.svg.js                                                                                                                                                                                      0.93 kB │ gzip:  0.53 kB │ map:   1.57 kB
packages/ui-legacy build: dist/components/icons/svg/stopped-circle--16.svg.js                                                                                                                                                                               0.93 kB │ gzip:  0.48 kB │ map:   1.83 kB
packages/ui-legacy build: dist/components/icons/svg/clipboard-import--32.svg.js                                                                                                                                                                             0.94 kB │ gzip:  0.56 kB │ map:   1.61 kB
packages/ui-legacy build: dist/components/icons/svg/like--16.svg.js                                                                                                                                                                                         0.94 kB │ gzip:  0.54 kB │ map:   1.66 kB
packages/ui-legacy build: dist/components/icons/svg/services-o--16.svg.js                                                                                                                                                                                   0.94 kB │ gzip:  0.45 kB │ map:   1.59 kB
packages/ui-legacy build: dist/components/icons/svg/collapse-menu--16.svg.js                                                                                                                                                                                0.94 kB │ gzip:  0.50 kB │ map:   1.63 kB
packages/ui-legacy build: dist/components/icons/svg/san-ab--24.svg.js                                                                                                                                                                                       0.94 kB │ gzip:  0.50 kB │ map:   1.60 kB
packages/ui-legacy build: dist/components/icons/svg/script-ab-o--32.svg.js                                                                                                                                                                                  0.94 kB │ gzip:  0.56 kB │ map:   1.61 kB
packages/ui-legacy build: dist/node_modules/.pnpm/date-fns@4.3.0/node_modules/date-fns/locale/_lib/buildMatchFn.js                                                                                                                                          0.94 kB │ gzip:  0.46 kB │ map:   2.85 kB
packages/ui-legacy build: dist/components/icons/svg/dislike--16.svg.js                                                                                                                                                                                      0.94 kB │ gzip:  0.54 kB │ map:   1.68 kB
packages/ui-legacy build: dist/components/icons/svg/san-ab--32.svg.js                                                                                                                                                                                       0.94 kB │ gzip:  0.50 kB │ map:   1.60 kB
packages/ui-legacy build: dist/components/icons/svg/ball-o--16.svg.js                                                                                                                                                                                       0.94 kB │ gzip:  0.48 kB │ map:   1.83 kB
packages/ui-legacy build: dist/components/icons/svg/services-o--24.svg.js                                                                                                                                                                                   0.94 kB │ gzip:  0.45 kB │ map:   1.59 kB
packages/ui-legacy build: dist/components/icons/svg/last-range--16.svg.js                                                                                                                                                                                   0.94 kB │ gzip:  0.53 kB │ map:   1.70 kB
packages/ui-legacy build: dist/components/icons/svg/unshelve-o--16.svg.js                                                                                                                                                                                   0.94 kB │ gzip:  0.56 kB │ map:   1.62 kB
packages/ui-legacy build: dist/components/icons/svg/external-link--16.svg.js                                                                                                                                                                                0.95 kB │ gzip:  0.54 kB │ map:   1.68 kB
packages/ui-legacy build: dist/components/icons/svg/next-range--16.svg.js                                                                                                                                                                                   0.95 kB │ gzip:  0.54 kB │ map:   1.70 kB
packages/ui-legacy build: dist/components/icons/svg/file-onenote--32.svg.js                                                                                                                                                                                 0.95 kB │ gzip:  0.54 kB │ map:   1.70 kB
packages/ui-legacy build: dist/components/icons/svg/backups-ab--24.svg.js                                                                                                                                                                                   0.95 kB │ gzip:  0.43 kB │ map:   1.74 kB
packages/ui-legacy build: dist/components/icons/svg/cmis--24.svg.js                                                                                                                                                                                         0.95 kB │ gzip:  0.49 kB │ map:   1.68 kB
packages/ui-legacy build: dist/components/icons/svg/forbidden-mix--32.svg.js                                                                                                                                                                                0.95 kB │ gzip:  0.51 kB │ map:   1.79 kB
packages/ui-legacy build: dist/components/icons/svg/remove-from-group-ab--32.svg.js                                                                                                                                                                         0.95 kB │ gzip:  0.57 kB │ map:   1.74 kB
packages/ui-legacy build: dist/components/icons/svg/console-log--16.svg.js                                                                                                                                                                                  0.95 kB │ gzip:  0.49 kB │ map:   1.71 kB
packages/ui-legacy build: dist/components/icons/svg/network-folder-mix--32.svg.js                                                                                                                                                                           0.95 kB │ gzip:  0.59 kB │ map:   1.63 kB
packages/ui-legacy build: dist/components/icons/svg/search--24.svg.js                                                                                                                                                                                       0.95 kB │ gzip:  0.57 kB │ map:   1.61 kB
packages/ui-legacy build: dist/components/icons/svg/mandatory--16.svg.js                                                                                                                                                                                    0.95 kB │ gzip:  0.57 kB │ map:   1.60 kB
packages/ui-legacy build: dist/components/icons/svg/shelve--16.svg.js                                                                                                                                                                                       0.95 kB │ gzip:  0.56 kB │ map:   1.61 kB
packages/ui-legacy build: dist/components/icons/svg/trash-o--32.svg.js                                                                                                                                                                                      0.95 kB │ gzip:  0.50 kB │ map:   1.59 kB
packages/ui-legacy build: dist/components/icons/svg/user--32.svg.js                                                                                                                                                                                         0.95 kB │ gzip:  0.59 kB │ map:   1.58 kB
packages/ui-legacy build: dist/components/icons/svg/expand-menu--16.svg.js                                                                                                                                                                                  0.95 kB │ gzip:  0.48 kB │ map:   1.63 kB
packages/ui-legacy build: dist/components/icons/svg/sign--32.svg.js                                                                                                                                                                                         0.95 kB │ gzip:  0.58 kB │ map:   1.58 kB
packages/ui-legacy build: dist/node_modules/.pnpm/d3-array@3.2.4/node_modules/d3-array/src/bisector.js                                                                                                                                                      0.96 kB │ gzip:  0.40 kB │ map:   3.12 kB
packages/ui-legacy build: dist/components/icons/svg/clean--32.svg.js                                                                                                                                                                                        0.96 kB │ gzip:  0.61 kB │ map:   1.59 kB
packages/ui-legacy build: dist/components/icons/svg/clean-up-o--24.svg.js                                                                                                                                                                                   0.96 kB │ gzip:  0.60 kB │ map:   1.61 kB
packages/ui-legacy build: dist/components/icons/svg/details--24.svg.js                                                                                                                                                                                      0.96 kB │ gzip:  0.48 kB │ map:   1.63 kB
packages/ui-legacy build: dist/components/icons/svg/empty-o--24.svg.js                                                                                                                                                                                      0.96 kB │ gzip:  0.57 kB │ map:   1.60 kB
packages/ui-legacy build: dist/components/icons/svg/pencil-o--16.svg.js                                                                                                                                                                                     0.96 kB │ gzip:  0.58 kB │ map:   1.60 kB
packages/ui-legacy build: dist/components/icons/svg/tape-library-group--32.svg.js                                                                                                                                                                           0.96 kB │ gzip:  0.51 kB │ map:   1.81 kB
packages/ui-legacy build: dist/components/icons/svg/test-replica-ab--32.svg.js                                                                                                                                                                              0.96 kB │ gzip:  0.61 kB │ map:   1.65 kB
packages/ui-legacy build: dist/components/icons/svg/run-circle--16.svg.js                                                                                                                                                                                   0.96 kB │ gzip:  0.50 kB │ map:   1.84 kB
packages/ui-legacy build: dist/components/icons/svg/clean--16.svg.js                                                                                                                                                                                        0.96 kB │ gzip:  0.61 kB │ map:   1.60 kB
packages/ui-legacy build: dist/components/icons/svg/drawer--32.svg.js                                                                                                                                                                                       0.96 kB │ gzip:  0.52 kB │ map:   1.70 kB
packages/ui-legacy build: dist/components/icons/svg/virtuozzo-platform-ab--24.svg.js                                                                                                                                                                        0.96 kB │ gzip:  0.60 kB │ map:   1.68 kB
packages/ui-legacy build: dist/components/icons/svg/analysis--16.svg.js                                                                                                                                                                                     0.96 kB │ gzip:  0.61 kB │ map:   1.63 kB
packages/ui-legacy build: dist/components/icons/svg/quick-scan--32.svg.js                                                                                                                                                                                   0.96 kB │ gzip:  0.52 kB │ map:   1.61 kB
packages/ui-legacy build: dist/node_modules/.pnpm/recharts@3.8.1_@types_react@19.2.15_react-dom@19.2.6_react@19.2.6__react-is@19.2.6_react@19.2.6_redux@5.0.1/node_modules/recharts/es6/util/types.js                                                       0.96 kB │ gzip:  0.47 kB │ map:  10.89 kB
packages/ui-legacy build: dist/components/icons/svg/chevron-updown--16.svg.js                                                                                                                                                                               0.96 kB │ gzip:  0.55 kB │ map:   1.66 kB
packages/ui-legacy build: dist/components/icons/svg/delete--16.svg.js                                                                                                                                                                                       0.96 kB │ gzip:  0.50 kB │ map:   1.70 kB
packages/ui-legacy build: dist/components/icons/svg/ovirt--16.svg.js                                                                                                                                                                                        0.96 kB │ gzip:  0.56 kB │ map:   1.70 kB
packages/ui-legacy build: dist/components/icons/svg/vulnerability--16.svg.js                                                                                                                                                                                0.96 kB │ gzip:  0.53 kB │ map:   1.70 kB
packages/ui-legacy build: dist/components/ui/split-layout.js                                                                                                                                                                                                0.96 kB │ gzip:  0.47 kB │ map:   1.98 kB
packages/ui-legacy build: dist/components/icons/svg/backups-ab--32.svg.js                                                                                                                                                                                   0.96 kB │ gzip:  0.43 kB │ map:   1.76 kB
packages/ui-legacy build: dist/components/icons/svg/pin-outline--32.svg.js                                                                                                                                                                                  0.96 kB │ gzip:  0.62 kB │ map:   1.64 kB
packages/ui-legacy build: dist/components/icons/svg/case--24.svg.js                                                                                                                                                                                         0.97 kB │ gzip:  0.55 kB │ map:   1.62 kB
packages/ui-legacy build: dist/components/icons/svg/edit-rename-ab--32.svg.js                                                                                                                                                                               0.97 kB │ gzip:  0.53 kB │ map:   1.80 kB
packages/ui-legacy build: dist/components/icons/svg/hide-panel--24.svg.js                                                                                                                                                                                   0.97 kB │ gzip:  0.55 kB │ map:   1.64 kB
packages/ui-legacy build: dist/components/icons/svg/show-panel--24.svg.js                                                                                                                                                                                   0.97 kB │ gzip:  0.55 kB │ map:   1.64 kB
packages/ui-legacy build: dist/components/icons/svg/eth-notarize-o--16.svg.js                                                                                                                                                                               0.97 kB │ gzip:  0.47 kB │ map:   1.63 kB
packages/ui-legacy build: dist/components/icons/svg/content-hub-o--32.svg.js                                                                                                                                                                                0.97 kB │ gzip:  0.52 kB │ map:   1.73 kB
packages/ui-legacy build: dist/components/icons/svg/dlp-workstation-o--16.svg.js                                                                                                                                                                            0.97 kB │ gzip:  0.58 kB │ map:   1.67 kB
packages/ui-legacy build: dist/components/icons/svg/external-drive--32.svg.js                                                                                                                                                                               0.97 kB │ gzip:  0.61 kB │ map:   1.66 kB
packages/ui-legacy build: dist/components/icons/svg/protect-group-ab--32.svg.js                                                                                                                                                                             0.97 kB │ gzip:  0.62 kB │ map:   1.67 kB
packages/ui-legacy build: dist/components/icons/svg/devices-esx-i-host--24.svg.js                                                                                                                                                                           0.97 kB │ gzip:  0.53 kB │ map:   1.67 kB
packages/ui-legacy build: dist/components/icons/svg/ipn--16.svg.js                                                                                                                                                                                          0.97 kB │ gzip:  0.61 kB │ map:   1.62 kB
packages/ui-legacy build: dist/components/icons/svg/play--32.svg.js                                                                                                                                                                                         0.97 kB │ gzip:  0.54 kB │ map:   1.74 kB
packages/ui-legacy build: dist/components/icons/svg/unknown-mix--32.svg.js                                                                                                                                                                                  0.97 kB │ gzip:  0.52 kB │ map:   1.73 kB
packages/ui-legacy build: dist/components/icons/svg/recover--32.svg.js                                                                                                                                                                                      0.97 kB │ gzip:  0.59 kB │ map:   1.64 kB
packages/ui-legacy build: dist/components/icons/svg/tasks--32.svg.js                                                                                                                                                                                        0.97 kB │ gzip:  0.50 kB │ map:   1.74 kB
packages/ui-legacy build: dist/components/icons/svg/account-tray--16.svg.js                                                                                                                                                                                 0.97 kB │ gzip:  0.56 kB │ map:   1.79 kB
packages/ui-legacy build: dist/components/icons/svg/g-suite-team--24.svg.js                                                                                                                                                                                 0.97 kB │ gzip:  0.60 kB │ map:   1.63 kB
packages/ui-legacy build: dist/components/icons/svg/play-mix--32.svg.js                                                                                                                                                                                     0.97 kB │ gzip:  0.53 kB │ map:   1.76 kB
packages/ui-legacy build: dist/components/icons/svg/pause--32.svg.js                                                                                                                                                                                        0.98 kB │ gzip:  0.51 kB │ map:   1.75 kB
packages/ui-legacy build: dist/components/icons/svg/apps--24.svg.js                                                                                                                                                                                         0.98 kB │ gzip:  0.44 kB │ map:   1.61 kB
packages/ui-legacy build: dist/components/icons/svg/recover--16.svg.js                                                                                                                                                                                      0.98 kB │ gzip:  0.58 kB │ map:   1.64 kB
packages/ui-legacy build: dist/components/icons/svg/calculator--16.svg.js                                                                                                                                                                                   0.98 kB │ gzip:  0.52 kB │ map:   1.66 kB
packages/ui-legacy build: dist/components/icons/svg/power-o--24.svg.js                                                                                                                                                                                      0.98 kB │ gzip:  0.60 kB │ map:   1.62 kB
packages/ui-legacy build: dist/components/icons/svg/check--16.svg.js                                                                                                                                                                                        0.98 kB │ gzip:  0.48 kB │ map:   1.84 kB
packages/ui-legacy build: dist/components/icons/svg/expand--16.svg.js                                                                                                                                                                                       0.98 kB │ gzip:  0.53 kB │ map:   1.72 kB
packages/ui-legacy build: dist/components/icons/svg/g-suite-team--16.svg.js                                                                                                                                                                                 0.98 kB │ gzip:  0.60 kB │ map:   1.64 kB
packages/ui-legacy build: dist/components/icons/svg/services--32.svg.js                                                                                                                                                                                     0.98 kB │ gzip:  0.49 kB │ map:   1.65 kB
packages/ui-legacy build: dist/components/icons/svg/zoom-out--16.svg.js                                                                                                                                                                                     0.98 kB │ gzip:  0.55 kB │ map:   1.72 kB
packages/ui-legacy build: dist/components/icons/svg/stop--16.svg.js                                                                                                                                                                                         0.98 kB │ gzip:  0.47 kB │ map:   2.04 kB
packages/ui-legacy build: dist/components/icons/svg/tower-mix--32.svg.js                                                                                                                                                                                    0.98 kB │ gzip:  0.55 kB │ map:   1.70 kB
packages/ui-legacy build: dist/components/icons/svg/network-ds--24.svg.js                                                                                                                                                                                   0.98 kB │ gzip:  0.59 kB │ map:   1.66 kB
packages/ui-legacy build: dist/components/icons/svg/asz-ab--24.svg.js                                                                                                                                                                                       0.99 kB │ gzip:  0.63 kB │ map:   1.64 kB
packages/ui-legacy build: dist/components/icons/svg/db--24.svg.js                                                                                                                                                                                           0.99 kB │ gzip:  0.57 kB │ map:   1.63 kB
packages/ui-legacy build: dist/components/icons/svg/pause-mix--32.svg.js                                                                                                                                                                                    0.99 kB │ gzip:  0.50 kB │ map:   1.78 kB
packages/ui-legacy build: dist/components/icons/svg/rocket--24.svg.js                                                                                                                                                                                       0.99 kB │ gzip:  0.52 kB │ map:   1.74 kB
packages/ui-legacy build: dist/components/icons/svg/tower--32.svg.js                                                                                                                                                                                        0.99 kB │ gzip:  0.54 kB │ map:   1.69 kB
packages/ui-legacy build: dist/components/icons/svg/arrow-down-circled-o--32.svg.js                                                                                                                                                                         0.99 kB │ gzip:  0.59 kB │ map:   1.70 kB
packages/ui-legacy build: dist/components/ui/avatar.js                                                                                                                                                                                                      0.99 kB │ gzip:  0.43 kB │ map:   2.16 kB
packages/ui-legacy build: dist/components/icons/svg/restart--16.svg.js                                                                                                                                                                                      0.99 kB │ gzip:  0.59 kB │ map:   1.63 kB
packages/ui-legacy build: dist/components/icons/svg/google-gmail--24.svg.js                                                                                                                                                                                 0.99 kB │ gzip:  0.60 kB │ map:   1.68 kB
packages/ui-legacy build: dist/components/icons/svg/unknown--32.svg.js                                                                                                                                                                                      0.99 kB │ gzip:  0.54 kB │ map:   1.73 kB
packages/ui-legacy build: dist/components/icons/svg/update-catalog-ab--32.svg.js                                                                                                                                                                            0.99 kB │ gzip:  0.63 kB │ map:   1.67 kB
packages/ui-legacy build: dist/node_modules/.pnpm/date-fns@4.3.0/node_modules/date-fns/getWeekYear.js                                                                                                                                                       0.99 kB │ gzip:  0.41 kB │ map:   3.90 kB
packages/ui-legacy build: dist/components/icons/svg/google-drive--16.svg.js                                                                                                                                                                                 0.99 kB │ gzip:  0.61 kB │ map:   1.65 kB
packages/ui-legacy build: dist/components/icons/svg/ms-onedrive--24.svg.js                                                                                                                                                                                  0.99 kB │ gzip:  0.54 kB │ map:   1.88 kB
packages/ui-legacy build: dist/components/ui/spinner.js                                                                                                                                                                                                     0.99 kB │ gzip:  0.53 kB │ map:   1.75 kB
packages/ui-legacy build: dist/components/icons/svg/appliance--24.svg.js                                                                                                                                                                                    0.99 kB │ gzip:  0.58 kB │ map:   1.75 kB
packages/ui-legacy build: dist/components/icons/svg/cd--16.svg.js                                                                                                                                                                                           0.99 kB │ gzip:  0.51 kB │ map:   1.87 kB
packages/ui-legacy build: dist/components/icons/svg/forbidden--16.svg.js                                                                                                                                                                                    0.99 kB │ gzip:  0.47 kB │ map:   2.07 kB
packages/ui-legacy build: dist/components/icons/svg/info-circle--16.svg.js                                                                                                                                                                                  0.99 kB │ gzip:  0.50 kB │ map:   1.88 kB
packages/ui-legacy build: dist/components/icons/svg/asz-ab--32.svg.js                                                                                                                                                                                       0.99 kB │ gzip:  0.63 kB │ map:   1.65 kB
packages/ui-legacy build: dist/components/icons/svg/hyper-v--16.svg.js                                                                                                                                                                                      0.99 kB │ gzip:  0.59 kB │ map:   1.73 kB
packages/ui-legacy build: dist/components/icons/svg/certificate-check--32.svg.js                                                                                                                                                                            1.00 kB │ gzip:  0.51 kB │ map:   1.91 kB
packages/ui-legacy build: dist/components/icons/svg/protection-solid--16.svg.js                                                                                                                                                                             1.00 kB │ gzip:  0.59 kB │ map:   1.70 kB
packages/ui-legacy build: dist/components/icons/svg/add-document-cloud--32.svg.js                                                                                                                                                                           1.00 kB │ gzip:  0.60 kB │ map:   1.75 kB
packages/ui-legacy build: dist/components/icons/svg/application--24.svg.js                                                                                                                                                                                  1.00 kB │ gzip:  0.51 kB │ map:   1.76 kB
packages/ui-legacy build: dist/components/icons/svg/network-monitoring--32.svg.js                                                                                                                                                                           1.00 kB │ gzip:  0.58 kB │ map:   1.71 kB
packages/ui-legacy build: dist/components/icons/svg/one-way-sync-folder--24.svg.js                                                                                                                                                                          1.00 kB │ gzip:  0.57 kB │ map:   1.78 kB
packages/ui-legacy build: dist/components/icons/svg/shut-down--16.svg.js                                                                                                                                                                                    1.00 kB │ gzip:  0.58 kB │ map:   1.72 kB
packages/ui-legacy build: dist/components/icons/svg/paused-circle--16.svg.js                                                                                                                                                                                1.00 kB │ gzip:  0.48 kB │ map:   1.89 kB
packages/ui-legacy build: dist/components/icons/svg/file-excel--32.svg.js                                                                                                                                                                                   1.00 kB │ gzip:  0.57 kB │ map:   1.75 kB
packages/ui-legacy build: dist/components/icons/svg/console--16.svg.js                                                                                                                                                                                      1.00 kB │ gzip:  0.52 kB │ map:   1.75 kB
packages/ui-legacy build: dist/components/icons/svg/vulnerability-o--24.svg.js                                                                                                                                                                              1.00 kB │ gzip:  0.58 kB │ map:   1.68 kB
packages/ui-legacy build: dist/components/icons/svg/grip-dots--16.svg.js                                                                                                                                                                                    1.01 kB │ gzip:  0.40 kB │ map:   1.65 kB
packages/ui-legacy build: dist/components/icons/svg/chat--32.svg.js                                                                                                                                                                                         1.01 kB │ gzip:  0.57 kB │ map:   1.74 kB
packages/ui-legacy build: dist/components/icons/svg/chat--16.svg.js                                                                                                                                                                                         1.01 kB │ gzip:  0.55 kB │ map:   1.74 kB
packages/ui-legacy build: dist/components/icons/svg/tape-slot--32.svg.js                                                                                                                                                                                    1.01 kB │ gzip:  0.56 kB │ map:   1.76 kB
packages/ui-legacy build: dist/components/icons/svg/backups-mix--32.svg.js                                                                                                                                                                                  1.01 kB │ gzip:  0.53 kB │ map:   1.74 kB
packages/ui-legacy build: dist/components/icons/svg/move--16.svg.js                                                                                                                                                                                         1.01 kB │ gzip:  0.51 kB │ map:   1.64 kB
packages/ui-legacy build: dist/components/icons/svg/refresh-scan-ab--32.svg.js                                                                                                                                                                              1.01 kB │ gzip:  0.62 kB │ map:   1.68 kB
packages/ui-legacy build: dist/components/icons/svg/sort--16.svg.js                                                                                                                                                                                         1.01 kB │ gzip:  0.51 kB │ map:   1.64 kB
packages/ui-legacy build: dist/node_modules/.pnpm/es-toolkit@1.47.0/node_modules/es-toolkit/dist/compat/util/toPath.js                                                                                                                                      1.01 kB │ gzip:  0.50 kB │ map:   3.44 kB
packages/ui-legacy build: dist/components/icons/svg/progress-mix--32.svg.js                                                                                                                                                                                 1.01 kB │ gzip:  0.50 kB │ map:   1.82 kB
packages/ui-legacy build: dist/components/icons/svg/zoom-tray--32.svg.js                                                                                                                                                                                    1.01 kB │ gzip:  0.58 kB │ map:   1.88 kB
packages/ui-legacy build: dist/components/icons/svg/backup-replication-plan-ab--32.svg.js                                                                                                                                                                   1.01 kB │ gzip:  0.58 kB │ map:   1.83 kB
packages/ui-legacy build: dist/components/icons/svg/image--16.svg.js                                                                                                                                                                                        1.01 kB │ gzip:  0.56 kB │ map:   1.75 kB
packages/ui-legacy build: dist/components/icons/svg/sale-tray--16.svg.js                                                                                                                                                                                    1.01 kB │ gzip:  0.57 kB │ map:   1.84 kB
packages/ui-legacy build: dist/node_modules/.pnpm/es-toolkit@1.47.0/node_modules/es-toolkit/dist/compat/object/has.js                                                                                                                                       1.01 kB │ gzip:  0.50 kB │ map:   3.27 kB
packages/ui-legacy build: dist/components/icons/svg/critical-mix--32.svg.js                                                                                                                                                                                 1.01 kB │ gzip:  0.53 kB │ map:   1.85 kB
packages/ui-legacy build: dist/components/icons/svg/exclamation-circle--16.svg.js                                                                                                                                                                           1.01 kB │ gzip:  0.50 kB │ map:   1.93 kB
packages/ui-legacy build: dist/components/icons/svg/nas--16.svg.js                                                                                                                                                                                          1.02 kB │ gzip:  0.50 kB │ map:   1.74 kB
packages/ui-legacy build: dist/components/icons/svg/chat--24.svg.js                                                                                                                                                                                         1.02 kB │ gzip:  0.53 kB │ map:   1.77 kB
packages/ui-legacy build: dist/components/icons/svg/progress-red-mix--32.svg.js                                                                                                                                                                             1.02 kB │ gzip:  0.51 kB │ map:   1.83 kB
packages/ui-legacy build: dist/components/icons/svg/critical--32.svg.js                                                                                                                                                                                     1.02 kB │ gzip:  0.53 kB │ map:   1.81 kB
packages/ui-legacy build: dist/components/icons/svg/label--24.svg.js                                                                                                                                                                                        1.02 kB │ gzip:  0.58 kB │ map:   1.68 kB
packages/ui-legacy build: dist/node_modules/.pnpm/d3-shape@3.2.0/node_modules/d3-shape/src/curve/bump.js                                                                                                                                                    1.02 kB │ gzip:  0.41 kB │ map:   3.06 kB
packages/ui-legacy build: dist/components/icons/svg/clean-up-o--16.svg.js                                                                                                                                                                                   1.02 kB │ gzip:  0.65 kB │ map:   1.67 kB
packages/ui-legacy build: dist/components/icons/svg/devices-windows-laptop--24.svg.js                                                                                                                                                                       1.02 kB │ gzip:  0.55 kB │ map:   1.79 kB
packages/ui-legacy build: dist/components/icons/svg/ms-onenote--32.svg.js                                                                                                                                                                                   1.02 kB │ gzip:  0.58 kB │ map:   1.77 kB
packages/ui-legacy build: dist/components/icons/svg/protect--16.svg.js                                                                                                                                                                                      1.02 kB │ gzip:  0.63 kB │ map:   1.69 kB
packages/ui-legacy build: dist/components/icons/svg/remove-circle-outline--16.svg.js                                                                                                                                                                        1.02 kB │ gzip:  0.51 kB │ map:   1.94 kB
packages/ui-legacy build: dist/components/icons/svg/cloud-o--16.svg.js                                                                                                                                                                                      1.02 kB │ gzip:  0.59 kB │ map:   1.68 kB
packages/ui-legacy build: dist/components/icons/svg/exit--32.svg.js                                                                                                                                                                                         1.02 kB │ gzip:  0.51 kB │ map:   1.72 kB
packages/ui-legacy build: dist/components/icons/svg/funnel--16.svg.js                                                                                                                                                                                       1.02 kB │ gzip:  0.57 kB │ map:   1.89 kB
packages/ui-legacy build: dist/components/icons/svg/google-drive--24.svg.js                                                                                                                                                                                 1.02 kB │ gzip:  0.62 kB │ map:   1.68 kB
packages/ui-legacy build: dist/components/icons/svg/schedule-ab--32.svg.js                                                                                                                                                                                  1.02 kB │ gzip:  0.61 kB │ map:   1.78 kB
packages/ui-legacy build: dist/components/icons/svg/exit--16.svg.js                                                                                                                                                                                         1.02 kB │ gzip:  0.52 kB │ map:   1.73 kB
packages/ui-legacy build: dist/components/icons/svg/acronis-icon--32.svg.js                                                                                                                                                                                 1.02 kB │ gzip:  0.61 kB │ map:   1.79 kB
packages/ui-legacy build: dist/components/icons/svg/file-open-o--32.svg.js                                                                                                                                                                                  1.03 kB │ gzip:  0.63 kB │ map:   1.68 kB
packages/ui-legacy build: dist/components/icons/svg/progress--32.svg.js                                                                                                                                                                                     1.03 kB │ gzip:  0.52 kB │ map:   1.82 kB
packages/ui-legacy build: dist/components/icons/svg/fallback-server--24.svg.js                                                                                                                                                                              1.03 kB │ gzip:  0.61 kB │ map:   1.70 kB
packages/ui-legacy build: dist/components/icons/svg/infinity--32.svg.js                                                                                                                                                                                     1.03 kB │ gzip:  0.64 kB │ map:   1.68 kB
packages/ui-legacy build: dist/node_modules/.pnpm/embla-carousel-react@8.6.0_react@19.2.6/node_modules/embla-carousel-react/esm/embla-carousel-react.esm.js                                                                                                 1.03 kB │ gzip:  0.47 kB │ map:   2.83 kB
packages/ui-legacy build: dist/components/icons/svg/iscsi--24.svg.js                                                                                                                                                                                        1.03 kB │ gzip:  0.57 kB │ map:   1.69 kB
packages/ui-legacy build: dist/components/icons/svg/pending--32.svg.js                                                                                                                                                                                      1.03 kB │ gzip:  0.56 kB │ map:   1.85 kB
packages/ui-legacy build: dist/components/icons/svg/arrow-right-circled-o--24.svg.js                                                                                                                                                                        1.03 kB │ gzip:  0.55 kB │ map:   1.82 kB
packages/ui-legacy build: dist/components/icons/svg/calendars--32.svg.js                                                                                                                                                                                    1.03 kB │ gzip:  0.54 kB │ map:   1.78 kB
packages/ui-legacy build: dist/components/icons/svg/import--16.svg.js                                                                                                                                                                                       1.03 kB │ gzip:  0.53 kB │ map:   1.74 kB
packages/ui-legacy build: dist/components/icons/svg/recurring-ticket--16.svg.js                                                                                                                                                                             1.03 kB │ gzip:  0.60 kB │ map:   1.73 kB
packages/ui-legacy build: dist/node_modules/.pnpm/es-toolkit@1.47.0/node_modules/es-toolkit/dist/compat/predicate/matchesProperty.js                                                                                                                        1.03 kB │ gzip:  0.46 kB │ map:   3.26 kB
packages/ui-legacy build: dist/components/ui/dashboard-layout.js                                                                                                                                                                                            1.03 kB │ gzip:  0.48 kB │ map:   2.09 kB
packages/ui-legacy build: dist/components/icons/svg/hdd-mix--32.svg.js                                                                                                                                                                                      1.04 kB │ gzip:  0.62 kB │ map:   1.78 kB
packages/ui-legacy build: dist/components/icons/svg/file-video--32.svg.js                                                                                                                                                                                   1.04 kB │ gzip:  0.59 kB │ map:   1.78 kB
packages/ui-legacy build: dist/components/icons/svg/mdr--16.svg.js                                                                                                                                                                                          1.04 kB │ gzip:  0.56 kB │ map:   1.76 kB
packages/ui-legacy build: dist/components/icons/svg/clients-solid--16.svg.js                                                                                                                                                                                1.04 kB │ gzip:  0.62 kB │ map:   1.70 kB
packages/ui-legacy build: dist/components/icons/svg/partner--16.svg.js                                                                                                                                                                                      1.04 kB │ gzip:  0.51 kB │ map:   1.78 kB
packages/ui-legacy build: dist/node_modules/.pnpm/d3-time@3.1.0/node_modules/d3-time/src/year.js                                                                                                                                                            1.04 kB │ gzip:  0.37 kB │ map:   3.00 kB
packages/ui-legacy build: dist/components/icons/svg/devices-windows-desktop--24.svg.js                                                                                                                                                                      1.04 kB │ gzip:  0.60 kB │ map:   1.84 kB
packages/ui-legacy build: dist/components/icons/svg/move--24.svg.js                                                                                                                                                                                         1.04 kB │ gzip:  0.53 kB │ map:   1.67 kB
packages/ui-legacy build: dist/components/icons/svg/user-web--16.svg.js                                                                                                                                                                                     1.04 kB │ gzip:  0.59 kB │ map:   1.78 kB
packages/ui-legacy build: dist/components/icons/svg/warning-circle-mix--32.svg.js                                                                                                                                                                           1.04 kB │ gzip:  0.54 kB │ map:   1.91 kB
packages/ui-legacy build: dist/components/icons/svg/activities-arrow-ab--32.svg.js                                                                                                                                                                          1.04 kB │ gzip:  0.64 kB │ map:   1.73 kB
packages/ui-legacy build: dist/components/icons/svg/bond--24.svg.js                                                                                                                                                                                         1.04 kB │ gzip:  0.51 kB │ map:   1.79 kB
packages/ui-legacy build: dist/components/icons/svg/encrypted-ab--32.svg.js                                                                                                                                                                                 1.04 kB │ gzip:  0.57 kB │ map:   1.82 kB
packages/ui-legacy build: dist/components/icons/svg/exclamation-circle-d--32.svg.js                                                                                                                                                                         1.04 kB │ gzip:  0.53 kB │ map:   1.96 kB
packages/ui-legacy build: dist/components/icons/svg/paused-circle-d--32.svg.js                                                                                                                                                                              1.04 kB │ gzip:  0.50 kB │ map:   1.94 kB
packages/ui-legacy build: dist/components/icons/svg/success--32.svg.js                                                                                                                                                                                      1.04 kB │ gzip:  0.54 kB │ map:   1.83 kB
packages/ui-legacy build: dist/components/ui/switch.js                                                                                                                                                                                                      1.04 kB │ gzip:  0.54 kB │ map:   1.65 kB
packages/ui-legacy build: dist/components/icons/svg/empty--32.svg.js                                                                                                                                                                                        1.04 kB │ gzip:  0.62 kB │ map:   1.70 kB
packages/ui-legacy build: dist/components/icons/svg/warning-circle--32.svg.js                                                                                                                                                                               1.04 kB │ gzip:  0.54 kB │ map:   1.88 kB
packages/ui-legacy build: dist/components/icons/svg/customers--16.svg.js                                                                                                                                                                                    1.05 kB │ gzip:  0.65 kB │ map:   1.70 kB
packages/ui-legacy build: dist/components/icons/svg/linkedin--16.svg.js                                                                                                                                                                                     1.05 kB │ gzip:  0.61 kB │ map:   1.72 kB
packages/ui-legacy build: dist/components/icons/svg/ssd-status--24.svg.js                                                                                                                                                                                   1.05 kB │ gzip:  0.58 kB │ map:   1.80 kB
packages/ui-legacy build: dist/components/icons/svg/vlan--24.svg.js                                                                                                                                                                                         1.05 kB │ gzip:  0.50 kB │ map:   1.80 kB
packages/ui-legacy build: dist/components/icons/svg/server--16.svg.js                                                                                                                                                                                       1.05 kB │ gzip:  0.48 kB │ map:   1.79 kB
packages/ui-legacy build: dist/components/icons/svg/virtuozzo--24.svg.js                                                                                                                                                                                    1.05 kB │ gzip:  0.57 kB │ map:   1.70 kB
packages/ui-legacy build: dist/components/icons/svg/user-placeholder--32.svg.js                                                                                                                                                                             1.05 kB │ gzip:  0.63 kB │ map:   1.75 kB
packages/ui-legacy build: dist/components/icons/svg/virtuozzo--32.svg.js                                                                                                                                                                                    1.05 kB │ gzip:  0.57 kB │ map:   1.70 kB
packages/ui-legacy build: dist/components/icons/svg/backup-dr--16.svg.js                                                                                                                                                                                    1.05 kB │ gzip:  0.53 kB │ map:   1.95 kB
packages/ui-legacy build: dist/components/icons/svg/clean-drive-ab--32.svg.js                                                                                                                                                                               1.05 kB │ gzip:  0.58 kB │ map:   1.89 kB
packages/ui-legacy build: dist/components/icons/svg/cloud-tray--32.svg.js                                                                                                                                                                                   1.05 kB │ gzip:  0.61 kB │ map:   1.91 kB
packages/ui-legacy build: dist/components/icons/svg/hdd--32.svg.js                                                                                                                                                                                          1.05 kB │ gzip:  0.59 kB │ map:   1.78 kB
packages/ui-legacy build: dist/components/icons/svg/mdr-std--16.svg.js                                                                                                                                                                                      1.05 kB │ gzip:  0.59 kB │ map:   1.79 kB
packages/ui-legacy build: dist/components/icons/svg/cloud-tray--16.svg.js                                                                                                                                                                                   1.05 kB │ gzip:  0.59 kB │ map:   1.86 kB
packages/ui-legacy build: dist/components/icons/svg/lun--24.svg.js                                                                                                                                                                                          1.05 kB │ gzip:  0.64 kB │ map:   1.71 kB
packages/ui-legacy build: dist/components/icons/svg/vz-container--32.svg.js                                                                                                                                                                                 1.05 kB │ gzip:  0.57 kB │ map:   1.72 kB
packages/ui-legacy build: dist/components/icons/svg/shut-down--24.svg.js                                                                                                                                                                                    1.05 kB │ gzip:  0.60 kB │ map:   1.77 kB
packages/ui-legacy build: dist/components/icons/svg/file-powerpoint--16.svg.js                                                                                                                                                                              1.06 kB │ gzip:  0.63 kB │ map:   1.83 kB
packages/ui-legacy build: dist/components/icons/svg/zoom-in--16.svg.js                                                                                                                                                                                      1.06 kB │ gzip:  0.58 kB │ map:   1.80 kB
packages/ui-legacy build: dist/components/ui/grid.js                                                                                                                                                                                                        1.06 kB │ gzip:  0.48 kB │ map:   1.93 kB
packages/ui-legacy build: dist/components/icons/svg/cloud-fail-tray--16.svg.js                                                                                                                                                                              1.06 kB │ gzip:  0.59 kB │ map:   1.89 kB
packages/ui-legacy build: dist/components/icons/svg/cloud-hurry-tray--16.svg.js                                                                                                                                                                             1.06 kB │ gzip:  0.60 kB │ map:   1.89 kB
packages/ui-legacy build: dist/components/icons/svg/delete-o--16.svg.js                                                                                                                                                                                     1.06 kB │ gzip:  0.54 kB │ map:   1.80 kB
packages/ui-legacy build: dist/components/icons/svg/ztc-notarize-o--16.svg.js                                                                                                                                                                               1.06 kB │ gzip:  0.54 kB │ map:   1.73 kB
packages/ui-legacy build: dist/components/icons/svg/ban-o--16.svg.js                                                                                                                                                                                        1.06 kB │ gzip:  0.57 kB │ map:   1.92 kB
packages/ui-legacy build: dist/node_modules/.pnpm/d3-array@3.2.4/node_modules/d3-array/src/quickselect.js                                                                                                                                                   1.06 kB │ gzip:  0.55 kB │ map:   3.44 kB
packages/ui-legacy build: dist/components/icons/svg/create-snapshot--24.svg.js                                                                                                                                                                              1.06 kB │ gzip:  0.48 kB │ map:   1.74 kB
packages/ui-legacy build: dist/components/icons/svg/customer-solid--16.svg.js                                                                                                                                                                               1.06 kB │ gzip:  0.59 kB │ map:   1.76 kB
packages/ui-legacy build: dist/node_modules/.pnpm/react-day-picker@10.0.1_@types_react@19.2.15_react@19.2.6/node_modules/react-day-picker/dist/esm/components/Dropdown.js                                                                                   1.06 kB │ gzip:  0.49 kB │ map:   2.70 kB
packages/ui-legacy build: dist/components/icons/svg/active-directory--24.svg.js                                                                                                                                                                             1.06 kB │ gzip:  0.62 kB │ map:   1.77 kB
packages/ui-legacy build: dist/components/icons/svg/locked--32.svg.js                                                                                                                                                                                       1.06 kB │ gzip:  0.58 kB │ map:   1.91 kB
packages/ui-legacy build: dist/node_modules/.pnpm/es-toolkit@1.47.0/node_modules/es-toolkit/dist/function/debounce.js                                                                                                                                       1.06 kB │ gzip:  0.50 kB │ map:   4.22 kB
packages/ui-legacy build: dist/components/icons/svg/ram--16.svg.js                                                                                                                                                                                          1.06 kB │ gzip:  0.49 kB │ map:   1.79 kB
packages/ui-legacy build: dist/components/icons/svg/create-snapshot--16.svg.js                                                                                                                                                                              1.07 kB │ gzip:  0.49 kB │ map:   1.74 kB
packages/ui-legacy build: dist/components/icons/svg/check-circle--16.svg.js                                                                                                                                                                                 1.07 kB │ gzip:  0.52 kB │ map:   1.96 kB
packages/ui-legacy build: dist/components/icons/svg/folder-customers--16.svg.js                                                                                                                                                                             1.07 kB │ gzip:  0.61 kB │ map:   1.77 kB
packages/ui-legacy build: dist/components/icons/svg/info-circle-o--16.svg.js                                                                                                                                                                                1.07 kB │ gzip:  0.53 kB │ map:   1.96 kB
packages/ui-legacy build: dist/components/icons/svg/tape-device--24.svg.js                                                                                                                                                                                  1.07 kB │ gzip:  0.56 kB │ map:   1.84 kB
packages/ui-legacy build: dist/components/icons/svg/pending-mix--32.svg.js                                                                                                                                                                                  1.07 kB │ gzip:  0.57 kB │ map:   1.90 kB
packages/ui-legacy build: dist/components/icons/svg/install--16.svg.js                                                                                                                                                                                      1.07 kB │ gzip:  0.58 kB │ map:   1.94 kB
packages/ui-legacy build: dist/components/icons/svg/shield--32.svg.js                                                                                                                                                                                       1.07 kB │ gzip:  0.63 kB │ map:   1.73 kB
packages/ui-legacy build: dist/components/icons/svg/vpn-con--16.svg.js                                                                                                                                                                                      1.07 kB │ gzip:  0.63 kB │ map:   1.81 kB
packages/ui-legacy build: dist/components/icons/svg/folder-customers--32.svg.js                                                                                                                                                                             1.07 kB │ gzip:  0.60 kB │ map:   1.78 kB
packages/ui-legacy build: dist/node_modules/.pnpm/embla-carousel-reactive-utils@8.6.0_embla-carousel@8.6.0/node_modules/embla-carousel-reactive-utils/esm/embla-carousel-reactive-utils.esm.js                                                              1.07 kB │ gzip:  0.53 kB │ map:   3.45 kB
packages/ui-legacy build: dist/components/icons/svg/cyber-frame-vm--32.svg.js                                                                                                                                                                               1.07 kB │ gzip:  0.65 kB │ map:   1.77 kB
packages/ui-legacy build: dist/components/icons/svg/ssd--24.svg.js                                                                                                                                                                                          1.08 kB │ gzip:  0.53 kB │ map:   1.82 kB
packages/ui-legacy build: dist/components/icons/svg/support-portal-access--16.svg.js                                                                                                                                                                        1.08 kB │ gzip:  0.60 kB │ map:   1.87 kB
packages/ui-legacy build: dist/components/icons/svg/upsell--32.svg.js                                                                                                                                                                                       1.08 kB │ gzip:  0.55 kB │ map:   1.86 kB
packages/ui-legacy build: dist/components/icons/svg/direction-mix--32.svg.js                                                                                                                                                                                1.08 kB │ gzip:  0.55 kB │ map:   1.89 kB
packages/ui-legacy build: dist/components/icons/svg/download-mix--32.svg.js                                                                                                                                                                                 1.08 kB │ gzip:  0.55 kB │ map:   1.88 kB
packages/ui-legacy build: dist/components/icons/svg/google-drive--32.svg.js                                                                                                                                                                                 1.08 kB │ gzip:  0.67 kB │ map:   1.74 kB
packages/ui-legacy build: dist/components/icons/svg/mdr--24.svg.js                                                                                                                                                                                          1.08 kB │ gzip:  0.58 kB │ map:   1.81 kB
packages/ui-legacy build: dist/components/icons/svg/website-ab--32.svg.js                                                                                                                                                                                   1.08 kB │ gzip:  0.63 kB │ map:   1.76 kB
packages/ui-legacy build: dist/components/theme-provider.js                                                                                                                                                                                                 1.08 kB │ gzip:  0.58 kB │ map:   2.88 kB
packages/ui-legacy build: dist/components/icons/svg/salesforce--16.svg.js                                                                                                                                                                                   1.08 kB │ gzip:  0.66 kB │ map:   1.76 kB
packages/ui-legacy build: dist/components/icons/svg/virtual-machines--32.svg.js                                                                                                                                                                             1.08 kB │ gzip:  0.63 kB │ map:   1.76 kB
packages/ui-legacy build: dist/components/icons/svg/mobile-devices-o--24.svg.js                                                                                                                                                                             1.08 kB │ gzip:  0.66 kB │ map:   1.76 kB
packages/ui-legacy build: dist/components/icons/svg/dlp-workstation--16.svg.js                                                                                                                                                                              1.08 kB │ gzip:  0.59 kB │ map:   1.88 kB
packages/ui-legacy build: dist/node_modules/.pnpm/recharts@3.8.1_@types_react@19.2.15_react-dom@19.2.6_react@19.2.6__react-is@19.2.6_react@19.2.6_redux@5.0.1/node_modules/recharts/es6/util/propsAreEqual.js                                               1.08 kB │ gzip:  0.56 kB │ map:   4.09 kB
packages/ui-legacy build: dist/components/icons/svg/install-blue--32.svg.js                                                                                                                                                                                 1.09 kB │ gzip:  0.56 kB │ map:   1.89 kB
packages/ui-legacy build: dist/components/icons/svg/play--16.svg.js                                                                                                                                                                                         1.09 kB │ gzip:  0.53 kB │ map:   2.11 kB
packages/ui-legacy build: dist/components/icons/svg/dlp-workstation-o--24.svg.js                                                                                                                                                                            1.09 kB │ gzip:  0.64 kB │ map:   1.79 kB
packages/ui-legacy build: dist/components/icons/svg/filter--16.svg.js                                                                                                                                                                                       1.09 kB │ gzip:  0.54 kB │ map:   1.75 kB
packages/ui-legacy build: dist/components/icons/svg/info--16.svg.js                                                                                                                                                                                         1.09 kB │ gzip:  0.51 kB │ map:   2.11 kB
packages/ui-legacy build: dist/components/icons/svg/mobile-devices-o--16.svg.js                                                                                                                                                                             1.09 kB │ gzip:  0.53 kB │ map:   1.99 kB
packages/ui-legacy build: dist/components/icons/svg/success-mix--32.svg.js                                                                                                                                                                                  1.09 kB │ gzip:  0.55 kB │ map:   1.92 kB
packages/ui-legacy build: dist/node_modules/.pnpm/react-day-picker@10.0.1_@types_react@19.2.15_react@19.2.6/node_modules/react-day-picker/dist/esm/utils/dateMatchModifiers.js                                                                              1.09 kB │ gzip:  0.53 kB │ map:   4.08 kB
packages/ui-legacy build: dist/components/icons/svg/home-folder--24.svg.js                                                                                                                                                                                  1.09 kB │ gzip:  0.59 kB │ map:   1.85 kB
packages/ui-legacy build: dist/components/icons/svg/verify--32.svg.js                                                                                                                                                                                       1.09 kB │ gzip:  0.57 kB │ map:   1.83 kB
packages/ui-legacy build: dist/components/icons/svg/collapse--16.svg.js                                                                                                                                                                                     1.09 kB │ gzip:  0.59 kB │ map:   1.84 kB
packages/ui-legacy build: dist/components/icons/svg/partner-solid--16.svg.js                                                                                                                                                                                1.09 kB │ gzip:  0.56 kB │ map:   1.85 kB
packages/ui-legacy build: dist/components/icons/svg/dr-ab-o--32.svg.js                                                                                                                                                                                      1.09 kB │ gzip:  0.61 kB │ map:   1.83 kB
packages/ui-legacy build: dist/components/icons/svg/public-ips-o--24.svg.js                                                                                                                                                                                 1.10 kB │ gzip:  0.65 kB │ map:   1.75 kB
packages/ui-legacy build: dist/node_modules/.pnpm/d3-shape@3.2.0/node_modules/d3-shape/src/stack.js                                                                                                                                                         1.10 kB │ gzip:  0.47 kB │ map:   3.06 kB
packages/ui-legacy build: dist/components/icons/svg/devices-tv--24.svg.js                                                                                                                                                                                   1.10 kB │ gzip:  0.60 kB │ map:   1.85 kB
packages/ui-legacy build: dist/components/icons/svg/dropbox--16.svg.js                                                                                                                                                                                      1.10 kB │ gzip:  0.60 kB │ map:   1.84 kB
packages/ui-legacy build: dist/components/icons/svg/ipn--24.svg.js                                                                                                                                                                                          1.10 kB │ gzip:  0.66 kB │ map:   1.75 kB
packages/ui-legacy build: dist/components/icons/svg/script--32.svg.js                                                                                                                                                                                       1.10 kB │ gzip:  0.61 kB │ map:   1.84 kB
packages/ui-legacy build: dist/node_modules/.pnpm/recharts@3.8.1_@types_react@19.2.15_react-dom@19.2.6_react@19.2.6__react-is@19.2.6_react@19.2.6_redux@5.0.1/node_modules/recharts/es6/state/selectors/dataSelectors.js                                    1.10 kB │ gzip:  0.41 kB │ map:   4.99 kB
packages/ui-legacy build: dist/components/icons/svg/help--24.svg.js                                                                                                                                                                                         1.10 kB │ gzip:  0.66 kB │ map:   1.76 kB
packages/ui-legacy build: dist/node_modules/.pnpm/d3-scale@4.0.2/node_modules/d3-scale/src/sequentialQuantile.js                                                                                                                                            1.10 kB │ gzip:  0.49 kB │ map:   2.34 kB
packages/ui-legacy build: dist/components/icons/svg/direction-dark--32.svg.js                                                                                                                                                                               1.10 kB │ gzip:  0.56 kB │ map:   1.93 kB
packages/ui-legacy build: dist/components/icons/svg/dr--24.svg.js                                                                                                                                                                                           1.10 kB │ gzip:  0.61 kB │ map:   1.82 kB
packages/ui-legacy build: dist/components/icons/svg/critical--16.svg.js                                                                                                                                                                                     1.10 kB │ gzip:  0.51 kB │ map:   2.14 kB
packages/ui-legacy build: dist/components/icons/svg/failover-server--24.svg.js                                                                                                                                                                              1.10 kB │ gzip:  0.64 kB │ map:   1.80 kB
packages/ui-legacy build: dist/components/icons/svg/mdr-std--24.svg.js                                                                                                                                                                                      1.10 kB │ gzip:  0.61 kB │ map:   1.84 kB
packages/ui-legacy build: dist/components/icons/svg/network-monitoring--16.svg.js                                                                                                                                                                           1.10 kB │ gzip:  0.63 kB │ map:   1.81 kB
packages/ui-legacy build: dist/components/icons/svg/actions-o--16.svg.js                                                                                                                                                                                    1.11 kB │ gzip:  0.51 kB │ map:   2.01 kB
packages/ui-legacy build: dist/components/icons/svg/acronis-cloud--16.svg.js                                                                                                                                                                                1.11 kB │ gzip:  0.66 kB │ map:   1.87 kB
packages/ui-legacy build: dist/components/icons/svg/nutanix--16.svg.js                                                                                                                                                                                      1.11 kB │ gzip:  0.62 kB │ map:   1.75 kB
packages/ui-legacy build: dist/components/icons/svg/ban--16.svg.js                                                                                                                                                                                          1.11 kB │ gzip:  0.58 kB │ map:   1.96 kB
packages/ui-legacy build: dist/components/icons/svg/folder-search--32.svg.js                                                                                                                                                                                1.11 kB │ gzip:  0.59 kB │ map:   1.87 kB
packages/ui-legacy build: dist/components/icons/svg/offer-tray--16.svg.js                                                                                                                                                                                   1.11 kB │ gzip:  0.60 kB │ map:   1.92 kB
packages/ui-legacy build: dist/components/icons/svg/placement--24.svg.js                                                                                                                                                                                    1.11 kB │ gzip:  0.58 kB │ map:   1.76 kB
packages/ui-legacy build: dist/components/icons/svg/two-way-syncfolder--24.svg.js                                                                                                                                                                           1.11 kB │ gzip:  0.61 kB │ map:   1.89 kB
packages/ui-legacy build: dist/components/icons/svg/col-expand--16.svg.js                                                                                                                                                                                   1.11 kB │ gzip:  0.65 kB │ map:   1.79 kB
packages/ui-legacy build: dist/components/icons/svg/google-gmail--32.svg.js                                                                                                                                                                                 1.11 kB │ gzip:  0.65 kB │ map:   1.80 kB
packages/ui-legacy build: dist/components/icons/svg/quote-mark--32.svg.js                                                                                                                                                                                   1.11 kB │ gzip:  0.62 kB │ map:   1.77 kB
packages/ui-legacy build: dist/components/icons/svg/education--24.svg.js                                                                                                                                                                                    1.11 kB │ gzip:  0.64 kB │ map:   1.84 kB
packages/ui-legacy build: dist/components/icons/svg/dropbox--24.svg.js                                                                                                                                                                                      1.11 kB │ gzip:  0.60 kB │ map:   1.85 kB
packages/ui-legacy build: dist/components/icons/svg/ms-exchange--24.svg.js                                                                                                                                                                                  1.11 kB │ gzip:  0.63 kB │ map:   1.87 kB
packages/ui-legacy build: dist/components/icons/svg/salesforce--24.svg.js                                                                                                                                                                                   1.11 kB │ gzip:  0.67 kB │ map:   1.79 kB
packages/ui-legacy build: dist/components/icons/svg/tape-cleaning--32.svg.js                                                                                                                                                                                1.11 kB │ gzip:  0.61 kB │ map:   1.85 kB
packages/ui-legacy build: dist/components/icons/svg/check-circle--32.svg.js                                                                                                                                                                                 1.12 kB │ gzip:  0.54 kB │ map:   2.03 kB
packages/ui-legacy build: dist/components/icons/svg/disable-ab--32.svg.js                                                                                                                                                                                   1.12 kB │ gzip:  0.66 kB │ map:   1.86 kB
packages/ui-legacy build: dist/components/icons/svg/license-tray--32.svg.js                                                                                                                                                                                 1.12 kB │ gzip:  0.60 kB │ map:   1.99 kB
packages/ui-legacy build: dist/components/icons/svg/node--16.svg.js                                                                                                                                                                                         1.12 kB │ gzip:  0.56 kB │ map:   1.85 kB
packages/ui-legacy build: dist/components/icons/svg/check-circle--24.svg.js                                                                                                                                                                                 1.12 kB │ gzip:  0.55 kB │ map:   2.03 kB
packages/ui-legacy build: dist/components/icons/svg/databases-ab--32.svg.js                                                                                                                                                                                 1.12 kB │ gzip:  0.51 kB │ map:   2.00 kB
packages/ui-legacy build: dist/components/icons/svg/direction-light--32.svg.js                                                                                                                                                                              1.12 kB │ gzip:  0.57 kB │ map:   1.96 kB
packages/ui-legacy build: dist/components/icons/svg/encrypted-red--32.svg.js                                                                                                                                                                                1.12 kB │ gzip:  0.60 kB │ map:   1.99 kB
packages/ui-legacy build: dist/components/icons/svg/linkedin--24.svg.js                                                                                                                                                                                     1.12 kB │ gzip:  0.62 kB │ map:   1.79 kB
packages/ui-legacy build: dist/components/icons/svg/website-ab--16.svg.js                                                                                                                                                                                   1.12 kB │ gzip:  0.57 kB │ map:   2.02 kB
packages/ui-legacy build: dist/components/icons/svg/dlp-server-o--16.svg.js                                                                                                                                                                                 1.12 kB │ gzip:  0.57 kB │ map:   1.80 kB
packages/ui-legacy build: dist/components/icons/svg/edit-o--16.svg.js                                                                                                                                                                                       1.12 kB │ gzip:  0.62 kB │ map:   1.85 kB
packages/ui-legacy build: dist/components/icons/svg/certificate-ab--32.svg.js                                                                                                                                                                               1.12 kB │ gzip:  0.65 kB │ map:   1.89 kB
packages/ui-legacy build: dist/components/icons/svg/pause--16.svg.js                                                                                                                                                                                        1.12 kB │ gzip:  0.50 kB │ map:   2.15 kB
packages/ui-legacy build: dist/components/icons/svg/virtual-machine-ab--32.svg.js                                                                                                                                                                           1.12 kB │ gzip:  0.70 kB │ map:   1.83 kB
packages/ui-legacy build: dist/components/icons/svg/force-detach--16.svg.js                                                                                                                                                                                 1.12 kB │ gzip:  0.50 kB │ map:   1.86 kB
packages/ui-legacy build: dist/components/icons/svg/user-tray--32.svg.js                                                                                                                                                                                    1.12 kB │ gzip:  0.62 kB │ map:   1.96 kB
packages/ui-legacy build: dist/components/icons/svg/clients-solid--32.svg.js                                                                                                                                                                                1.12 kB │ gzip:  0.66 kB │ map:   1.79 kB
packages/ui-legacy build: dist/components/icons/svg/devices-pc--24.svg.js                                                                                                                                                                                   1.13 kB │ gzip:  0.59 kB │ map:   1.88 kB
packages/ui-legacy build: dist/components/icons/svg/esx-ab--32.svg.js                                                                                                                                                                                       1.13 kB │ gzip:  0.60 kB │ map:   1.93 kB
packages/ui-legacy build: dist/components/icons/svg/psa-self-service--16.svg.js                                                                                                                                                                             1.13 kB │ gzip:  0.58 kB │ map:   1.90 kB
packages/ui-legacy build: dist/components/icons/svg/connecting--16.svg.js                                                                                                                                                                                   1.13 kB │ gzip:  0.64 kB │ map:   1.85 kB
packages/ui-legacy build: dist/components/icons/svg/acronis-cloud--32.svg.js                                                                                                                                                                                1.13 kB │ gzip:  0.68 kB │ map:   1.90 kB
packages/ui-legacy build: dist/components/icons/svg/azure--16.svg.js                                                                                                                                                                                        1.13 kB │ gzip:  0.62 kB │ map:   1.84 kB
packages/ui-legacy build: dist/components/icons/svg/folder-search--16.svg.js                                                                                                                                                                                1.13 kB │ gzip:  0.63 kB │ map:   1.90 kB
packages/ui-legacy build: dist/components/icons/svg/replication-ab--32.svg.js                                                                                                                                                                               1.13 kB │ gzip:  0.63 kB │ map:   1.92 kB
packages/ui-legacy build: dist/components/icons/svg/times-circle-d--32.svg.js                                                                                                                                                                               1.13 kB │ gzip:  0.56 kB │ map:   2.05 kB
packages/ui-legacy build: dist/components/icons/svg/agent-kvm--32.svg.js                                                                                                                                                                                    1.13 kB │ gzip:  0.70 kB │ map:   1.81 kB
packages/ui-legacy build: dist/components/icons/svg/full-size--16.svg.js                                                                                                                                                                                    1.13 kB │ gzip:  0.55 kB │ map:   2.01 kB
packages/ui-legacy build: dist/components/icons/svg/revoke--16.svg.js                                                                                                                                                                                       1.13 kB │ gzip:  0.55 kB │ map:   1.87 kB
packages/ui-legacy build: dist/components/icons/svg/virtual-machines--16.svg.js                                                                                                                                                                             1.14 kB │ gzip:  0.59 kB │ map:   2.07 kB
packages/ui-legacy build: dist/components/icons/svg/rotate--16.svg.js                                                                                                                                                                                       1.14 kB │ gzip:  0.66 kB │ map:   1.78 kB
packages/ui-legacy build: dist/components/icons/svg/psa-self-service--24.svg.js                                                                                                                                                                             1.14 kB │ gzip:  0.58 kB │ map:   1.91 kB
packages/ui-legacy build: dist/components/icons/svg/calendar--16.svg.js                                                                                                                                                                                     1.14 kB │ gzip:  0.56 kB │ map:   2.10 kB
packages/ui-legacy build: dist/components/icons/svg/devices-router--24.svg.js                                                                                                                                                                               1.14 kB │ gzip:  0.56 kB │ map:   1.91 kB
packages/ui-legacy build: dist/components/icons/svg/clients-solid--24.svg.js                                                                                                                                                                                1.14 kB │ gzip:  0.68 kB │ map:   1.81 kB
packages/ui-legacy build: dist/components/icons/svg/warning-circle--16.svg.js                                                                                                                                                                               1.14 kB │ gzip:  0.52 kB │ map:   2.22 kB
packages/ui-legacy build: dist/components/icons/svg/attention--16.svg.js                                                                                                                                                                                    1.14 kB │ gzip:  0.54 kB │ map:   2.10 kB
packages/ui-legacy build: dist/components/icons/svg/g-suite-team--32.svg.js                                                                                                                                                                                 1.14 kB │ gzip:  0.64 kB │ map:   1.80 kB
packages/ui-legacy build: dist/components/icons/svg/failover-server--32.svg.js                                                                                                                                                                              1.14 kB │ gzip:  0.66 kB │ map:   1.84 kB
packages/ui-legacy build: dist/components/icons/svg/ms-exchange--16.svg.js                                                                                                                                                                                  1.14 kB │ gzip:  0.62 kB │ map:   1.90 kB
packages/ui-legacy build: dist/components/icons/svg/profile--16.svg.js                                                                                                                                                                                      1.14 kB │ gzip:  0.60 kB │ map:   2.04 kB
packages/ui-legacy build: dist/components/icons/svg/protection--16.svg.js                                                                                                                                                                                   1.15 kB │ gzip:  0.64 kB │ map:   1.90 kB
packages/ui-legacy build: dist/components/icons/svg/customers--32.svg.js                                                                                                                                                                                    1.15 kB │ gzip:  0.69 kB │ map:   1.80 kB
packages/ui-legacy build: dist/components/icons/svg/tape-pool--32.svg.js                                                                                                                                                                                    1.15 kB │ gzip:  0.61 kB │ map:   1.90 kB
packages/ui-legacy build: dist/components/icons/svg/reinstall--16.svg.js                                                                                                                                                                                    1.15 kB │ gzip:  0.58 kB │ map:   1.80 kB
packages/ui-legacy build: dist/components/icons/svg/education--32.svg.js                                                                                                                                                                                    1.15 kB │ gzip:  0.65 kB │ map:   1.87 kB
packages/ui-legacy build: dist/components/icons/svg/unpin--16.svg.js                                                                                                                                                                                        1.15 kB │ gzip:  0.69 kB │ map:   1.78 kB
packages/ui-legacy build: dist/node_modules/.pnpm/d3-shape@3.2.0/node_modules/d3-shape/src/curve/basisOpen.js                                                                                                                                               1.15 kB │ gzip:  0.45 kB │ map:   2.39 kB
packages/ui-legacy build: dist/components/icons/svg/script-ab--32.svg.js                                                                                                                                                                                    1.15 kB │ gzip:  0.65 kB │ map:   1.89 kB
packages/ui-legacy build: dist/node_modules/.pnpm/react-day-picker@10.0.1_@types_react@19.2.15_react@19.2.6/node_modules/react-day-picker/dist/esm/selection/useRange.js                                                                                    1.15 kB │ gzip:  0.55 kB │ map:   4.36 kB
packages/ui-legacy build: dist/components/icons/svg/hitmap--16.svg.js                                                                                                                                                                                       1.15 kB │ gzip:  0.56 kB │ map:   2.09 kB
packages/ui-legacy build: dist/components/icons/svg/shield-mix--32.svg.js                                                                                                                                                                                   1.15 kB │ gzip:  0.67 kB │ map:   1.83 kB
packages/ui-legacy build: dist/node_modules/.pnpm/d3-scale@4.0.2/node_modules/d3-scale/src/quantize.js                                                                                                                                                      1.15 kB │ gzip:  0.57 kB │ map:   2.95 kB
packages/ui-legacy build: dist/components/icons/svg/file-word--16.svg.js                                                                                                                                                                                    1.15 kB │ gzip:  0.72 kB │ map:   1.83 kB
packages/ui-legacy build: dist/components/icons/svg/clock--16.svg.js                                                                                                                                                                                        1.15 kB │ gzip:  0.58 kB │ map:   2.10 kB
packages/ui-legacy build: dist/components/icons/svg/pending--16.svg.js                                                                                                                                                                                      1.15 kB │ gzip:  0.56 kB │ map:   2.22 kB
packages/ui-legacy build: dist/node_modules/.pnpm/d3-scale@4.0.2/node_modules/d3-scale/src/utcTime.js                                                                                                                                                       1.16 kB │ gzip:  0.39 kB │ map:   1.07 kB
packages/ui-legacy build: dist/components/icons/svg/inventory-ab--32.svg.js                                                                                                                                                                                 1.16 kB │ gzip:  0.62 kB │ map:   1.99 kB
packages/ui-legacy build: dist/components/icons/svg/locked-mix--32.svg.js                                                                                                                                                                                   1.16 kB │ gzip:  0.60 kB │ map:   1.99 kB
packages/ui-legacy build: dist/node_modules/.pnpm/date-fns@4.3.0/node_modules/date-fns/_lib/format/longFormatters.js                                                                                                                                        1.16 kB │ gzip:  0.37 kB │ map:   3.42 kB
packages/ui-legacy build: dist/components/icons/svg/optical-disk--32.svg.js                                                                                                                                                                                 1.16 kB │ gzip:  0.67 kB │ map:   1.85 kB
packages/ui-legacy build: dist/components/icons/svg/eth-notarize-o--24.svg.js                                                                                                                                                                               1.16 kB │ gzip:  0.55 kB │ map:   1.83 kB
packages/ui-legacy build: dist/components/icons/svg/maintenance-o--16.svg.js                                                                                                                                                                                1.16 kB │ gzip:  0.60 kB │ map:   2.06 kB
packages/ui-legacy build: dist/components/icons/svg/mssql-instance--32.svg.js                                                                                                                                                                               1.16 kB │ gzip:  0.59 kB │ map:   1.97 kB
packages/ui-legacy build: dist/components/icons/svg/service-desk--32.svg.js                                                                                                                                                                                 1.16 kB │ gzip:  0.55 kB │ map:   2.09 kB
packages/ui-legacy build: dist/components/icons/svg/tape-pool-group--32.svg.js                                                                                                                                                                              1.16 kB │ gzip:  0.65 kB │ map:   1.94 kB
packages/ui-legacy build: dist/components/icons/svg/devices-mi-home--24.svg.js                                                                                                                                                                              1.17 kB │ gzip:  0.67 kB │ map:   1.94 kB
packages/ui-legacy build: dist/components/icons/svg/devices-without-agent--24.svg.js                                                                                                                                                                        1.17 kB │ gzip:  0.64 kB │ map:   1.93 kB
packages/ui-legacy build: dist/components/icons/svg/heartbeat--24.svg.js                                                                                                                                                                                    1.17 kB │ gzip:  0.72 kB │ map:   1.84 kB
packages/ui-legacy build: dist/components/icons/svg/virtual-network--24.svg.js                                                                                                                                                                              1.17 kB │ gzip:  0.62 kB │ map:   1.86 kB
packages/ui-legacy build: dist/components/icons/svg/broken-o--32.svg.js                                                                                                                                                                                     1.17 kB │ gzip:  0.59 kB │ map:   1.81 kB
packages/ui-legacy build: dist/components/icons/svg/mobile-tray--16.svg.js                                                                                                                                                                                  1.17 kB │ gzip:  0.62 kB │ map:   2.00 kB
packages/ui-legacy build: dist/components/icons/svg/key--16.svg.js                                                                                                                                                                                          1.17 kB │ gzip:  0.67 kB │ map:   1.90 kB
packages/ui-legacy build: dist/components/icons/svg/omnivoice--16.svg.js                                                                                                                                                                                    1.17 kB │ gzip:  0.64 kB │ map:   1.92 kB
packages/ui-legacy build: dist/components/icons/svg/revoke--24.svg.js                                                                                                                                                                                       1.17 kB │ gzip:  0.56 kB │ map:   1.91 kB
packages/ui-legacy build: dist/components/icons/svg/script-ab--24.svg.js                                                                                                                                                                                    1.17 kB │ gzip:  0.67 kB │ map:   1.91 kB
packages/ui-legacy build: dist/components/icons/svg/view-open-ab--32.svg.js                                                                                                                                                                                 1.17 kB │ gzip:  0.66 kB │ map:   1.95 kB
packages/ui-legacy build: dist/node_modules/.pnpm/react-day-picker@10.0.1_@types_react@19.2.15_react@19.2.6/node_modules/react-day-picker/dist/esm/utils/addToRange.js                                                                                      1.17 kB │ gzip:  0.48 kB │ map:   5.22 kB
packages/ui-legacy build: dist/components/icons/svg/ram-o--24.svg.js                                                                                                                                                                                        1.17 kB │ gzip:  0.47 kB │ map:   1.81 kB
packages/ui-legacy build: dist/components/icons/svg/partition--16.svg.js                                                                                                                                                                                    1.17 kB │ gzip:  0.61 kB │ map:   2.11 kB
packages/ui-legacy build: dist/components/icons/svg/partner-solid--24.svg.js                                                                                                                                                                                1.17 kB │ gzip:  0.60 kB │ map:   1.93 kB
packages/ui-legacy build: dist/components/icons/svg/show--32.svg.js                                                                                                                                                                                         1.17 kB │ gzip:  0.63 kB │ map:   1.92 kB
packages/ui-legacy build: dist/components/icons/svg/devices-wireless-speaker--24.svg.js                                                                                                                                                                     1.17 kB │ gzip:  0.52 kB │ map:   2.07 kB
packages/ui-legacy build: dist/components/icons/svg/file-image--32.svg.js                                                                                                                                                                                   1.17 kB │ gzip:  0.64 kB │ map:   1.92 kB
packages/ui-legacy build: dist/node_modules/.pnpm/d3-scale@4.0.2/node_modules/d3-scale/src/linear.js                                                                                                                                                        1.17 kB │ gzip:  0.55 kB │ map:   3.27 kB
packages/ui-legacy build: dist/components/icons/svg/server--32.svg.js                                                                                                                                                                                       1.18 kB │ gzip:  0.53 kB │ map:   1.84 kB
packages/ui-legacy build: dist/components/icons/svg/virtual-network--16.svg.js                                                                                                                                                                              1.18 kB │ gzip:  0.65 kB │ map:   1.87 kB
packages/ui-legacy build: dist/components/icons/svg/workstation-included--16.svg.js                                                                                                                                                                         1.18 kB │ gzip:  0.64 kB │ map:   1.99 kB
packages/ui-legacy build: dist/components/icons/svg/training-o--24.svg.js                                                                                                                                                                                   1.18 kB │ gzip:  0.70 kB │ map:   1.85 kB
packages/ui-legacy build: dist/components/icons/svg/folder-customers--24.svg.js                                                                                                                                                                             1.18 kB │ gzip:  0.64 kB │ map:   1.88 kB
packages/ui-legacy build: dist/node_modules/.pnpm/recharts@3.8.1_@types_react@19.2.15_react-dom@19.2.6_react@19.2.6__react-is@19.2.6_react@19.2.6_redux@5.0.1/node_modules/recharts/es6/util/scale/RechartsScale.js                                         1.18 kB │ gzip:  0.49 kB │ map:   3.74 kB
packages/ui-legacy build: dist/components/icons/svg/check-circle-o--16.svg.js                                                                                                                                                                               1.18 kB │ gzip:  0.57 kB │ map:   2.10 kB
packages/ui-legacy build: dist/components/icons/svg/show-coordinate--16.svg.js                                                                                                                                                                              1.18 kB │ gzip:  0.56 kB │ map:   1.95 kB
packages/ui-legacy build: dist/components/icons/svg/paste-o--16.svg.js                                                                                                                                                                                      1.18 kB │ gzip:  0.54 kB │ map:   1.99 kB
packages/ui-legacy build: dist/node_modules/.pnpm/d3-scale@4.0.2/node_modules/d3-scale/src/radial.js                                                                                                                                                        1.18 kB │ gzip:  0.47 kB │ map:   3.12 kB
packages/ui-legacy build: dist/components/icons/svg/script--24.svg.js                                                                                                                                                                                       1.18 kB │ gzip:  0.68 kB │ map:   1.92 kB
packages/ui-legacy build: dist/components/icons/svg/lun-s-o--24.svg.js                                                                                                                                                                                      1.19 kB │ gzip:  0.71 kB │ map:   1.85 kB
packages/ui-legacy build: dist/components/ui/auth-layout.js                                                                                                                                                                                                 1.19 kB │ gzip:  0.45 kB │ map:   2.91 kB
packages/ui-legacy build: dist/components/icons/svg/storage-node-ab--32.svg.js                                                                                                                                                                              1.19 kB │ gzip:  0.55 kB │ map:   1.88 kB
packages/ui-legacy build: dist/node_modules/.pnpm/react-day-picker@10.0.1_@types_react@19.2.15_react@19.2.6/node_modules/react-day-picker/dist/esm/helpers/getMonths.js                                                                                     1.19 kB │ gzip:  0.57 kB │ map:   4.84 kB
packages/ui-legacy build: dist/components/icons/svg/adv-mobile-pack--16.svg.js                                                                                                                                                                              1.19 kB │ gzip:  0.61 kB │ map:   1.98 kB
packages/ui-legacy build: dist/components/icons/svg/backup-tray--32.svg.js                                                                                                                                                                                  1.19 kB │ gzip:  0.45 kB │ map:   2.47 kB
packages/ui-legacy build: dist/components/icons/svg/lun-status--24.svg.js                                                                                                                                                                                   1.19 kB │ gzip:  0.72 kB │ map:   1.87 kB
packages/ui-legacy build: dist/components/icons/svg/multiple-devices--32.svg.js                                                                                                                                                                             1.19 kB │ gzip:  0.65 kB │ map:   1.97 kB
packages/ui-legacy build: dist/components/icons/svg/network-monitoring--24.svg.js                                                                                                                                                                           1.19 kB │ gzip:  0.69 kB │ map:   1.90 kB
packages/ui-legacy build: dist/components/icons/svg/hdd-s-o--24.svg.js                                                                                                                                                                                      1.19 kB │ gzip:  0.71 kB │ map:   1.85 kB
packages/ui-legacy build: dist/components/icons/svg/policy--24.svg.js                                                                                                                                                                                       1.19 kB │ gzip:  0.63 kB │ map:   1.93 kB
packages/ui-legacy build: dist/components/icons/svg/star--24.svg.js                                                                                                                                                                                         1.19 kB │ gzip:  0.73 kB │ map:   1.85 kB
packages/ui-legacy build: dist/node_modules/.pnpm/d3-time@3.1.0/node_modules/d3-time/src/week.js                                                                                                                                                            1.19 kB │ gzip:  0.48 kB │ map:   3.69 kB
packages/ui-legacy build: dist/components/icons/svg/connect--16.svg.js                                                                                                                                                                                      1.19 kB │ gzip:  0.55 kB │ map:   1.93 kB
packages/ui-legacy build: dist/components/icons/svg/software--32.svg.js                                                                                                                                                                                     1.19 kB │ gzip:  0.64 kB │ map:   1.91 kB
packages/ui-legacy build: dist/components/icons/svg/sync-folder--32.svg.js                                                                                                                                                                                  1.20 kB │ gzip:  0.65 kB │ map:   1.88 kB
packages/ui-legacy build: dist/components/icons/svg/bootable-media-ab--32.svg.js                                                                                                                                                                            1.20 kB │ gzip:  0.69 kB │ map:   1.97 kB
packages/ui-legacy build: dist/components/icons/svg/ms-exchange--32.svg.js                                                                                                                                                                                  1.20 kB │ gzip:  0.69 kB │ map:   1.95 kB
packages/ui-legacy build: dist/components/icons/svg/servers--16.svg.js                                                                                                                                                                                      1.20 kB │ gzip:  0.57 kB │ map:   2.15 kB
packages/ui-legacy build: dist/components/icons/svg/kubernetes-cluster--16.svg.js                                                                                                                                                                           1.20 kB │ gzip:  0.58 kB │ map:   1.98 kB
packages/ui-legacy build: dist/components/ui/section.js                                                                                                                                                                                                     1.20 kB │ gzip:  0.44 kB │ map:   2.74 kB
packages/ui-legacy build: dist/components/icons/svg/devices-printer-mfu--24.svg.js                                                                                                                                                                          1.20 kB │ gzip:  0.65 kB │ map:   1.99 kB
packages/ui-legacy build: dist/components/icons/svg/subroot--16.svg.js                                                                                                                                                                                      1.20 kB │ gzip:  0.71 kB │ map:   1.87 kB
packages/ui-legacy build: dist/components/icons/svg/bootable-media-ab--24.svg.js                                                                                                                                                                            1.20 kB │ gzip:  0.68 kB │ map:   1.97 kB
packages/ui-legacy build: dist/components/icons/svg/adv--16.svg.js                                                                                                                                                                                          1.20 kB │ gzip:  0.61 kB │ map:   2.08 kB
packages/ui-legacy build: dist/components/icons/svg/devices-network-video-recorder--24.svg.js                                                                                                                                                               1.20 kB │ gzip:  0.69 kB │ map:   2.03 kB
packages/ui-legacy build: dist/components/icons/svg/pirate-tray--16.svg.js                                                                                                                                                                                  1.20 kB │ gzip:  0.68 kB │ map:   2.02 kB
packages/ui-legacy build: dist/components/icons/svg/dlp-workstation--24.svg.js                                                                                                                                                                              1.20 kB │ gzip:  0.65 kB │ map:   2.00 kB
packages/ui-legacy build: dist/components/icons/svg/upsell--16.svg.js                                                                                                                                                                                       1.20 kB │ gzip:  0.56 kB │ map:   2.23 kB
packages/ui-legacy build: dist/components/icons/svg/adv-backup-pack-workstation--16.svg.js                                                                                                                                                                  1.21 kB │ gzip:  0.62 kB │ map:   2.04 kB
packages/ui-legacy build: dist/components/icons/svg/mail-archive--24.svg.js                                                                                                                                                                                 1.21 kB │ gzip:  0.67 kB │ map:   1.89 kB
packages/ui-legacy build: dist/node_modules/.pnpm/recharts@3.8.1_@types_react@19.2.15_react-dom@19.2.6_react@19.2.6__react-is@19.2.6_react@19.2.6_redux@5.0.1/node_modules/recharts/es6/state/selectors/combiners/combineActiveTooltipIndex.js              1.21 kB │ gzip:  0.56 kB │ map:   4.43 kB
packages/ui-legacy build: dist/components/ui/date-picker.js                                                                                                                                                                                                 1.21 kB │ gzip:  0.58 kB │ map:   1.83 kB
packages/ui-legacy build: dist/components/icons/svg/danger--32.svg.js                                                                                                                                                                                       1.21 kB │ gzip:  0.57 kB │ map:   1.99 kB
packages/ui-legacy build: dist/components/icons/svg/ms-365-dynamics-backup--16.svg.js                                                                                                                                                                       1.21 kB │ gzip:  0.73 kB │ map:   1.91 kB
packages/ui-legacy build: dist/components/icons/svg/pie-chart--24.svg.js                                                                                                                                                                                    1.21 kB │ gzip:  0.69 kB │ map:   1.96 kB
packages/ui-legacy build: dist/components/icons/svg/raid-status--24.svg.js                                                                                                                                                                                  1.21 kB │ gzip:  0.61 kB │ map:   2.04 kB
packages/ui-legacy build: dist/components/icons/svg/star--32.svg.js                                                                                                                                                                                         1.21 kB │ gzip:  0.74 kB │ map:   1.87 kB
packages/ui-legacy build: dist/components/icons/svg/success--16.svg.js                                                                                                                                                                                      1.21 kB │ gzip:  0.56 kB │ map:   2.28 kB
packages/ui-legacy build: dist/components/icons/svg/hci-vm--32.svg.js                                                                                                                                                                                       1.21 kB │ gzip:  0.67 kB │ map:   1.95 kB
packages/ui-legacy build: dist/components/icons/svg/egress--24.svg.js                                                                                                                                                                                       1.21 kB │ gzip:  0.66 kB │ map:   1.95 kB
packages/ui-legacy build: dist/components/icons/svg/apple--16.svg.js                                                                                                                                                                                        1.21 kB │ gzip:  0.75 kB │ map:   1.85 kB
packages/ui-legacy build: dist/components/icons/svg/eth-esign-o--24.svg.js                                                                                                                                                                                  1.21 kB │ gzip:  0.56 kB │ map:   1.87 kB
packages/ui-legacy build: dist/components/icons/svg/active-protection--16.svg.js                                                                                                                                                                            1.22 kB │ gzip:  0.70 kB │ map:   2.00 kB
packages/ui-legacy build: dist/components/icons/svg/azure--24.svg.js                                                                                                                                                                                        1.22 kB │ gzip:  0.66 kB │ map:   1.92 kB
packages/ui-legacy build: dist/components/icons/svg/storage-node-ab--24.svg.js                                                                                                                                                                              1.22 kB │ gzip:  0.59 kB │ map:   1.91 kB
packages/ui-legacy build: dist/components/icons/svg/file-audio--32.svg.js                                                                                                                                                                                   1.22 kB │ gzip:  0.66 kB │ map:   1.97 kB
packages/ui-legacy build: dist/components/icons/svg/mdr-adv--16.svg.js                                                                                                                                                                                      1.22 kB │ gzip:  0.68 kB │ map:   1.95 kB
packages/ui-legacy build: dist/components/icons/svg/omnivoice--24.svg.js                                                                                                                                                                                    1.22 kB │ gzip:  0.67 kB │ map:   1.97 kB
packages/ui-legacy build: dist/components/icons/svg/add-admin--32.svg.js                                                                                                                                                                                    1.22 kB │ gzip:  0.75 kB │ map:   1.90 kB
packages/ui-legacy build: dist/components/icons/svg/sync-folder-mix--32.svg.js                                                                                                                                                                              1.22 kB │ gzip:  0.69 kB │ map:   1.92 kB
packages/ui-legacy build: dist/components/icons/svg/pin-default--16.svg.js                                                                                                                                                                                  1.22 kB │ gzip:  0.62 kB │ map:   2.11 kB
packages/ui-legacy build: dist/components/icons/svg/customer-solid--24.svg.js                                                                                                                                                                               1.22 kB │ gzip:  0.60 kB │ map:   1.92 kB
packages/ui-legacy build: dist/components/icons/svg/ingress--24.svg.js                                                                                                                                                                                      1.22 kB │ gzip:  0.66 kB │ map:   1.96 kB
packages/ui-legacy build: dist/components/icons/svg/install-blue--16.svg.js                                                                                                                                                                                 1.23 kB │ gzip:  0.57 kB │ map:   2.28 kB
packages/ui-legacy build: dist/components/icons/svg/kubernetes-cluster--24.svg.js                                                                                                                                                                           1.23 kB │ gzip:  0.62 kB │ map:   2.01 kB
packages/ui-legacy build: dist/components/icons/svg/malware-o--24.svg.js                                                                                                                                                                                    1.23 kB │ gzip:  0.73 kB │ map:   1.88 kB
packages/ui-legacy build: dist/components/icons/svg/times-circle--16.svg.js                                                                                                                                                                                 1.23 kB │ gzip:  0.55 kB │ map:   2.12 kB
packages/ui-legacy build: dist/components/icons/svg/vm-replication-plan-ab--32.svg.js                                                                                                                                                                       1.23 kB │ gzip:  0.71 kB │ map:   2.02 kB
packages/ui-legacy build: dist/components/icons/svg/apple--24.svg.js                                                                                                                                                                                        1.23 kB │ gzip:  0.74 kB │ map:   1.86 kB
packages/ui-legacy build: dist/components/icons/svg/gift-tray--16.svg.js                                                                                                                                                                                    1.23 kB │ gzip:  0.64 kB │ map:   2.13 kB
packages/ui-legacy build: dist/components/icons/svg/nas--24.svg.js                                                                                                                                                                                          1.23 kB │ gzip:  0.57 kB │ map:   1.96 kB
packages/ui-legacy build: dist/components/icons/svg/omnivoice-users--16.svg.js                                                                                                                                                                              1.23 kB │ gzip:  0.67 kB │ map:   2.13 kB
packages/ui-legacy build: dist/components/icons/svg/unknown--16.svg.js                                                                                                                                                                                      1.23 kB │ gzip:  0.59 kB │ map:   2.19 kB
packages/ui-legacy build: dist/components/icons/svg/customer-solid--32.svg.js                                                                                                                                                                               1.23 kB │ gzip:  0.63 kB │ map:   1.93 kB
packages/ui-legacy build: dist/components/icons/svg/support-portal-access--24.svg.js                                                                                                                                                                        1.23 kB │ gzip:  0.68 kB │ map:   2.03 kB
packages/ui-legacy build: dist/components/icons/svg/v-host--24.svg.js                                                                                                                                                                                       1.23 kB │ gzip:  0.64 kB │ map:   1.89 kB
packages/ui-legacy build: dist/components/icons/svg/encrypted-mix--32.svg.js                                                                                                                                                                                1.23 kB │ gzip:  0.63 kB │ map:   2.08 kB
packages/ui-legacy build: dist/components/icons/svg/raid--24.svg.js                                                                                                                                                                                         1.23 kB │ gzip:  0.54 kB │ map:   2.13 kB
packages/ui-legacy build: dist/node_modules/.pnpm/class-variance-authority@0.7.1/node_modules/class-variance-authority/dist/index.js                                                                                                                        1.24 kB │ gzip:  0.57 kB │ map:   5.04 kB
packages/ui-legacy build: dist/components/icons/svg/android--24.svg.js                                                                                                                                                                                      1.24 kB │ gzip:  0.68 kB │ map:   1.91 kB
packages/ui-legacy build: dist/components/icons/svg/plus-rounded--16.svg.js                                                                                                                                                                                 1.24 kB │ gzip:  0.59 kB │ map:   2.21 kB
packages/ui-legacy build: dist/components/icons/svg/shopping-cart-o--32.svg.js                                                                                                                                                                              1.24 kB │ gzip:  0.69 kB │ map:   1.91 kB
packages/ui-legacy build: dist/components/icons/svg/clipboard-arrow--24.svg.js                                                                                                                                                                              1.24 kB │ gzip:  0.64 kB │ map:   2.01 kB
packages/ui-legacy build: dist/components/icons/svg/agent-va--32.svg.js                                                                                                                                                                                     1.24 kB │ gzip:  0.73 kB │ map:   1.99 kB
packages/ui-legacy build: dist/components/ui/radio-group.js                                                                                                                                                                                                 1.24 kB │ gzip:  0.57 kB │ map:   2.29 kB
packages/ui-legacy build: dist/components/icons/svg/subroot--24.svg.js                                                                                                                                                                                      1.24 kB │ gzip:  0.75 kB │ map:   1.91 kB
packages/ui-legacy build: dist/components/icons/svg/vpn-con--24.svg.js                                                                                                                                                                                      1.24 kB │ gzip:  0.73 kB │ map:   1.98 kB
packages/ui-legacy build: dist/components/icons/svg/danger-mix--32.svg.js                                                                                                                                                                                   1.24 kB │ gzip:  0.57 kB │ map:   2.07 kB
packages/ui-legacy build: dist/components/icons/svg/devices-ip-phone--24.svg.js                                                                                                                                                                             1.24 kB │ gzip:  0.62 kB │ map:   2.02 kB
packages/ui-legacy build: dist/components/icons/svg/mail-archive--16.svg.js                                                                                                                                                                                 1.24 kB │ gzip:  0.68 kB │ map:   2.01 kB
packages/ui-legacy build: dist/components/icons/svg/progress--16.svg.js                                                                                                                                                                                     1.25 kB │ gzip:  0.55 kB │ map:   2.29 kB
packages/ui-legacy build: dist/components/icons/svg/sync--32.svg.js                                                                                                                                                                                         1.25 kB │ gzip:  0.65 kB │ map:   2.02 kB
packages/ui-legacy build: dist/components/icons/svg/web-hosting-server-o--16.svg.js                                                                                                                                                                         1.25 kB │ gzip:  0.73 kB │ map:   1.94 kB
packages/ui-legacy build: dist/components/icons/svg/azure--32.svg.js                                                                                                                                                                                        1.25 kB │ gzip:  0.67 kB │ map:   1.95 kB
packages/ui-legacy build: dist/components/icons/svg/nas-ab--24.svg.js                                                                                                                                                                                       1.25 kB │ gzip:  0.57 kB │ map:   1.91 kB
packages/ui-legacy build: dist/components/icons/svg/ethernet--24.svg.js                                                                                                                                                                                     1.25 kB │ gzip:  0.60 kB │ map:   2.00 kB
packages/ui-legacy build: dist/components/icons/svg/evacuate--16.svg.js                                                                                                                                                                                     1.25 kB │ gzip:  0.69 kB │ map:   1.97 kB
packages/ui-legacy build: dist/components/icons/svg/blog--16.svg.js                                                                                                                                                                                         1.25 kB │ gzip:  0.70 kB │ map:   1.95 kB
packages/ui-legacy build: dist/components/icons/svg/licence-tray--16.svg.js                                                                                                                                                                                 1.25 kB │ gzip:  0.66 kB │ map:   2.09 kB
packages/ui-legacy build: dist/components/icons/svg/time-registration--24.svg.js                                                                                                                                                                            1.25 kB │ gzip:  0.66 kB │ map:   2.03 kB
packages/ui-legacy build: dist/components/icons/svg/ztc-esign-o--24.svg.js                                                                                                                                                                                  1.25 kB │ gzip:  0.59 kB │ map:   1.91 kB
packages/ui-legacy build: dist/components/icons/svg/apple--32.svg.js                                                                                                                                                                                        1.25 kB │ gzip:  0.76 kB │ map:   1.89 kB
packages/ui-legacy build: dist/components/icons/svg/check-circle-outline--16.svg.js                                                                                                                                                                         1.25 kB │ gzip:  0.62 kB │ map:   2.25 kB
packages/ui-legacy build: dist/components/icons/svg/emergency--32.svg.js                                                                                                                                                                                    1.25 kB │ gzip:  0.61 kB │ map:   2.05 kB
packages/ui-legacy build: dist/components/icons/svg/bootable-media--24.svg.js                                                                                                                                                                               1.25 kB │ gzip:  0.69 kB │ map:   2.02 kB
packages/ui-legacy build: dist/components/icons/svg/email-security--16.svg.js                                                                                                                                                                               1.26 kB │ gzip:  0.68 kB │ map:   2.05 kB
packages/ui-legacy build: dist/components/icons/svg/key--24.svg.js                                                                                                                                                                                          1.26 kB │ gzip:  0.67 kB │ map:   2.00 kB
packages/ui-legacy build: dist/components/icons/svg/partner-solid--32.svg.js                                                                                                                                                                                1.26 kB │ gzip:  0.58 kB │ map:   2.02 kB
packages/ui-legacy build: dist/components/icons/svg/patch-management--16.svg.js                                                                                                                                                                             1.26 kB │ gzip:  0.60 kB │ map:   2.24 kB
packages/ui-legacy build: dist/components/ui/filter.js                                                                                                                                                                                                      1.26 kB │ gzip:  0.61 kB │ map:   2.25 kB
packages/ui-legacy build: dist/components/icons/svg/recovery-server-state--24.svg.js                                                                                                                                                                        1.26 kB │ gzip:  0.58 kB │ map:   1.98 kB
packages/ui-legacy build: dist/components/icons/svg/hdd--16.svg.js                                                                                                                                                                                          1.26 kB │ gzip:  0.64 kB │ map:   2.19 kB
packages/ui-legacy build: dist/components/icons/svg/mdr-adv--24.svg.js                                                                                                                                                                                      1.26 kB │ gzip:  0.70 kB │ map:   1.99 kB
packages/ui-legacy build: dist/node_modules/.pnpm/date-fns@4.3.0/node_modules/date-fns/_lib/format/lightFormatters.js                                                                                                                                       1.26 kB │ gzip:  0.52 kB │ map:   4.77 kB
packages/ui-legacy build: dist/components/icons/svg/pdf-ab--32.svg.js                                                                                                                                                                                       1.26 kB │ gzip:  0.76 kB │ map:   1.90 kB
packages/ui-legacy build: dist/node_modules/.pnpm/cmdk@1.1.1_@types_react-dom@19.2.3_@types_react@19.2.15__@types_react@19.2.15_react-dom_7da9dd6d0abe551ebf468d120771408a/node_modules/cmdk/dist/chunk-NZJY6EH4.js                                         1.26 kB │ gzip:  0.61 kB │ map:   3.06 kB
packages/ui-legacy build: dist/components/icons/svg/agent-nutanix--32.svg.js                                                                                                                                                                                1.26 kB │ gzip:  0.69 kB │ map:   1.93 kB
packages/ui-legacy build: dist/components/icons/svg/cluster--24.svg.js                                                                                                                                                                                      1.26 kB │ gzip:  0.53 kB │ map:   2.01 kB
packages/ui-legacy build: dist/components/ui/scroll-area.js                                                                                                                                                                                                 1.26 kB │ gzip:  0.57 kB │ map:   2.69 kB
packages/ui-legacy build: dist/components/icons/svg/vp--24.svg.js                                                                                                                                                                                           1.27 kB │ gzip:  0.60 kB │ map:   1.91 kB
packages/ui-legacy build: dist/components/icons/svg/scroll-check--32.svg.js                                                                                                                                                                                 1.27 kB │ gzip:  0.69 kB │ map:   2.03 kB
packages/ui-legacy build: dist/components/icons/svg/splashtop--16.svg.js                                                                                                                                                                                    1.27 kB │ gzip:  0.75 kB │ map:   1.99 kB
packages/ui-legacy build: dist/node_modules/.pnpm/d3-scale@4.0.2/node_modules/d3-scale/src/tickFormat.js                                                                                                                                                    1.27 kB │ gzip:  0.46 kB │ map:   2.38 kB
packages/ui-legacy build: dist/components/icons/svg/devices-camera--24.svg.js                                                                                                                                                                               1.27 kB │ gzip:  0.62 kB │ map:   2.13 kB
packages/ui-legacy build: dist/components/icons/svg/dlp-server--16.svg.js                                                                                                                                                                                   1.27 kB │ gzip:  0.58 kB │ map:   2.09 kB
packages/ui-legacy build: dist/components/icons/svg/ztc-notarize-o--24.svg.js                                                                                                                                                                               1.27 kB │ gzip:  0.64 kB │ map:   1.94 kB
packages/ui-legacy build: dist/components/icons/svg/folder-search--24.svg.js                                                                                                                                                                                1.27 kB │ gzip:  0.66 kB │ map:   2.04 kB
packages/ui-legacy build: dist/components/icons/svg/external-drive--16.svg.js                                                                                                                                                                               1.27 kB │ gzip:  0.69 kB │ map:   2.19 kB
packages/ui-legacy build: dist/components/icons/svg/infrastructure--32.svg.js                                                                                                                                                                               1.27 kB │ gzip:  0.66 kB │ map:   1.97 kB
packages/ui-legacy build: dist/components/icons/svg/dr--16.svg.js                                                                                                                                                                                           1.27 kB │ gzip:  0.65 kB │ map:   2.20 kB
packages/ui-legacy build: dist/components/icons/svg/tune--32.svg.js                                                                                                                                                                                         1.27 kB │ gzip:  0.61 kB │ map:   1.93 kB
packages/ui-legacy build: dist/components/icons/svg/vz-virtual--32.svg.js                                                                                                                                                                                   1.27 kB │ gzip:  0.72 kB │ map:   1.95 kB
packages/ui-legacy build: dist/components/icons/svg/vm-template--32.svg.js                                                                                                                                                                                  1.27 kB │ gzip:  0.71 kB │ map:   2.03 kB
packages/ui-legacy build: dist/components/icons/svg/vtl--24.svg.js                                                                                                                                                                                          1.27 kB │ gzip:  0.65 kB │ map:   2.02 kB
packages/ui-legacy build: dist/components/icons/svg/shared-folder--24.svg.js                                                                                                                                                                                1.28 kB │ gzip:  0.70 kB │ map:   2.04 kB
packages/ui-legacy build: dist/components/icons/svg/add-disk--32.svg.js                                                                                                                                                                                     1.28 kB │ gzip:  0.70 kB │ map:   2.02 kB
packages/ui-legacy build: dist/node_modules/.pnpm/d3-shape@3.2.0/node_modules/d3-shape/src/line.js                                                                                                                                                          1.28 kB │ gzip:  0.53 kB │ map:   3.52 kB
packages/ui-legacy build: dist/components/icons/svg/connect-failed--24.svg.js                                                                                                                                                                               1.28 kB │ gzip:  0.66 kB │ map:   2.05 kB
packages/ui-legacy build: dist/components/icons/svg/ftp-ab--32.svg.js                                                                                                                                                                                       1.28 kB │ gzip:  0.75 kB │ map:   2.02 kB
packages/ui-legacy build: dist/components/icons/svg/archive-o--24.svg.js                                                                                                                                                                                    1.28 kB │ gzip:  0.63 kB │ map:   1.93 kB
packages/ui-legacy build: dist/components/icons/svg/devices-virtual-machine--24.svg.js                                                                                                                                                                      1.28 kB │ gzip:  0.75 kB │ map:   2.08 kB
packages/ui-legacy build: dist/components/icons/svg/ms-outlook--24.svg.js                                                                                                                                                                                   1.28 kB │ gzip:  0.68 kB │ map:   2.11 kB
packages/ui-legacy build: dist/components/icons/svg/unprotected--16.svg.js                                                                                                                                                                                  1.28 kB │ gzip:  0.67 kB │ map:   2.04 kB
packages/ui-legacy build: dist/components/icons/svg/unrecognized-pool--32.svg.js                                                                                                                                                                            1.28 kB │ gzip:  0.70 kB │ map:   1.97 kB
packages/ui-legacy build: dist/components/icons/svg/twitter--24.svg.js                                                                                                                                                                                      1.28 kB │ gzip:  0.71 kB │ map:   1.93 kB
packages/ui-legacy build: dist/node_modules/.pnpm/recharts@3.8.1_@types_react@19.2.15_react-dom@19.2.6_react@19.2.6__react-is@19.2.6_react@19.2.6_redux@5.0.1/node_modules/recharts/es6/component/responsiveContainerUtils.js                               1.28 kB │ gzip:  0.58 kB │ map:   5.80 kB
packages/ui-legacy build: dist/components/icons/svg/clients--16.svg.js                                                                                                                                                                                      1.29 kB │ gzip:  0.65 kB │ map:   1.95 kB
packages/ui-legacy build: dist/components/icons/svg/openai--16.svg.js                                                                                                                                                                                       1.29 kB │ gzip:  0.66 kB │ map:   1.93 kB
packages/ui-legacy build: dist/components/icons/svg/server-state--24.svg.js                                                                                                                                                                                 1.29 kB │ gzip:  0.58 kB │ map:   1.97 kB
packages/ui-legacy build: dist/components/icons/svg/twitter--16.svg.js                                                                                                                                                                                      1.29 kB │ gzip:  0.75 kB │ map:   1.93 kB
packages/ui-legacy build: dist/components/icons/svg/file-esigned--32.svg.js                                                                                                                                                                                 1.29 kB │ gzip:  0.65 kB │ map:   2.07 kB
packages/ui-legacy build: dist/components/ui/popover.js                                                                                                                                                                                                     1.29 kB │ gzip:  0.61 kB │ map:   2.56 kB
packages/ui-legacy build: dist/components/icons/svg/connect--32.svg.js                                                                                                                                                                                      1.29 kB │ gzip:  0.60 kB │ map:   2.03 kB
packages/ui-legacy build: dist/components/icons/svg/rocket--16.svg.js                                                                                                                                                                                       1.29 kB │ gzip:  0.61 kB │ map:   2.25 kB
packages/ui-legacy build: dist/components/icons/svg/sync--16.svg.js                                                                                                                                                                                         1.29 kB │ gzip:  0.64 kB │ map:   2.31 kB
packages/ui-legacy build: dist/components/icons/svg/locked--16.svg.js                                                                                                                                                                                       1.29 kB │ gzip:  0.61 kB │ map:   2.35 kB
packages/ui-legacy build: dist/components/icons/svg/ms-teams--16.svg.js                                                                                                                                                                                     1.29 kB │ gzip:  0.72 kB │ map:   2.03 kB
packages/ui-legacy build: dist/components/icons/svg/splashtop--24.svg.js                                                                                                                                                                                    1.29 kB │ gzip:  0.75 kB │ map:   2.02 kB
packages/ui-legacy build: dist/components/icons/svg/account--32.svg.js                                                                                                                                                                                      1.29 kB │ gzip:  0.77 kB │ map:   1.96 kB
packages/ui-legacy build: dist/components/icons/svg/file-powerpoint--32.svg.js                                                                                                                                                                              1.29 kB │ gzip:  0.70 kB │ map:   2.14 kB
packages/ui-legacy build: dist/components/icons/svg/project-profit--32.svg.js                                                                                                                                                                               1.29 kB │ gzip:  0.68 kB │ map:   2.14 kB
packages/ui-legacy build: dist/components/icons/svg/vp--16.svg.js                                                                                                                                                                                           1.29 kB │ gzip:  0.61 kB │ map:   2.17 kB
packages/ui-legacy build: dist/components/icons/svg/hc3--16.svg.js                                                                                                                                                                                          1.30 kB │ gzip:  0.68 kB │ map:   1.93 kB
packages/ui-legacy build: dist/node_modules/.pnpm/d3-format@3.1.2/node_modules/d3-format/src/formatSpecifier.js                                                                                                                                             1.30 kB │ gzip:  0.57 kB │ map:   3.32 kB
packages/ui-legacy build: dist/components/ui/toggle-group.js                                                                                                                                                                                                1.30 kB │ gzip:  0.59 kB │ map:   2.30 kB
packages/ui-legacy build: dist/components/icons/svg/devices-streaming-device--24.svg.js                                                                                                                                                                     1.30 kB │ gzip:  0.70 kB │ map:   2.18 kB
packages/ui-legacy build: dist/components/icons/svg/hdd-o--32.svg.js                                                                                                                                                                                        1.30 kB │ gzip:  0.74 kB │ map:   1.96 kB
packages/ui-legacy build: dist/components/icons/svg/help--16.svg.js                                                                                                                                                                                         1.30 kB │ gzip:  0.67 kB │ map:   2.18 kB
packages/ui-legacy build: dist/components/icons/svg/local-backup-o--32.svg.js                                                                                                                                                                               1.30 kB │ gzip:  0.75 kB │ map:   1.97 kB
packages/ui-legacy build: dist/components/icons/svg/notifications-d-o--16.svg.js                                                                                                                                                                            1.30 kB │ gzip:  0.74 kB │ map:   1.98 kB
packages/ui-legacy build: dist/components/icons/svg/clipboard--24.svg.js                                                                                                                                                                                    1.30 kB │ gzip:  0.62 kB │ map:   2.06 kB
packages/ui-legacy build: dist/components/icons/svg/heartbeat--32.svg.js                                                                                                                                                                                    1.30 kB │ gzip:  0.79 kB │ map:   1.98 kB
packages/ui-legacy build: dist/components/icons/svg/pin-circle--16.svg.js                                                                                                                                                                                   1.30 kB │ gzip:  0.66 kB │ map:   2.21 kB
packages/ui-legacy build: dist/node_modules/.pnpm/recharts@3.8.1_@types_react@19.2.15_react-dom@19.2.6_react@19.2.6__react-is@19.2.6_react@19.2.6_redux@5.0.1/node_modules/recharts/es6/synchronisation/useChartSynchronisation.js                          1.30 kB │ gzip:  0.62 kB │ map:  17.61 kB
packages/ui-legacy build: dist/components/icons/svg/recovery-server--24.svg.js                                                                                                                                                                              1.31 kB │ gzip:  0.53 kB │ map:   2.01 kB
packages/ui-legacy build: dist/components/icons/svg/invalid-link--16.svg.js                                                                                                                                                                                 1.31 kB │ gzip:  0.62 kB │ map:   2.28 kB
packages/ui-legacy build: dist/components/icons/svg/training-o--32.svg.js                                                                                                                                                                                   1.31 kB │ gzip:  0.76 kB │ map:   1.99 kB
packages/ui-legacy build: dist/components/icons/svg/vp--32.svg.js                                                                                                                                                                                           1.31 kB │ gzip:  0.60 kB │ map:   1.96 kB
packages/ui-legacy build: dist/components/icons/svg/education--16.svg.js                                                                                                                                                                                    1.31 kB │ gzip:  0.68 kB │ map:   2.25 kB
packages/ui-legacy build: dist/components/icons/svg/bell-o--24.svg.js                                                                                                                                                                                       1.31 kB │ gzip:  0.77 kB │ map:   1.95 kB
packages/ui-legacy build: dist/components/icons/svg/devices-fitness-tracker--24.svg.js                                                                                                                                                                      1.31 kB │ gzip:  0.77 kB │ map:   2.04 kB
packages/ui-legacy build: dist/components/icons/svg/pin-outline-small--32.svg.js                                                                                                                                                                            1.31 kB │ gzip:  0.72 kB │ map:   2.11 kB
packages/ui-legacy build: dist/components/icons/svg/exit-full-size-o--16.svg.js                                                                                                                                                                             1.31 kB │ gzip:  0.66 kB │ map:   2.24 kB
packages/ui-legacy build: dist/components/icons/svg/workstations-premium--24.svg.js                                                                                                                                                                         1.31 kB │ gzip:  0.74 kB │ map:   2.10 kB
packages/ui-legacy build: dist/components/icons/svg/ms-teams--32.svg.js                                                                                                                                                                                     1.32 kB │ gzip:  0.75 kB │ map:   2.06 kB
packages/ui-legacy build: dist/components/icons/svg/protection--24.svg.js                                                                                                                                                                                   1.32 kB │ gzip:  0.74 kB │ map:   2.07 kB
packages/ui-legacy build: dist/components/icons/svg/shopping-cart--24.svg.js                                                                                                                                                                                1.32 kB │ gzip:  0.68 kB │ map:   2.01 kB
packages/ui-legacy build: dist/components/icons/svg/cluster--32.svg.js                                                                                                                                                                                      1.32 kB │ gzip:  0.55 kB │ map:   2.08 kB
packages/ui-legacy build: dist/components/icons/svg/hide--16.svg.js                                                                                                                                                                                         1.32 kB │ gzip:  0.77 kB │ map:   1.95 kB
packages/ui-legacy build: dist/components/icons/svg/ms-365-dynamics-backup--24.svg.js                                                                                                                                                                       1.32 kB │ gzip:  0.77 kB │ map:   2.02 kB
packages/ui-legacy build: dist/components/icons/svg/splashtop--32.svg.js                                                                                                                                                                                    1.32 kB │ gzip:  0.77 kB │ map:   2.05 kB
packages/ui-legacy build: dist/components/icons/svg/ai-summaries-delete--16.svg.js                                                                                                                                                                          1.32 kB │ gzip:  0.61 kB │ map:   2.15 kB
packages/ui-legacy build: dist/components/icons/svg/connect--24.svg.js                                                                                                                                                                                      1.32 kB │ gzip:  0.64 kB │ map:   2.06 kB
packages/ui-legacy build: dist/components/icons/svg/entra-id--24.svg.js                                                                                                                                                                                     1.32 kB │ gzip:  0.76 kB │ map:   2.04 kB
packages/ui-legacy build: dist/components/icons/svg/claim--16.svg.js                                                                                                                                                                                        1.32 kB │ gzip:  0.60 kB │ map:   2.06 kB
packages/ui-legacy build: dist/components/icons/svg/local-backup-o--24.svg.js                                                                                                                                                                               1.32 kB │ gzip:  0.77 kB │ map:   1.99 kB
packages/ui-legacy build: dist/components/icons/svg/ms-outlook--16.svg.js                                                                                                                                                                                   1.32 kB │ gzip:  0.69 kB │ map:   2.15 kB
packages/ui-legacy build: dist/components/icons/svg/nas-ab--32.svg.js                                                                                                                                                                                       1.32 kB │ gzip:  0.52 kB │ map:   1.98 kB
packages/ui-legacy build: dist/components/icons/svg/target--24.svg.js                                                                                                                                                                                       1.32 kB │ gzip:  0.57 kB │ map:   2.06 kB
packages/ui-legacy build: dist/components/icons/svg/danger--16.svg.js                                                                                                                                                                                       1.32 kB │ gzip:  0.58 kB │ map:   2.35 kB
packages/ui-legacy build: dist/components/icons/svg/trial-tray-mix--32.svg.js                                                                                                                                                                               1.32 kB │ gzip:  0.67 kB │ map:   2.13 kB
packages/ui-legacy build: dist/components/icons/svg/omnivoice-users--24.svg.js                                                                                                                                                                              1.33 kB │ gzip:  0.71 kB │ map:   2.25 kB
packages/ui-legacy build: dist/components/icons/svg/eth-esign-o--16.svg.js                                                                                                                                                                                  1.33 kB │ gzip:  0.56 kB │ map:   2.21 kB
packages/ui-legacy build: dist/components/icons/svg/patch--16.svg.js                                                                                                                                                                                        1.33 kB │ gzip:  0.63 kB │ map:   2.06 kB
packages/ui-legacy build: dist/components/icons/svg/ms-365-dynamics-backup--32.svg.js                                                                                                                                                                       1.33 kB │ gzip:  0.78 kB │ map:   2.03 kB
packages/ui-legacy build: dist/components/icons/svg/warning--16.svg.js                                                                                                                                                                                      1.33 kB │ gzip:  0.72 kB │ map:   2.15 kB
packages/ui-legacy build: dist/components/icons/svg/help-ab--32.svg.js                                                                                                                                                                                      1.33 kB │ gzip:  0.72 kB │ map:   2.00 kB
packages/ui-legacy build: dist/components/icons/svg/mailbox-encrypted-ab--32.svg.js                                                                                                                                                                         1.33 kB │ gzip:  0.74 kB │ map:   2.13 kB
packages/ui-legacy build: dist/components/icons/svg/partner--32.svg.js                                                                                                                                                                                      1.34 kB │ gzip:  0.63 kB │ map:   2.08 kB
packages/ui-legacy build: dist/components/icons/svg/hdd--24.svg.js                                                                                                                                                                                          1.34 kB │ gzip:  0.69 kB │ map:   2.16 kB
packages/ui-legacy build: dist/components/icons/svg/light-disable--24.svg.js                                                                                                                                                                                1.34 kB │ gzip:  0.76 kB │ map:   2.10 kB
packages/ui-legacy build: dist/components/icons/svg/products-o--32.svg.js                                                                                                                                                                                   1.34 kB │ gzip:  0.49 kB │ map:   1.99 kB
packages/ui-legacy build: dist/components/icons/svg/share--16.svg.js                                                                                                                                                                                        1.34 kB │ gzip:  0.71 kB │ map:   2.05 kB
packages/ui-legacy build: dist/node_modules/.pnpm/d3-shape@3.2.0/node_modules/d3-shape/src/curve/step.js                                                                                                                                                    1.34 kB │ gzip:  0.49 kB │ map:   2.95 kB
packages/ui-legacy build: dist/components/icons/svg/delete-catalog-ab--32.svg.js                                                                                                                                                                            1.34 kB │ gzip:  0.68 kB │ map:   2.12 kB
packages/ui-legacy build: dist/components/icons/svg/entra-id--32.svg.js                                                                                                                                                                                     1.34 kB │ gzip:  0.77 kB │ map:   2.06 kB
packages/ui-legacy build: dist/components/icons/svg/key--32.svg.js                                                                                                                                                                                          1.34 kB │ gzip:  0.72 kB │ map:   1.99 kB
packages/ui-legacy build: dist/components/icons/svg/cpu--24.svg.js                                                                                                                                                                                          1.34 kB │ gzip:  0.52 kB │ map:   2.09 kB
packages/ui-legacy build: dist/components/icons/svg/ai-sparkles-tag--16.svg.js                                                                                                                                                                              1.34 kB │ gzip:  0.74 kB │ map:   2.02 kB
packages/ui-legacy build: dist/components/icons/svg/hdd-status--24.svg.js                                                                                                                                                                                   1.34 kB │ gzip:  0.73 kB │ map:   2.16 kB
packages/ui-legacy build: dist/components/icons/svg/hide-way--16.svg.js                                                                                                                                                                                     1.35 kB │ gzip:  0.71 kB │ map:   2.09 kB
packages/ui-legacy build: dist/components/icons/svg/direction-blue--16.svg.js                                                                                                                                                                               1.35 kB │ gzip:  0.63 kB │ map:   2.38 kB
packages/ui-legacy build: dist/components/icons/svg/server-3th--24.svg.js                                                                                                                                                                                   1.35 kB │ gzip:  0.69 kB │ map:   2.12 kB
packages/ui-legacy build: dist/node_modules/.pnpm/d3-scale@4.0.2/node_modules/d3-scale/src/quantile.js                                                                                                                                                      1.35 kB │ gzip:  0.60 kB │ map:   3.11 kB
packages/ui-legacy build: dist/components/icons/svg/hide-coordinate--16.svg.js                                                                                                                                                                              1.36 kB │ gzip:  0.63 kB │ map:   2.12 kB
packages/ui-legacy build: dist/components/icons/svg/notifications-with-state-d-o--16.svg.js                                                                                                                                                                 1.36 kB │ gzip:  0.78 kB │ map:   2.07 kB
packages/ui-legacy build: dist/node_modules/.pnpm/d3-array@3.2.4/node_modules/d3-array/src/ticks.js                                                                                                                                                         1.36 kB │ gzip:  0.57 kB │ map:   4.34 kB
packages/ui-legacy build: dist/components/icons/svg/mail-archive-o--32.svg.js                                                                                                                                                                               1.36 kB │ gzip:  0.74 kB │ map:   2.13 kB
packages/ui-legacy build: dist/components/icons/svg/clients--24.svg.js                                                                                                                                                                                      1.36 kB │ gzip:  0.70 kB │ map:   2.03 kB
packages/ui-legacy build: dist/components/icons/svg/notary-circle-d--32.svg.js                                                                                                                                                                              1.36 kB │ gzip:  0.71 kB │ map:   2.29 kB
packages/ui-legacy build: dist/components/icons/svg/ztc-esign-o--16.svg.js                                                                                                                                                                                  1.37 kB │ gzip:  0.58 kB │ map:   2.25 kB
packages/ui-legacy build: dist/components/icons/svg/devices-home-automation-hub--24.svg.js                                                                                                                                                                  1.37 kB │ gzip:  0.77 kB │ map:   2.18 kB
packages/ui-legacy build: dist/components/icons/svg/devices-memory-card--24.svg.js                                                                                                                                                                          1.37 kB │ gzip:  0.68 kB │ map:   2.15 kB
packages/ui-legacy build: dist/components/icons/svg/enable-ab--32.svg.js                                                                                                                                                                                    1.37 kB │ gzip:  0.74 kB │ map:   2.11 kB
packages/ui-legacy build: dist/components/icons/svg/geo-replication--16.svg.js                                                                                                                                                                              1.37 kB │ gzip:  0.62 kB │ map:   2.12 kB
packages/ui-legacy build: dist/components/icons/svg/routing--24.svg.js                                                                                                                                                                                      1.37 kB │ gzip:  0.65 kB │ map:   2.12 kB
packages/ui-legacy build: dist/components/icons/svg/referee--16.svg.js                                                                                                                                                                                      1.37 kB │ gzip:  0.73 kB │ map:   2.27 kB
packages/ui-legacy build: dist/components/icons/svg/workstation-nav--24.svg.js                                                                                                                                                                              1.37 kB │ gzip:  0.66 kB │ map:   2.43 kB
packages/ui-legacy build: dist/components/icons/svg/warning-mix--32.svg.js                                                                                                                                                                                  1.38 kB │ gzip:  0.74 kB │ map:   2.21 kB
packages/ui-legacy build: dist/components/ui/stack.js                                                                                                                                                                                                       1.38 kB │ gzip:  0.58 kB │ map:   2.59 kB
packages/ui-legacy build: dist/components/icons/svg/mssql-db-group--32.svg.js                                                                                                                                                                               1.38 kB │ gzip:  0.58 kB │ map:   2.33 kB
packages/ui-legacy build: dist/components/ui/chip.js                                                                                                                                                                                                        1.38 kB │ gzip:  0.65 kB │ map:   2.27 kB
packages/ui-legacy build: dist/components/icons/svg/target-group--24.svg.js                                                                                                                                                                                 1.38 kB │ gzip:  0.78 kB │ map:   2.06 kB
packages/ui-legacy build: dist/components/icons/svg/tape-set-ab--32.svg.js                                                                                                                                                                                  1.38 kB │ gzip:  0.68 kB │ map:   2.06 kB
packages/ui-legacy build: dist/components/icons/svg/server-o--32.svg.js                                                                                                                                                                                     1.38 kB │ gzip:  0.51 kB │ map:   2.13 kB
packages/ui-legacy build: dist/components/icons/svg/dlp--16.svg.js                                                                                                                                                                                          1.38 kB │ gzip:  0.71 kB │ map:   2.13 kB
packages/ui-legacy build: dist/components/icons/svg/gift--24.svg.js                                                                                                                                                                                         1.38 kB │ gzip:  0.78 kB │ map:   2.04 kB
packages/ui-legacy build: dist/node_modules/.pnpm/es-toolkit@1.47.0/node_modules/es-toolkit/dist/compat/_internal/tags.js                                                                                                                                   1.38 kB │ gzip:  0.53 kB │ map:   3.69 kB
packages/ui-legacy build: dist/components/icons/svg/shopping-cart--16.svg.js                                                                                                                                                                                1.38 kB │ gzip:  0.67 kB │ map:   2.35 kB
packages/ui-legacy build: dist/components/icons/svg/cyber-infrastructure--24.svg.js                                                                                                                                                                         1.38 kB │ gzip:  0.80 kB │ map:   2.10 kB
packages/ui-legacy build: dist/components/icons/svg/m365-rooms-equipment--16.svg.js                                                                                                                                                                         1.38 kB │ gzip:  0.71 kB │ map:   2.27 kB
packages/ui-legacy build: dist/components/ui/page-header.js                                                                                                                                                                                                 1.39 kB │ gzip:  0.48 kB │ map:   3.17 kB
packages/ui-legacy build: dist/components/icons/svg/microphone--24.svg.js                                                                                                                                                                                   1.39 kB │ gzip:  0.77 kB │ map:   2.14 kB
packages/ui-legacy build: dist/components/icons/svg/replica--32.svg.js                                                                                                                                                                                      1.39 kB │ gzip:  0.79 kB │ map:   2.13 kB
packages/ui-legacy build: dist/components/icons/svg/vm-ware--24.svg.js                                                                                                                                                                                      1.39 kB │ gzip:  0.73 kB │ map:   2.03 kB
packages/ui-legacy build: dist/components/icons/svg/active-directory--16.svg.js                                                                                                                                                                             1.39 kB │ gzip:  0.71 kB │ map:   2.32 kB
packages/ui-legacy build: dist/components/icons/svg/devices-thermostat--24.svg.js                                                                                                                                                                           1.39 kB │ gzip:  0.70 kB │ map:   2.17 kB
packages/ui-legacy build: dist/components/icons/svg/invalid-link--24.svg.js                                                                                                                                                                                 1.39 kB │ gzip:  0.64 kB │ map:   2.15 kB
packages/ui-legacy build: dist/components/icons/svg/file-word--32.svg.js                                                                                                                                                                                    1.39 kB │ gzip:  0.79 kB │ map:   2.14 kB
packages/ui-legacy build: dist/components/icons/svg/light-enable--24.svg.js                                                                                                                                                                                 1.39 kB │ gzip:  0.66 kB │ map:   2.15 kB
packages/ui-legacy build: dist/components/icons/svg/sms-packages--16.svg.js                                                                                                                                                                                 1.39 kB │ gzip:  0.70 kB │ map:   2.36 kB
packages/ui-legacy build: dist/components/icons/svg/vm-running--32.svg.js                                                                                                                                                                                   1.39 kB │ gzip:  0.77 kB │ map:   2.15 kB
packages/ui-legacy build: dist/components/icons/svg/notifications-o--24.svg.js                                                                                                                                                                              1.39 kB │ gzip:  0.76 kB │ map:   2.17 kB
packages/ui-legacy build: dist/components/icons/svg/m365-rooms-equipment--24.svg.js                                                                                                                                                                         1.39 kB │ gzip:  0.72 kB │ map:   2.18 kB
packages/ui-legacy build: dist/components/icons/svg/node--24.svg.js                                                                                                                                                                                         1.39 kB │ gzip:  0.71 kB │ map:   2.13 kB
packages/ui-legacy build: dist/components/icons/svg/support-access--16.svg.js                                                                                                                                                                               1.39 kB │ gzip:  0.77 kB │ map:   2.18 kB
packages/ui-legacy build: dist/node_modules/.pnpm/es-toolkit@1.47.0/node_modules/es-toolkit/dist/compat/object/cloneDeepWith.js                                                                                                                             1.39 kB │ gzip:  0.57 kB │ map:   3.91 kB
packages/ui-legacy build: dist/components/icons/svg/encrypted--16.svg.js                                                                                                                                                                                    1.39 kB │ gzip:  0.70 kB │ map:   2.36 kB
packages/ui-legacy build: dist/components/icons/svg/floating-ips--24.svg.js                                                                                                                                                                                 1.40 kB │ gzip:  0.85 kB │ map:   2.08 kB
packages/ui-legacy build: dist/components/icons/svg/local-backup-o--16.svg.js                                                                                                                                                                               1.40 kB │ gzip:  0.70 kB │ map:   2.29 kB
packages/ui-legacy build: dist/node_modules/.pnpm/react-day-picker@10.0.1_@types_react@19.2.15_react@19.2.6/node_modules/react-day-picker/dist/esm/components/Nav.js                                                                                        1.40 kB │ gzip:  0.54 kB │ map:   3.62 kB
packages/ui-legacy build: dist/node_modules/.pnpm/recharts@3.8.1_@types_react@19.2.15_react-dom@19.2.6_react@19.2.6__react-is@19.2.6_react@19.2.6_redux@5.0.1/node_modules/recharts/es6/animation/JavascriptAnimate.js                                      1.40 kB │ gzip:  0.66 kB │ map:   4.11 kB
packages/ui-legacy build: dist/components/icons/svg/workstation-nav-dark--24.svg.js                                                                                                                                                                         1.40 kB │ gzip:  0.67 kB │ map:   2.47 kB
packages/ui-legacy build: dist/node_modules/.pnpm/d3-time@3.1.0/node_modules/d3-time/src/interval.js                                                                                                                                                        1.40 kB │ gzip:  0.60 kB │ map:   4.27 kB
packages/ui-legacy build: dist/components/icons/svg/devices-usb--24.svg.js                                                                                                                                                                                  1.40 kB │ gzip:  0.68 kB │ map:   2.25 kB
packages/ui-legacy build: dist/components/icons/svg/devices-smart-lock--24.svg.js                                                                                                                                                                           1.40 kB │ gzip:  0.73 kB │ map:   2.26 kB
packages/ui-legacy build: dist/components/icons/svg/create-recovery-point--16.svg.js                                                                                                                                                                        1.41 kB │ gzip:  0.71 kB │ map:   2.39 kB
packages/ui-legacy build: dist/components/icons/svg/node-s-o--24.svg.js                                                                                                                                                                                     1.41 kB │ gzip:  0.78 kB │ map:   2.07 kB
packages/ui-legacy build: dist/components/icons/svg/to-cloud-ab--32.svg.js                                                                                                                                                                                  1.41 kB │ gzip:  0.73 kB │ map:   2.08 kB
packages/ui-legacy build: dist/components/icons/svg/azure-vm-running--32.svg.js                                                                                                                                                                             1.41 kB │ gzip:  0.75 kB │ map:   2.18 kB
packages/ui-legacy build: dist/components/icons/svg/pie-chart--16.svg.js                                                                                                                                                                                    1.41 kB │ gzip:  0.73 kB │ map:   2.36 kB
packages/ui-legacy build: dist/components/icons/svg/run-vm--32.svg.js                                                                                                                                                                                       1.41 kB │ gzip:  0.78 kB │ map:   2.14 kB
packages/ui-legacy build: dist/components/icons/svg/unknown-3th--24.svg.js                                                                                                                                                                                  1.41 kB │ gzip:  0.60 kB │ map:   2.25 kB
packages/ui-legacy build: dist/components/icons/svg/adv-backup-pack-nas--16.svg.js                                                                                                                                                                          1.41 kB │ gzip:  0.66 kB │ map:   2.26 kB
packages/ui-legacy build: dist/components/icons/svg/ai-sparkles--16.svg.js                                                                                                                                                                                  1.41 kB │ gzip:  0.76 kB │ map:   2.07 kB
packages/ui-legacy build: dist/node_modules/.pnpm/react-day-picker@10.0.1_@types_react@19.2.15_react@19.2.6/node_modules/react-day-picker/dist/esm/utils/rangeContainsModifiers.js                                                                          1.41 kB │ gzip:  0.63 kB │ map:   5.12 kB
packages/ui-legacy build: dist/components/icons/svg/mac-pc--24.svg.js                                                                                                                                                                                       1.41 kB │ gzip:  0.83 kB │ map:   2.07 kB
packages/ui-legacy build: dist/components/icons/svg/ms-teams--24.svg.js                                                                                                                                                                                     1.41 kB │ gzip:  0.72 kB │ map:   2.36 kB
packages/ui-legacy build: dist/components/icons/svg/total-storage--24.svg.js                                                                                                                                                                                1.41 kB │ gzip:  0.78 kB │ map:   2.15 kB
packages/ui-legacy build: dist/components/icons/svg/cp-assigned--24.svg.js                                                                                                                                                                                  1.41 kB │ gzip:  0.58 kB │ map:   2.07 kB
packages/ui-legacy build: dist/components/icons/svg/active-protection--24.svg.js                                                                                                                                                                            1.42 kB │ gzip:  0.80 kB │ map:   2.19 kB
packages/ui-legacy build: dist/components/icons/svg/user--16.svg.js                                                                                                                                                                                         1.42 kB │ gzip:  0.74 kB │ map:   2.30 kB
packages/ui-legacy build: dist/components/icons/svg/save--16.svg.js                                                                                                                                                                                         1.42 kB │ gzip:  0.72 kB │ map:   2.28 kB
packages/ui-legacy build: dist/components/icons/svg/upgrade-included--16.svg.js                                                                                                                                                                             1.42 kB │ gzip:  0.73 kB │ map:   2.38 kB
packages/ui-legacy build: dist/components/icons/svg/volume-snapshot--24.svg.js                                                                                                                                                                              1.42 kB │ gzip:  0.71 kB │ map:   2.12 kB
packages/ui-legacy build: dist/components/icons/svg/headset--16.svg.js                                                                                                                                                                                      1.42 kB │ gzip:  0.75 kB │ map:   2.31 kB
packages/ui-legacy build: dist/components/icons/svg/warning--32.svg.js                                                                                                                                                                                      1.42 kB │ gzip:  0.76 kB │ map:   2.24 kB
packages/ui-legacy build: dist/components/icons/svg/db--16.svg.js                                                                                                                                                                                           1.42 kB │ gzip:  0.74 kB │ map:   2.30 kB
packages/ui-legacy build: dist/components/icons/svg/image-template-o--24.svg.js                                                                                                                                                                             1.42 kB │ gzip:  0.79 kB │ map:   2.10 kB
packages/ui-legacy build: dist/components/icons/svg/ms-word-tray--32.svg.js                                                                                                                                                                                 1.43 kB │ gzip:  0.69 kB │ map:   2.55 kB
packages/ui-legacy build: dist/components/icons/svg/cloud-storage--24.svg.js                                                                                                                                                                                1.43 kB │ gzip:  0.77 kB │ map:   2.17 kB
packages/ui-legacy build: dist/components/icons/svg/website--16.svg.js                                                                                                                                                                                      1.43 kB │ gzip:  0.62 kB │ map:   2.38 kB
packages/ui-legacy build: dist/components/icons/svg/devices-mediabox--24.svg.js                                                                                                                                                                             1.43 kB │ gzip:  0.59 kB │ map:   2.21 kB
packages/ui-legacy build: dist/components/icons/svg/perceptionpoint--16.svg.js                                                                                                                                                                              1.43 kB │ gzip:  0.74 kB │ map:   2.36 kB
packages/ui-legacy build: dist/components/icons/svg/protection-status-off--32.svg.js                                                                                                                                                                        1.43 kB │ gzip:  0.73 kB │ map:   2.46 kB
packages/ui-legacy build: dist/components/icons/svg/allow-propagating-support-portal--16.svg.js                                                                                                                                                             1.43 kB │ gzip:  0.70 kB │ map:   2.17 kB
packages/ui-legacy build: dist/components/icons/svg/network--32.svg.js                                                                                                                                                                                      1.43 kB │ gzip:  0.65 kB │ map:   2.10 kB
packages/ui-legacy build: dist/components/icons/svg/archive--32.svg.js                                                                                                                                                                                      1.43 kB │ gzip:  0.71 kB │ map:   2.18 kB
packages/ui-legacy build: dist/components/icons/svg/website--32.svg.js                                                                                                                                                                                      1.43 kB │ gzip:  0.59 kB │ map:   2.18 kB
packages/ui-legacy build: dist/components/icons/svg/mac-pc--32.svg.js                                                                                                                                                                                       1.44 kB │ gzip:  0.85 kB │ map:   2.10 kB
packages/ui-legacy build: dist/components/icons/svg/translate-o--16.svg.js                                                                                                                                                                                  1.44 kB │ gzip:  0.78 kB │ map:   2.12 kB
packages/ui-legacy build: dist/components/icons/svg/infiniband--24.svg.js                                                                                                                                                                                   1.44 kB │ gzip:  0.65 kB │ map:   2.19 kB
packages/ui-legacy build: dist/components/icons/svg/server--24.svg.js                                                                                                                                                                                       1.44 kB │ gzip:  0.55 kB │ map:   2.18 kB
packages/ui-legacy build: dist/components/icons/svg/support-access--24.svg.js                                                                                                                                                                               1.44 kB │ gzip:  0.79 kB │ map:   2.23 kB
packages/ui-legacy build: dist/components/icons/svg/ai-sparkles--32.svg.js                                                                                                                                                                                  1.44 kB │ gzip:  0.78 kB │ map:   2.10 kB
packages/ui-legacy build: dist/components/icons/svg/synology--32.svg.js                                                                                                                                                                                     1.44 kB │ gzip:  0.76 kB │ map:   2.11 kB
packages/ui-legacy build: dist/components/icons/svg/blog--24.svg.js                                                                                                                                                                                         1.44 kB │ gzip:  0.75 kB │ map:   2.14 kB
packages/ui-legacy build: dist/components/icons/svg/hci-vm-running--32.svg.js                                                                                                                                                                               1.44 kB │ gzip:  0.81 kB │ map:   2.21 kB
packages/ui-legacy build: dist/components/icons/svg/protection-status-warning--32.svg.js                                                                                                                                                                    1.44 kB │ gzip:  0.74 kB │ map:   2.49 kB
packages/ui-legacy build: dist/components/icons/svg/big-star--16.svg.js                                                                                                                                                                                     1.44 kB │ gzip:  0.79 kB │ map:   2.34 kB
packages/ui-legacy build: dist/components/icons/svg/citrix-tray--32.svg.js                                                                                                                                                                                  1.44 kB │ gzip:  0.63 kB │ map:   2.41 kB
packages/ui-legacy build: dist/components/icons/svg/training-o--16.svg.js                                                                                                                                                                                   1.44 kB │ gzip:  0.76 kB │ map:   2.35 kB
packages/ui-legacy build: dist/components/icons/svg/emergency--16.svg.js                                                                                                                                                                                    1.44 kB │ gzip:  0.64 kB │ map:   2.46 kB
packages/ui-legacy build: dist/components/icons/svg/networks-o--32.svg.js                                                                                                                                                                                   1.44 kB │ gzip:  0.66 kB │ map:   2.10 kB
packages/ui-legacy build: dist/components/icons/svg/cloud-server--16.svg.js                                                                                                                                                                                 1.45 kB │ gzip:  0.74 kB │ map:   2.21 kB
packages/ui-legacy build: dist/components/icons/svg/protection-status-protected--32.svg.js                                                                                                                                                                  1.45 kB │ gzip:  0.73 kB │ map:   2.50 kB
packages/ui-legacy build: dist/components/icons/svg/resize-handle--32.svg.js                                                                                                                                                                                1.45 kB │ gzip:  0.61 kB │ map:   2.47 kB
packages/ui-legacy build: dist/components/icons/svg/email-security--24.svg.js                                                                                                                                                                               1.45 kB │ gzip:  0.78 kB │ map:   2.24 kB
packages/ui-legacy build: dist/components/icons/svg/virus-mix--32.svg.js                                                                                                                                                                                    1.45 kB │ gzip:  0.85 kB │ map:   2.10 kB
packages/ui-legacy build: dist/components/icons/svg/protection-status-unprotected--32.svg.js                                                                                                                                                                1.45 kB │ gzip:  0.73 kB │ map:   2.52 kB
packages/ui-legacy build: dist/components/icons/svg/ms-365--16.svg.js                                                                                                                                                                                       1.45 kB │ gzip:  0.87 kB │ map:   2.09 kB
packages/ui-legacy build: dist/node_modules/.pnpm/recharts@3.8.1_@types_react@19.2.15_react-dom@19.2.6_react@19.2.6__react-is@19.2.6_react@19.2.6_redux@5.0.1/node_modules/recharts/es6/context/chartLayoutContext.js                                       1.46 kB │ gzip:  0.62 kB │ map:   9.97 kB
packages/ui-legacy build: dist/components/icons/svg/encrypted-red--16.svg.js                                                                                                                                                                                1.46 kB │ gzip:  0.70 kB │ map:   2.54 kB
packages/ui-legacy build: dist/components/icons/svg/mail-nav--24.svg.js                                                                                                                                                                                     1.46 kB │ gzip:  0.74 kB │ map:   2.49 kB
packages/ui-legacy build: dist/components/icons/svg/connection-ethernet-on--32.svg.js                                                                                                                                                                       1.46 kB │ gzip:  0.64 kB │ map:   2.50 kB
packages/ui-legacy build: dist/components/icons/svg/partner--24.svg.js                                                                                                                                                                                      1.46 kB │ gzip:  0.75 kB │ map:   2.13 kB
packages/ui-legacy build: dist/components/icons/svg/laptop-apple-ab--24.svg.js                                                                                                                                                                              1.46 kB │ gzip:  0.85 kB │ map:   2.23 kB
packages/ui-legacy build: dist/components/icons/svg/user-o--32.svg.js                                                                                                                                                                                       1.46 kB │ gzip:  0.86 kB │ map:   2.12 kB
packages/ui-legacy build: dist/components/ui/data-table/data-table-view-options.js                                                                                                                                                                          1.46 kB │ gzip:  0.67 kB │ map:   2.87 kB
packages/ui-legacy build: dist/components/icons/svg/connection-ethernet-off--32.svg.js                                                                                                                                                                      1.46 kB │ gzip:  0.64 kB │ map:   2.51 kB
packages/ui-legacy build: dist/components/icons/svg/share--32.svg.js                                                                                                                                                                                        1.46 kB │ gzip:  0.76 kB │ map:   2.12 kB
packages/ui-legacy build: dist/components/icons/svg/case--16.svg.js                                                                                                                                                                                         1.47 kB │ gzip:  0.76 kB │ map:   2.40 kB
packages/ui-legacy build: dist/components/icons/svg/customer--32.svg.js                                                                                                                                                                                     1.47 kB │ gzip:  0.67 kB │ map:   2.22 kB
packages/ui-legacy build: dist/components/icons/svg/ai-summaries-delete--24.svg.js                                                                                                                                                                          1.47 kB │ gzip:  0.71 kB │ map:   2.23 kB
packages/ui-legacy build: dist/components/icons/svg/user--24.svg.js                                                                                                                                                                                         1.47 kB │ gzip:  0.86 kB │ map:   2.12 kB
packages/ui-legacy build: dist/components/icons/svg/user-circle-web--16.svg.js                                                                                                                                                                              1.47 kB │ gzip:  0.76 kB │ map:   2.45 kB
packages/ui-legacy build: dist/components/icons/svg/cyber-infrastructure--16.svg.js                                                                                                                                                                         1.47 kB │ gzip:  0.75 kB │ map:   2.42 kB
packages/ui-legacy build: dist/components/icons/svg/reddit--16.svg.js                                                                                                                                                                                       1.47 kB │ gzip:  0.80 kB │ map:   2.11 kB
packages/ui-legacy build: dist/components/icons/svg/service-desk--16.svg.js                                                                                                                                                                                 1.47 kB │ gzip:  0.59 kB │ map:   2.57 kB
packages/ui-legacy build: dist/components/icons/svg/unprotected--24.svg.js                                                                                                                                                                                  1.47 kB │ gzip:  0.76 kB │ map:   2.23 kB
packages/ui-legacy build: dist/components/icons/svg/ai-agent--16.svg.js                                                                                                                                                                                     1.47 kB │ gzip:  0.81 kB │ map:   2.21 kB
packages/ui-legacy build: dist/components/icons/svg/cloud-to-cloud--24.svg.js                                                                                                                                                                               1.47 kB │ gzip:  0.81 kB │ map:   2.17 kB
packages/ui-legacy build: dist/components/icons/svg/dlp--24.svg.js                                                                                                                                                                                          1.47 kB │ gzip:  0.80 kB │ map:   2.22 kB
packages/ui-legacy build: dist/components/ui/tabs.js                                                                                                                                                                                                        1.48 kB │ gzip:  0.59 kB │ map:   2.78 kB
packages/ui-legacy build: dist/node_modules/.pnpm/recharts@3.8.1_@types_react@19.2.15_react-dom@19.2.6_react@19.2.6__react-is@19.2.6_react@19.2.6_redux@5.0.1/node_modules/recharts/es6/zIndex/ZIndexLayer.js                                               1.48 kB │ gzip:  0.63 kB │ map:   7.25 kB
packages/ui-legacy build: dist/node_modules/.pnpm/es-toolkit@1.47.0/node_modules/es-toolkit/dist/compat/object/get.js                                                                                                                                       1.48 kB │ gzip:  0.57 kB │ map:   4.04 kB
packages/ui-legacy build: dist/components/icons/svg/clients--32.svg.js                                                                                                                                                                                      1.48 kB │ gzip:  0.74 kB │ map:   2.14 kB
packages/ui-legacy build: dist/components/icons/svg/crowd--16.svg.js                                                                                                                                                                                        1.48 kB │ gzip:  0.79 kB │ map:   2.11 kB
packages/ui-legacy build: dist/components/icons/svg/router--16.svg.js                                                                                                                                                                                       1.48 kB │ gzip:  0.66 kB │ map:   2.12 kB
packages/ui-legacy build: dist/components/icons/svg/devices-switch--24.svg.js                                                                                                                                                                               1.48 kB │ gzip:  0.64 kB │ map:   2.25 kB
packages/ui-legacy build: dist/components/icons/svg/mail-nav-dark--24.svg.js                                                                                                                                                                                1.48 kB │ gzip:  0.74 kB │ map:   2.53 kB
packages/ui-legacy build: dist/components/icons/svg/paint-brush--24.svg.js                                                                                                                                                                                  1.48 kB │ gzip:  0.85 kB │ map:   2.17 kB
packages/ui-legacy build: dist/components/icons/svg/node-status--24.svg.js                                                                                                                                                                                  1.48 kB │ gzip:  0.79 kB │ map:   2.24 kB
packages/ui-legacy build: dist/node_modules/.pnpm/react-day-picker@10.0.1_@types_react@19.2.15_react@19.2.6/node_modules/react-day-picker/dist/esm/locale/en-US.js                                                                                          1.49 kB │ gzip:  0.53 kB │ map:   4.34 kB
packages/ui-legacy build: dist/node_modules/.pnpm/d3-shape@3.2.0/node_modules/d3-shape/src/curve/basis.js                                                                                                                                                   1.49 kB │ gzip:  0.52 kB │ map:   3.17 kB
packages/ui-legacy build: dist/components/icons/svg/connection-bluetooth-on--32.svg.js                                                                                                                                                                      1.49 kB │ gzip:  0.74 kB │ map:   2.53 kB
packages/ui-legacy build: dist/components/icons/svg/connection-bluetooth-off--32.svg.js                                                                                                                                                                     1.49 kB │ gzip:  0.74 kB │ map:   2.54 kB
packages/ui-legacy build: dist/components/icons/svg/cpu--16.svg.js                                                                                                                                                                                          1.49 kB │ gzip:  0.56 kB │ map:   2.35 kB
packages/ui-legacy build: dist/components/icons/svg/scan-plan-ab--32.svg.js                                                                                                                                                                                 1.49 kB │ gzip:  0.88 kB │ map:   2.18 kB
packages/ui-legacy build: dist/components/icons/svg/tune--16.svg.js                                                                                                                                                                                         1.49 kB │ gzip:  0.81 kB │ map:   2.15 kB
packages/ui-legacy build: dist/components/icons/svg/ai-sparkles--24.svg.js                                                                                                                                                                                  1.50 kB │ gzip:  0.80 kB │ map:   2.15 kB
packages/ui-legacy build: dist/components/icons/svg/partner-storage--24.svg.js                                                                                                                                                                              1.50 kB │ gzip:  0.83 kB │ map:   2.24 kB
packages/ui-legacy build: dist/components/icons/svg/ms-365--24.svg.js                                                                                                                                                                                       1.50 kB │ gzip:  0.88 kB │ map:   2.14 kB
packages/ui-legacy build: dist/components/ui/data-table/data-table-toolbar.js                                                                                                                                                                               1.50 kB │ gzip:  0.68 kB │ map:   2.62 kB
packages/ui-legacy build: dist/components/icons/svg/customer--16.svg.js                                                                                                                                                                                     1.50 kB │ gzip:  0.75 kB │ map:   2.40 kB
packages/ui-legacy build: dist/components/icons/svg/devices-i-os-tv-os--24.svg.js                                                                                                                                                                           1.50 kB │ gzip:  0.83 kB │ map:   2.28 kB
packages/ui-legacy build: dist/components/icons/svg/laptop-apple-ab--32.svg.js                                                                                                                                                                              1.50 kB │ gzip:  0.86 kB │ map:   2.27 kB
packages/ui-legacy build: dist/node_modules/.pnpm/d3-shape@3.2.0/node_modules/d3-shape/src/curve/natural.js                                                                                                                                                 1.50 kB │ gzip:  0.61 kB │ map:   4.26 kB
packages/ui-legacy build: dist/components/icons/svg/cpoc--24.svg.js                                                                                                                                                                                         1.50 kB │ gzip:  0.83 kB │ map:   2.21 kB
packages/ui-legacy build: dist/components/icons/svg/server-included--16.svg.js                                                                                                                                                                              1.50 kB │ gzip:  0.67 kB │ map:   2.45 kB
packages/ui-legacy build: dist/components/icons/svg/ms-365--32.svg.js                                                                                                                                                                                       1.51 kB │ gzip:  0.89 kB │ map:   2.14 kB
packages/ui-legacy build: dist/components/icons/svg/soft-reboot--16.svg.js                                                                                                                                                                                  1.51 kB │ gzip:  0.63 kB │ map:   2.17 kB
packages/ui-legacy build: dist/components/ui/card.js                                                                                                                                                                                                        1.51 kB │ gzip:  0.51 kB │ map:   3.41 kB
packages/ui-legacy build: dist/components/icons/svg/virtual-machines-included--16.svg.js                                                                                                                                                                    1.51 kB │ gzip:  0.77 kB │ map:   2.53 kB
packages/ui-legacy build: dist/node_modules/.pnpm/recharts@3.8.1_@types_react@19.2.15_react-dom@19.2.6_react@19.2.6__react-is@19.2.6_react@19.2.6_redux@5.0.1/node_modules/recharts/es6/util/resolveDefaultProps.js                                         1.52 kB │ gzip:  0.66 kB │ map:   7.32 kB
packages/ui-legacy build: dist/components/icons/svg/calendar-holidays--16.svg.js                                                                                                                                                                            1.52 kB │ gzip:  0.76 kB │ map:   2.51 kB
packages/ui-legacy build: dist/node_modules/.pnpm/react-day-picker@10.0.1_@types_react@19.2.15_react@19.2.6/node_modules/react-day-picker/dist/esm/UI.js                                                                                                    1.52 kB │ gzip:  0.54 kB │ map:   6.58 kB
packages/ui-legacy build: dist/components/icons/svg/adv-backup-pack-nas--24.svg.js                                                                                                                                                                          1.52 kB │ gzip:  0.65 kB │ map:   2.37 kB
packages/ui-legacy build: dist/components/icons/svg/adv-backup-pack-server--16.svg.js                                                                                                                                                                       1.52 kB │ gzip:  0.65 kB │ map:   2.49 kB
packages/ui-legacy build: dist/components/icons/svg/broken-backup--24.svg.js                                                                                                                                                                                1.53 kB │ gzip:  0.71 kB │ map:   2.22 kB
packages/ui-legacy build: dist/components/icons/svg/ai-sparkles--72.svg.js                                                                                                                                                                                  1.53 kB │ gzip:  0.85 kB │ map:   2.19 kB
packages/ui-legacy build: dist/components/icons/svg/adv-security-pack--16.svg.js                                                                                                                                                                            1.53 kB │ gzip:  0.76 kB │ map:   2.38 kB
packages/ui-legacy build: dist/components/icons/svg/virus--32.svg.js                                                                                                                                                                                        1.53 kB │ gzip:  0.87 kB │ map:   2.17 kB
packages/ui-legacy build: dist/node_modules/.pnpm/date-fns@4.3.0/node_modules/date-fns/locale/en-US/_lib/formatDistance.js                                                                                                                                  1.53 kB │ gzip:  0.48 kB │ map:   3.42 kB
packages/ui-legacy build: dist/components/ui/slider.js                                                                                                                                                                                                      1.53 kB │ gzip:  0.72 kB │ map:   3.24 kB
packages/ui-legacy build: dist/components/icons/svg/cloud-tray-mix--32.svg.js                                                                                                                                                                               1.53 kB │ gzip:  0.78 kB │ map:   2.34 kB
packages/ui-legacy build: dist/node_modules/.pnpm/d3-shape@3.2.0/node_modules/d3-shape/src/curve/basisClosed.js                                                                                                                                             1.54 kB │ gzip:  0.51 kB │ map:   3.25 kB
packages/ui-legacy build: dist/components/icons/svg/storage-server--32.svg.js                                                                                                                                                                               1.54 kB │ gzip:  0.68 kB │ map:   2.40 kB
packages/ui-legacy build: dist/components/ui/tooltip.js                                                                                                                                                                                                     1.54 kB │ gzip:  0.72 kB │ map:   3.20 kB
packages/ui-legacy build: dist/components/icons/svg/customer--24.svg.js                                                                                                                                                                                     1.54 kB │ gzip:  0.65 kB │ map:   2.29 kB
packages/ui-legacy build: dist/components/icons/svg/workstations-premium--16.svg.js                                                                                                                                                                         1.54 kB │ gzip:  0.75 kB │ map:   2.54 kB
packages/ui-legacy build: dist/components/icons/svg/devices-smart-display--24.svg.js                                                                                                                                                                        1.54 kB │ gzip:  0.76 kB │ map:   2.48 kB
packages/ui-legacy build: dist/components/icons/svg/stopwatch--24.svg.js                                                                                                                                                                                    1.55 kB │ gzip:  0.77 kB │ map:   2.37 kB
packages/ui-legacy build: dist/components/ui/app-shell.js                                                                                                                                                                                                   1.55 kB │ gzip:  0.52 kB │ map:   3.47 kB
packages/ui-legacy build: dist/components/icons/svg/adv-backup-pack-workstation--24.svg.js                                                                                                                                                                  1.55 kB │ gzip:  0.76 kB │ map:   2.58 kB
packages/ui-legacy build: dist/components/icons/svg/printer-3th--24.svg.js                                                                                                                                                                                  1.55 kB │ gzip:  0.63 kB │ map:   2.43 kB
packages/ui-legacy build: dist/components/icons/svg/virus--16.svg.js                                                                                                                                                                                        1.55 kB │ gzip:  0.80 kB │ map:   2.41 kB
packages/ui-legacy build: dist/components/icons/svg/adv-backup-pack-virtual-machines--16.svg.js                                                                                                                                                             1.55 kB │ gzip:  0.75 kB │ map:   2.59 kB
packages/ui-legacy build: dist/components/icons/svg/box--16.svg.js                                                                                                                                                                                          1.55 kB │ gzip:  0.80 kB │ map:   2.18 kB
packages/ui-legacy build: dist/components/icons/svg/update--32.svg.js                                                                                                                                                                                       1.55 kB │ gzip:  0.74 kB │ map:   2.27 kB
packages/ui-legacy build: dist/components/icons/svg/adv-backup-pack-g-suite--16.svg.js                                                                                                                                                                      1.55 kB │ gzip:  0.76 kB │ map:   2.56 kB
packages/ui-legacy build: dist/components/icons/svg/update--24.svg.js                                                                                                                                                                                       1.55 kB │ gzip:  0.74 kB │ map:   2.27 kB
packages/ui-legacy build: dist/components/icons/svg/nutanix-vm--32.svg.js                                                                                                                                                                                   1.56 kB │ gzip:  0.85 kB │ map:   2.23 kB
packages/ui-legacy build: dist/components/icons/svg/v-host--16.svg.js                                                                                                                                                                                       1.56 kB │ gzip:  0.77 kB │ map:   2.44 kB
packages/ui-legacy build: dist/components/icons/svg/adv-backup-pack-g-suite--24.svg.js                                                                                                                                                                      1.56 kB │ gzip:  0.75 kB │ map:   2.56 kB
packages/ui-legacy build: dist/components/icons/svg/workstation-3th--24.svg.js                                                                                                                                                                              1.56 kB │ gzip:  0.82 kB │ map:   2.41 kB
packages/ui-legacy build: dist/components/icons/svg/floating-ips--16.svg.js                                                                                                                                                                                 1.56 kB │ gzip:  0.85 kB │ map:   2.48 kB
packages/ui-legacy build: dist/components/icons/svg/megaphone--32.svg.js                                                                                                                                                                                    1.56 kB │ gzip:  0.88 kB │ map:   2.31 kB
packages/ui-legacy build: dist/components/icons/svg/clipboard-import-o--32.svg.js                                                                                                                                                                           1.57 kB │ gzip:  0.80 kB │ map:   2.25 kB
packages/ui-legacy build: dist/components/icons/svg/perceptionpoint--24.svg.js                                                                                                                                                                              1.57 kB │ gzip:  0.80 kB │ map:   2.48 kB
packages/ui-legacy build: dist/components/icons/svg/server-room--24.svg.js                                                                                                                                                                                  1.57 kB │ gzip:  0.76 kB │ map:   2.54 kB
packages/ui-legacy build: dist/components/icons/svg/user-circle--24.svg.js                                                                                                                                                                                  1.58 kB │ gzip:  0.88 kB │ map:   2.35 kB
packages/ui-legacy build: dist/components/icons/svg/cyberfit--16.svg.js                                                                                                                                                                                     1.58 kB │ gzip:  0.78 kB │ map:   2.51 kB
packages/ui-legacy build: dist/components/icons/svg/devices-gaming-console--24.svg.js                                                                                                                                                                       1.58 kB │ gzip:  0.77 kB │ map:   2.47 kB
packages/ui-legacy build: dist/components/icons/svg/esign-o--16.svg.js                                                                                                                                                                                      1.58 kB │ gzip:  0.93 kB │ map:   2.22 kB
packages/ui-legacy build: dist/components/icons/svg/root-o--24.svg.js                                                                                                                                                                                       1.58 kB │ gzip:  0.87 kB │ map:   2.21 kB
packages/ui-legacy build: dist/node_modules/.pnpm/react-day-picker@10.0.1_@types_react@19.2.15_react@19.2.6/node_modules/react-day-picker/dist/esm/helpers/createGetModifiers.js                                                                            1.58 kB │ gzip:  0.77 kB │ map:   6.65 kB
packages/ui-legacy build: dist/components/icons/svg/total-storage--16.svg.js                                                                                                                                                                                1.58 kB │ gzip:  0.81 kB │ map:   2.53 kB
packages/ui-legacy build: dist/components/icons/svg/ai-agent--24.svg.js                                                                                                                                                                                     1.58 kB │ gzip:  0.87 kB │ map:   2.32 kB
packages/ui-legacy build: dist/components/icons/svg/file-pdf--16.svg.js                                                                                                                                                                                     1.58 kB │ gzip:  0.89 kB │ map:   2.33 kB
packages/ui-legacy build: dist/components/icons/svg/workstation-included--24.svg.js                                                                                                                                                                         1.58 kB │ gzip:  0.79 kB │ map:   2.58 kB
packages/ui-legacy build: dist/components/icons/svg/connection-wifi-off--32.svg.js                                                                                                                                                                          1.58 kB │ gzip:  0.80 kB │ map:   2.67 kB
packages/ui-legacy build: dist/components/icons/svg/vz-container-running--32.svg.js                                                                                                                                                                         1.58 kB │ gzip:  0.83 kB │ map:   2.45 kB
packages/ui-legacy build: dist/components/icons/svg/adv-mobile-pack--24.svg.js                                                                                                                                                                              1.58 kB │ gzip:  0.81 kB │ map:   2.42 kB
packages/ui-legacy build: dist/components/icons/svg/devices-access-point--24.svg.js                                                                                                                                                                         1.58 kB │ gzip:  0.85 kB │ map:   2.41 kB
packages/ui-legacy build: dist/components/icons/svg/rdp-native--32.svg.js                                                                                                                                                                                   1.58 kB │ gzip:  0.77 kB │ map:   2.34 kB
packages/ui-legacy build: dist/components/icons/svg/to-cloud--16.svg.js                                                                                                                                                                                     1.58 kB │ gzip:  0.69 kB │ map:   2.53 kB
packages/ui-legacy build: dist/components/icons/svg/connected--32.svg.js                                                                                                                                                                                    1.59 kB │ gzip:  0.70 kB │ map:   2.26 kB
packages/ui-legacy build: dist/components/icons/svg/patch--32.svg.js                                                                                                                                                                                        1.59 kB │ gzip:  0.66 kB │ map:   2.32 kB
packages/ui-legacy build: dist/components/icons/svg/reddit--24.svg.js                                                                                                                                                                                       1.59 kB │ gzip:  0.76 kB │ map:   2.33 kB
packages/ui-legacy build: dist/components/icons/svg/m365-shared-mailboxes--16.svg.js                                                                                                                                                                        1.59 kB │ gzip:  0.86 kB │ map:   2.38 kB
packages/ui-legacy build: dist/components/icons/svg/products-o--24.svg.js                                                                                                                                                                                   1.59 kB │ gzip:  0.65 kB │ map:   2.24 kB
packages/ui-legacy build: dist/components/icons/svg/connection-wifi-strong--32.svg.js                                                                                                                                                                       1.59 kB │ gzip:  0.80 kB │ map:   2.69 kB
packages/ui-legacy build: dist/components/icons/svg/adv-backup-pack-virtual-machines--24.svg.js                                                                                                                                                             1.59 kB │ gzip:  0.76 kB │ map:   2.63 kB
packages/ui-legacy build: dist/node_modules/.pnpm/use-sync-external-store@1.6.0_react@19.2.6/node_modules/use-sync-external-store/cjs/use-sync-external-store-shim.production.js                                                                            1.60 kB │ gzip:  0.71 kB │ map:   3.91 kB
packages/ui-legacy build: dist/components/icons/svg/archive--16.svg.js                                                                                                                                                                                      1.60 kB │ gzip:  0.83 kB │ map:   2.55 kB
packages/ui-legacy build: dist/components/icons/svg/box--24.svg.js                                                                                                                                                                                          1.60 kB │ gzip:  0.79 kB │ map:   2.23 kB
packages/ui-legacy build: dist/components/icons/svg/connection-wifi-weak--32.svg.js                                                                                                                                                                         1.60 kB │ gzip:  0.81 kB │ map:   2.69 kB
packages/ui-legacy build: dist/components/icons/svg/talk-minutes-package--16.svg.js                                                                                                                                                                         1.60 kB │ gzip:  0.82 kB │ map:   2.60 kB
packages/ui-legacy build: dist/components/icons/svg/dr-in-azure--24.svg.js                                                                                                                                                                                  1.60 kB │ gzip:  0.89 kB │ map:   2.28 kB
packages/ui-legacy build: dist/components/icons/svg/m365-rooms-equipment-included--16.svg.js                                                                                                                                                                1.60 kB │ gzip:  0.83 kB │ map:   2.49 kB
packages/ui-legacy build: dist/components/icons/svg/remove-from-list--32.svg.js                                                                                                                                                                             1.60 kB │ gzip:  0.74 kB │ map:   2.52 kB
packages/ui-legacy build: dist/components/icons/svg/cp-assigned--16.svg.js                                                                                                                                                                                  1.60 kB │ gzip:  0.63 kB │ map:   2.54 kB
packages/ui-legacy build: dist/components/icons/svg/router-ab--32.svg.js                                                                                                                                                                                    1.60 kB │ gzip:  0.75 kB │ map:   2.36 kB
packages/ui-legacy build: dist/components/icons/svg/cloud-storage--16.svg.js                                                                                                                                                                                1.61 kB │ gzip:  0.81 kB │ map:   2.56 kB
packages/ui-legacy build: dist/components/icons/svg/from-cloud--16.svg.js                                                                                                                                                                                   1.61 kB │ gzip:  0.68 kB │ map:   2.57 kB
packages/ui-legacy build: dist/components/icons/svg/likes--16.svg.js                                                                                                                                                                                        1.61 kB │ gzip:  0.93 kB │ map:   2.25 kB
packages/ui-legacy build: dist/components/icons/svg/organisations-ab--24.svg.js                                                                                                                                                                             1.61 kB │ gzip:  0.47 kB │ map:   2.31 kB
packages/ui-legacy build: dist/components/icons/svg/replica-running--32.svg.js                                                                                                                                                                              1.61 kB │ gzip:  0.91 kB │ map:   2.39 kB
packages/ui-legacy build: dist/components/icons/svg/reports-import--32.svg.js                                                                                                                                                                               1.61 kB │ gzip:  0.83 kB │ map:   2.31 kB
packages/ui-legacy build: dist/components/icons/svg/quote--24.svg.js                                                                                                                                                                                        1.62 kB │ gzip:  0.65 kB │ map:   2.35 kB
packages/ui-legacy build: dist/components/ui/tag.js                                                                                                                                                                                                         1.62 kB │ gzip:  0.69 kB │ map:   2.68 kB
packages/ui-legacy build: dist/components/icons/svg/devices-macbook--24.svg.js                                                                                                                                                                              1.62 kB │ gzip:  0.86 kB │ map:   2.43 kB
packages/ui-legacy build: dist/components/icons/svg/user-admin--24.svg.js                                                                                                                                                                                   1.62 kB │ gzip:  0.93 kB │ map:   2.30 kB
packages/ui-legacy build: dist/components/icons/svg/website--24.svg.js                                                                                                                                                                                      1.62 kB │ gzip:  0.78 kB │ map:   2.29 kB
packages/ui-legacy build: dist/components/icons/svg/dr-storage--24.svg.js                                                                                                                                                                                   1.62 kB │ gzip:  0.94 kB │ map:   2.30 kB
packages/ui-legacy build: dist/components/icons/svg/virtual-machines-included--24.svg.js                                                                                                                                                                    1.62 kB │ gzip:  0.80 kB │ map:   2.64 kB
packages/ui-legacy build: dist/components/icons/svg/cloud-apps--24.svg.js                                                                                                                                                                                   1.62 kB │ gzip:  0.78 kB │ map:   2.35 kB
packages/ui-legacy build: dist/components/icons/svg/signature--32.svg.js                                                                                                                                                                                    1.63 kB │ gzip:  0.92 kB │ map:   2.37 kB
packages/ui-legacy build: dist/components/icons/svg/dr-storage--16.svg.js                                                                                                                                                                                   1.63 kB │ gzip:  0.85 kB │ map:   2.59 kB
packages/ui-legacy build: dist/components/icons/svg/bell-o--32.svg.js                                                                                                                                                                                       1.63 kB │ gzip:  0.91 kB │ map:   2.27 kB
packages/ui-legacy build: dist/components/icons/svg/devices-smart-theater-system--24.svg.js                                                                                                                                                                 1.63 kB │ gzip:  0.77 kB │ map:   2.45 kB
packages/ui-legacy build: dist/components/icons/svg/universal-quota--24.svg.js                                                                                                                                                                              1.63 kB │ gzip:  0.87 kB │ map:   2.33 kB
packages/ui-legacy build: dist/components/icons/svg/adv-dlp-pack--16.svg.js                                                                                                                                                                                 1.63 kB │ gzip:  0.84 kB │ map:   2.39 kB
packages/ui-legacy build: dist/components/icons/svg/dr-base--16.svg.js                                                                                                                                                                                      1.64 kB │ gzip:  0.75 kB │ map:   2.66 kB
packages/ui-legacy build: dist/node_modules/.pnpm/es-toolkit@1.47.0/node_modules/es-toolkit/dist/compat/array/orderBy.js                                                                                                                                    1.64 kB │ gzip:  0.72 kB │ map:   6.00 kB
packages/ui-legacy build: dist/components/icons/svg/adv-backup-pack-web-hosting-server--16.svg.js                                                                                                                                                           1.64 kB │ gzip:  0.83 kB │ map:   2.54 kB
packages/ui-legacy build: dist/components/icons/svg/hl-group--32.svg.js                                                                                                                                                                                     1.64 kB │ gzip:  0.81 kB │ map:   2.36 kB
packages/ui-legacy build: dist/components/icons/svg/to-cloud--24.svg.js                                                                                                                                                                                     1.64 kB │ gzip:  0.81 kB │ map:   2.31 kB
packages/ui-legacy build: dist/components/icons/svg/dislikes--16.svg.js                                                                                                                                                                                     1.64 kB │ gzip:  0.93 kB │ map:   2.29 kB
packages/ui-legacy build: dist/components/icons/svg/devices-mac--24.svg.js                                                                                                                                                                                  1.65 kB │ gzip:  0.91 kB │ map:   2.47 kB
packages/ui-legacy build: dist/components/icons/svg/maintenance-mode--16.svg.js                                                                                                                                                                             1.65 kB │ gzip:  0.89 kB │ map:   2.56 kB
packages/ui-legacy build: dist/components/ui/resizable.js                                                                                                                                                                                                   1.65 kB │ gzip:  0.76 kB │ map:   2.79 kB
packages/ui-legacy build: dist/components/icons/svg/devices-i-pad--24.svg.js                                                                                                                                                                                1.66 kB │ gzip:  0.89 kB │ map:   2.49 kB
packages/ui-legacy build: dist/components/icons/svg/devices-android-tablet--24.svg.js                                                                                                                                                                       1.66 kB │ gzip:  0.81 kB │ map:   2.55 kB
packages/ui-legacy build: dist/components/icons/svg/from-cloud--24.svg.js                                                                                                                                                                                   1.66 kB │ gzip:  0.82 kB │ map:   2.33 kB
packages/ui-legacy build: dist/components/icons/svg/slack--16.svg.js                                                                                                                                                                                        1.66 kB │ gzip:  0.67 kB │ map:   2.30 kB
packages/ui-legacy build: dist/components/icons/svg/devices-i-phone--24.svg.js                                                                                                                                                                              1.66 kB │ gzip:  0.90 kB │ map:   2.50 kB
packages/ui-legacy build: dist/components/icons/svg/network-3th--24.svg.js                                                                                                                                                                                  1.66 kB │ gzip:  0.86 kB │ map:   2.49 kB
packages/ui-legacy build: dist/components/icons/svg/organisations-ab--32.svg.js                                                                                                                                                                             1.67 kB │ gzip:  0.53 kB │ map:   2.37 kB
packages/ui-legacy build: dist/components/icons/svg/devices-android-smartphone--24.svg.js                                                                                                                                                                   1.67 kB │ gzip:  0.81 kB │ map:   2.58 kB
packages/ui-legacy build: dist/components/icons/svg/protection--32.svg.js                                                                                                                                                                                   1.67 kB │ gzip:  0.88 kB │ map:   2.42 kB
packages/ui-legacy build: dist/components/ui/badge.js                                                                                                                                                                                                       1.67 kB │ gzip:  0.68 kB │ map:   2.48 kB
packages/ui-legacy build: dist/components/icons/svg/vz-virtual-running--32.svg.js                                                                                                                                                                           1.67 kB │ gzip:  0.85 kB │ map:   2.55 kB
packages/ui-legacy build: dist/components/icons/svg/connection-wifi-medium--32.svg.js                                                                                                                                                                       1.67 kB │ gzip:  0.82 kB │ map:   2.86 kB
packages/ui-legacy build: dist/components/icons/svg/connect-white-label-ill--72.svg.js                                                                                                                                                                      1.67 kB │ gzip:  0.77 kB │ map:   2.92 kB
packages/ui-legacy build: dist/components/icons/svg/nutanix-vm-running--32.svg.js                                                                                                                                                                           1.68 kB │ gzip:  0.90 kB │ map:   2.46 kB
packages/ui-legacy build: dist/components/icons/svg/ms-sharepoint--16.svg.js                                                                                                                                                                                1.68 kB │ gzip:  0.91 kB │ map:   2.44 kB
packages/ui-legacy build: dist/components/icons/svg/likes--32.svg.js                                                                                                                                                                                        1.68 kB │ gzip:  0.97 kB │ map:   2.32 kB
packages/ui-legacy build: dist/components/icons/svg/multiple-mix--32.svg.js                                                                                                                                                                                 1.68 kB │ gzip:  0.49 kB │ map:   2.87 kB
packages/ui-legacy build: dist/components/icons/svg/archive--24.svg.js                                                                                                                                                                                      1.69 kB │ gzip:  0.84 kB │ map:   2.43 kB
packages/ui-legacy build: dist/components/icons/svg/nas-included--16.svg.js                                                                                                                                                                                 1.70 kB │ gzip:  0.80 kB │ map:   2.73 kB
packages/ui-legacy build: dist/components/icons/svg/web-hosting-server-included--16.svg.js                                                                                                                                                                  1.70 kB │ gzip:  0.89 kB │ map:   2.52 kB
packages/ui-legacy build: dist/components/icons/svg/dr-base--24.svg.js                                                                                                                                                                                      1.70 kB │ gzip:  0.68 kB │ map:   2.61 kB
packages/ui-legacy build: dist/components/icons/svg/partner-storage--16.svg.js                                                                                                                                                                              1.70 kB │ gzip:  0.88 kB │ map:   2.67 kB
packages/ui-legacy build: dist/components/icons/svg/ms-sharepoint--24.svg.js                                                                                                                                                                                1.71 kB │ gzip:  0.93 kB │ map:   2.47 kB
packages/ui-legacy build: dist/node_modules/.pnpm/react-day-picker@10.0.1_@types_react@19.2.15_react@19.2.6/node_modules/react-day-picker/dist/esm/components/custom-components.js                                                                          1.71 kB │ gzip:  0.52 kB │ map:   0.13 kB
packages/ui-legacy build: dist/components/icons/svg/cisco-tray--32.svg.js                                                                                                                                                                                   1.71 kB │ gzip:  0.77 kB │ map:   2.66 kB
packages/ui-legacy build: dist/components/icons/svg/connect-branded-ill--72.svg.js                                                                                                                                                                          1.71 kB │ gzip:  0.83 kB │ map:   2.83 kB
packages/ui-legacy build: dist/components/icons/svg/nfs--24.svg.js                                                                                                                                                                                          1.71 kB │ gzip:  0.99 kB │ map:   2.34 kB
packages/ui-legacy build: dist/components/icons/svg/omnivoice-minute-packages-o--24.svg.js                                                                                                                                                                  1.72 kB │ gzip:  0.99 kB │ map:   2.46 kB
packages/ui-legacy build: dist/components/icons/svg/ipn--32.svg.js                                                                                                                                                                                          1.72 kB │ gzip:  0.97 kB │ map:   2.37 kB
packages/ui-legacy build: dist/components/icons/svg/m365-rooms-equipment-included--24.svg.js                                                                                                                                                                1.72 kB │ gzip:  0.83 kB │ map:   2.61 kB
packages/ui-legacy build: dist/components/icons/svg/claim--32.svg.js                                                                                                                                                                                        1.72 kB │ gzip:  0.66 kB │ map:   2.46 kB
packages/ui-legacy build: dist/components/icons/svg/dlp-server--24.svg.js                                                                                                                                                                                   1.72 kB │ gzip:  0.64 kB │ map:   2.64 kB
packages/ui-legacy build: dist/components/icons/svg/bell-off-o--24.svg.js                                                                                                                                                                                   1.72 kB │ gzip:  0.90 kB │ map:   2.47 kB
packages/ui-legacy build: dist/components/icons/svg/slack--24.svg.js                                                                                                                                                                                        1.72 kB │ gzip:  0.66 kB │ map:   2.36 kB
packages/ui-legacy build: dist/components/icons/svg/ms-teams-tray--32.svg.js                                                                                                                                                                                1.73 kB │ gzip:  0.87 kB │ map:   2.88 kB
packages/ui-legacy build: dist/components/icons/svg/star-o--24.svg.js                                                                                                                                                                                       1.73 kB │ gzip:  1.00 kB │ map:   2.40 kB
packages/ui-legacy build: dist/components/icons/svg/ai-summaries--16.svg.js                                                                                                                                                                                 1.74 kB │ gzip:  0.85 kB │ map:   2.47 kB
packages/ui-legacy build: dist/components/icons/svg/clean-disk--32.svg.js                                                                                                                                                                                   1.74 kB │ gzip:  0.97 kB │ map:   2.49 kB
packages/ui-legacy build: dist/components/icons/svg/user-circle--32.svg.js                                                                                                                                                                                  1.74 kB │ gzip:  0.93 kB │ map:   2.52 kB
packages/ui-legacy build: dist/components/icons/svg/help-circle--16.svg.js                                                                                                                                                                                  1.74 kB │ gzip:  0.93 kB │ map:   2.63 kB
packages/ui-legacy build: dist/components/icons/svg/hide--32.svg.js                                                                                                                                                                                         1.74 kB │ gzip:  0.89 kB │ map:   2.51 kB
packages/ui-legacy build: dist/components/icons/svg/broken-backup--32.svg.js                                                                                                                                                                                1.74 kB │ gzip:  0.75 kB │ map:   2.53 kB
packages/ui-legacy build: dist/components/icons/svg/stopwatch--16.svg.js                                                                                                                                                                                    1.74 kB │ gzip:  0.85 kB │ map:   2.57 kB
packages/ui-legacy build: dist/components/icons/svg/vpn--24.svg.js                                                                                                                                                                                          1.75 kB │ gzip:  0.70 kB │ map:   2.48 kB
packages/ui-legacy build: dist/components/icons/svg/plugin-ab--32.svg.js                                                                                                                                                                                    1.75 kB │ gzip:  0.84 kB │ map:   2.40 kB
packages/ui-legacy build: dist/components/icons/svg/omnivoice-sms-packages--16.svg.js                                                                                                                                                                       1.75 kB │ gzip:  0.89 kB │ map:   2.76 kB
packages/ui-legacy build: dist/components/icons/svg/router--24.svg.js                                                                                                                                                                                       1.75 kB │ gzip:  0.77 kB │ map:   2.49 kB
packages/ui-legacy build: dist/node_modules/.pnpm/recharts@3.8.1_@types_react@19.2.15_react-dom@19.2.6_react@19.2.6__react-is@19.2.6_react@19.2.6_redux@5.0.1/node_modules/recharts/es6/animation/util.js                                                   1.75 kB │ gzip:  0.79 kB │ map:   4.77 kB
packages/ui-legacy build: dist/components/icons/svg/cyber-frame-vm-running--32.svg.js                                                                                                                                                                       1.76 kB │ gzip:  0.99 kB │ map:   2.56 kB
packages/ui-legacy build: dist/components/icons/svg/settings--24.svg.js                                                                                                                                                                                     1.76 kB │ gzip:  0.81 kB │ map:   2.44 kB
packages/ui-legacy build: dist/components/icons/svg/vcd-virtual-machines--16.svg.js                                                                                                                                                                         1.77 kB │ gzip:  0.87 kB │ map:   2.76 kB
packages/ui-legacy build: dist/components/icons/svg/help-nav--24.svg.js                                                                                                                                                                                     1.77 kB │ gzip:  0.87 kB │ map:   2.86 kB
packages/ui-legacy build: dist/components/icons/svg/adv-network-monitoring--16.svg.js                                                                                                                                                                       1.77 kB │ gzip:  0.85 kB │ map:   2.77 kB
packages/ui-legacy build: dist/node_modules/.pnpm/recharts@3.8.1_@types_react@19.2.15_react-dom@19.2.6_react@19.2.6__react-is@19.2.6_react@19.2.6_redux@5.0.1/node_modules/recharts/es6/util/DataUtils.js                                                   1.77 kB │ gzip:  0.84 kB │ map:   7.70 kB
packages/ui-legacy build: dist/components/icons/svg/real-time-antivirus-protection-tray--32.svg.js                                                                                                                                                          1.77 kB │ gzip:  0.97 kB │ map:   2.70 kB
packages/ui-legacy build: dist/components/icons/svg/license-keys--32.svg.js                                                                                                                                                                                 1.77 kB │ gzip:  0.81 kB │ map:   2.70 kB
packages/ui-legacy build: dist/components/icons/svg/contacts--32.svg.js                                                                                                                                                                                     1.77 kB │ gzip:  0.98 kB │ map:   2.50 kB
packages/ui-legacy build: dist/components/icons/svg/scissors-ab--32.svg.js                                                                                                                                                                                  1.77 kB │ gzip:  0.95 kB │ map:   2.46 kB
packages/ui-legacy build: dist/components/icons/svg/star-o--32.svg.js                                                                                                                                                                                       1.77 kB │ gzip:  1.01 kB │ map:   2.44 kB
packages/ui-legacy build: dist/components/icons/svg/compare--32.svg.js                                                                                                                                                                                      1.78 kB │ gzip:  0.95 kB │ map:   2.52 kB
packages/ui-legacy build: dist/node_modules/.pnpm/recharts@3.8.1_@types_react@19.2.15_react-dom@19.2.6_react@19.2.6__react-is@19.2.6_react@19.2.6_redux@5.0.1/node_modules/recharts/es6/container/Surface.js                                                1.78 kB │ gzip:  0.81 kB │ map:   4.48 kB
packages/ui-legacy build: dist/components/icons/svg/rdp-web--32.svg.js                                                                                                                                                                                      1.78 kB │ gzip:  0.72 kB │ map:   2.69 kB
packages/ui-legacy build: dist/components/icons/svg/active-protection-ab--32.svg.js                                                                                                                                                                         1.79 kB │ gzip:  0.95 kB │ map:   2.57 kB
packages/ui-legacy build: dist/components/icons/svg/ms-sharepoint--32.svg.js                                                                                                                                                                                1.79 kB │ gzip:  0.99 kB │ map:   2.55 kB
packages/ui-legacy build: dist/components/icons/svg/omnivoice-minute-packages--16.svg.js                                                                                                                                                                    1.79 kB │ gzip:  0.94 kB │ map:   2.75 kB
packages/ui-legacy build: dist/components/icons/svg/help-nav-dark--24.svg.js                                                                                                                                                                                1.79 kB │ gzip:  0.87 kB │ map:   2.91 kB
packages/ui-legacy build: dist/components/icons/svg/nfs-share-ab--32.svg.js                                                                                                                                                                                 1.79 kB │ gzip:  1.04 kB │ map:   2.48 kB
packages/ui-legacy build: dist/components/ui/accordion.js                                                                                                                                                                                                   1.80 kB │ gzip:  0.79 kB │ map:   3.41 kB
packages/ui-legacy build: dist/components/icons/svg/sync-share--16.svg.js                                                                                                                                                                                   1.80 kB │ gzip:  0.87 kB │ map:   2.69 kB
packages/ui-legacy build: dist/components/icons/svg/disconnected--32.svg.js                                                                                                                                                                                 1.81 kB │ gzip:  0.71 kB │ map:   2.50 kB
packages/ui-legacy build: dist/components/icons/svg/devices-san--24.svg.js                                                                                                                                                                                  1.81 kB │ gzip:  1.01 kB │ map:   2.50 kB
packages/ui-legacy build: dist/components/icons/svg/file-notarization-o--24.svg.js                                                                                                                                                                          1.81 kB │ gzip:  0.87 kB │ map:   2.50 kB
packages/ui-legacy build: dist/components/icons/svg/adv-network-monitoring--24.svg.js                                                                                                                                                                       1.82 kB │ gzip:  0.88 kB │ map:   2.82 kB
packages/ui-legacy build: dist/components/icons/svg/maintenance-mode--24.svg.js                                                                                                                                                                             1.82 kB │ gzip:  1.03 kB │ map:   2.50 kB
packages/ui-legacy build: dist/components/icons/svg/m365-shared-mailboxes--24.svg.js                                                                                                                                                                        1.82 kB │ gzip:  0.93 kB │ map:   2.62 kB
packages/ui-legacy build: dist/components/icons/svg/s3--32.svg.js                                                                                                                                                                                           1.82 kB │ gzip:  1.00 kB │ map:   2.47 kB
packages/ui-legacy build: dist/components/icons/svg/expand-all--16.svg.js                                                                                                                                                                                   1.83 kB │ gzip:  0.80 kB │ map:   2.73 kB
packages/ui-legacy build: dist/components/icons/svg/collapse-all--16.svg.js                                                                                                                                                                                 1.83 kB │ gzip:  0.80 kB │ map:   2.74 kB
packages/ui-legacy build: dist/components/icons/svg/cloud-to-cloud--16.svg.js                                                                                                                                                                               1.83 kB │ gzip:  0.91 kB │ map:   2.75 kB
packages/ui-legacy build: dist/components/icons/svg/dr-in-azure--16.svg.js                                                                                                                                                                                  1.83 kB │ gzip:  0.95 kB │ map:   2.74 kB
packages/ui-legacy build: dist/components/icons/svg/synology--16.svg.js                                                                                                                                                                                     1.83 kB │ gzip:  0.88 kB │ map:   2.73 kB
packages/ui-legacy build: dist/node_modules/.pnpm/recharts@3.8.1_@types_react@19.2.15_react-dom@19.2.6_react@19.2.6__react-is@19.2.6_react@19.2.6_redux@5.0.1/node_modules/recharts/es6/context/useTooltipAxis.js                                           1.83 kB │ gzip:  0.78 kB │ map:   4.31 kB
packages/ui-legacy build: dist/components/icons/svg/clipboard--32.svg.js                                                                                                                                                                                    1.84 kB │ gzip:  0.95 kB │ map:   2.51 kB
packages/ui-legacy build: dist/components/icons/svg/impossible-cloud--32.svg.js                                                                                                                                                                             1.84 kB │ gzip:  0.90 kB │ map:   2.54 kB
packages/ui-legacy build: dist/components/icons/svg/cp-used--24.svg.js                                                                                                                                                                                      1.84 kB │ gzip:  0.66 kB │ map:   2.75 kB
packages/ui-legacy build: dist/components/icons/svg/apps-o--24.svg.js                                                                                                                                                                                       1.85 kB │ gzip:  0.70 kB │ map:   2.51 kB
packages/ui-legacy build: dist/components/icons/svg/bundle-tray--32.svg.js                                                                                                                                                                                  1.85 kB │ gzip:  0.89 kB │ map:   2.82 kB
packages/ui-legacy build: dist/node_modules/.pnpm/recharts@3.8.1_@types_react@19.2.15_react-dom@19.2.6_react@19.2.6__react-is@19.2.6_react@19.2.6_redux@5.0.1/node_modules/recharts/es6/state/legendSlice.js                                                1.85 kB │ gzip:  0.70 kB │ map:   3.98 kB
packages/ui-legacy build: dist/components/icons/svg/vcd-virtual-machines--24.svg.js                                                                                                                                                                         1.85 kB │ gzip:  0.90 kB │ map:   2.85 kB
packages/ui-legacy build: dist/components/icons/svg/malware-o--16.svg.js                                                                                                                                                                                    1.85 kB │ gzip:  0.94 kB │ map:   2.75 kB
packages/ui-legacy build: dist/components/icons/svg/adv-agentless-security-vm-pack--16.svg.js                                                                                                                                                               1.85 kB │ gzip:  0.94 kB │ map:   2.75 kB
packages/ui-legacy build: dist/components/icons/svg/veil-engine--16.svg.js                                                                                                                                                                                  1.85 kB │ gzip:  1.06 kB │ map:   2.54 kB
packages/ui-legacy build: dist/components/icons/svg/dashboard--24.svg.js                                                                                                                                                                                    1.86 kB │ gzip:  0.95 kB │ map:   2.63 kB
packages/ui-legacy build: dist/components/icons/svg/web-hosting-server-o--24.svg.js                                                                                                                                                                         1.86 kB │ gzip:  0.90 kB │ map:   2.55 kB
packages/ui-legacy build: dist/components/icons/svg/ms-365-o--16.svg.js                                                                                                                                                                                     1.86 kB │ gzip:  1.04 kB │ map:   2.53 kB
packages/ui-legacy build: dist/components/icons/svg/sync-share--24.svg.js                                                                                                                                                                                   1.86 kB │ gzip:  0.95 kB │ map:   2.54 kB
packages/ui-legacy build: dist/components/icons/svg/sync-share-o--32.svg.js                                                                                                                                                                                 1.86 kB │ gzip:  0.94 kB │ map:   2.52 kB
packages/ui-legacy build: dist/components/icons/svg/cloud-server--24.svg.js                                                                                                                                                                                 1.87 kB │ gzip:  0.85 kB │ map:   2.56 kB
packages/ui-legacy build: dist/node_modules/.pnpm/@date-fns_tz@1.5.0/node_modules/@date-fns/tz/date/index.js                                                                                                                                                1.87 kB │ gzip:  0.68 kB │ map:   4.61 kB
packages/ui-legacy build: dist/components/icons/svg/collaboration-security--16.svg.js                                                                                                                                                                       1.88 kB │ gzip:  1.01 kB │ map:   2.75 kB
packages/ui-legacy build: dist/components/icons/svg/adv-security-pack-mdr-std--16.svg.js                                                                                                                                                                    1.88 kB │ gzip:  0.84 kB │ map:   2.97 kB
packages/ui-legacy build: dist/components/icons/svg/discount-solid--16.svg.js                                                                                                                                                                               1.88 kB │ gzip:  0.85 kB │ map:   2.80 kB
packages/ui-legacy build: dist/node_modules/.pnpm/use-sync-external-store@1.6.0_react@19.2.6/node_modules/use-sync-external-store/cjs/use-sync-external-store-with-selector.production.js                                                                   1.88 kB │ gzip:  0.80 kB │ map:   4.87 kB
packages/ui-legacy build: dist/components/icons/svg/devices-storage--24.svg.js                                                                                                                                                                              1.89 kB │ gzip:  0.97 kB │ map:   2.66 kB
packages/ui-legacy build: dist/components/icons/svg/bucket--24.svg.js                                                                                                                                                                                       1.90 kB │ gzip:  1.07 kB │ map:   2.56 kB
packages/ui-legacy build: dist/node_modules/.pnpm/d3-time@3.1.0/node_modules/d3-time/src/ticks.js                                                                                                                                                           1.90 kB │ gzip:  0.78 kB │ map:   5.02 kB
packages/ui-legacy build: dist/components/icons/svg/address-book--32.svg.js                                                                                                                                                                                 1.90 kB │ gzip:  1.02 kB │ map:   2.66 kB
packages/ui-legacy build: dist/node_modules/.pnpm/use-sync-external-store@1.6.0_react@19.2.6/node_modules/use-sync-external-store/cjs/use-sync-external-store-shim/with-selector.production.js                                                              1.90 kB │ gzip:  0.82 kB │ map:   4.93 kB
packages/ui-legacy build: dist/components/icons/svg/adv-security-pack--24.svg.js                                                                                                                                                                            1.91 kB │ gzip:  0.87 kB │ map:   2.95 kB
packages/ui-legacy build: dist/components/icons/svg/adv-security-pack-mdr-std--24.svg.js                                                                                                                                                                    1.91 kB │ gzip:  0.91 kB │ map:   2.98 kB
packages/ui-legacy build: dist/components/icons/svg/imported-pool--32.svg.js                                                                                                                                                                                1.91 kB │ gzip:  0.92 kB │ map:   2.77 kB
packages/ui-legacy build: dist/components/icons/svg/ovirt-vm-ab--24.svg.js                                                                                                                                                                                  1.91 kB │ gzip:  1.04 kB │ map:   2.66 kB
packages/ui-legacy build: dist/components/icons/svg/linux-pc--32.svg.js                                                                                                                                                                                     1.92 kB │ gzip:  1.07 kB │ map:   2.58 kB
packages/ui-legacy build: dist/components/icons/svg/m365-shared-mailboxes-included--16.svg.js                                                                                                                                                               1.92 kB │ gzip:  1.00 kB │ map:   2.81 kB
packages/ui-legacy build: dist/components/icons/svg/paint-brush--32.svg.js                                                                                                                                                                                  1.92 kB │ gzip:  1.07 kB │ map:   2.60 kB
packages/ui-legacy build: dist/components/icons/svg/vm-hyperv--32.svg.js                                                                                                                                                                                    1.92 kB │ gzip:  1.05 kB │ map:   2.67 kB
packages/ui-legacy build: dist/components/icons/svg/ovirt-vm-ab--32.svg.js                                                                                                                                                                                  1.92 kB │ gzip:  1.05 kB │ map:   2.68 kB
packages/ui-legacy build: dist/components/ui/empty.js                                                                                                                                                                                                       1.92 kB │ gzip:  0.53 kB │ map:   3.59 kB
packages/ui-legacy build: dist/node_modules/.pnpm/d3-scale@4.0.2/node_modules/d3-scale/src/band.js                                                                                                                                                          1.92 kB │ gzip:  0.71 kB │ map:   5.31 kB
packages/ui-legacy build: dist/components/icons/svg/edr--16.svg.js                                                                                                                                                                                          1.92 kB │ gzip:  0.76 kB │ map:   2.65 kB
packages/ui-legacy build: dist/components/icons/svg/disk-nav--24.svg.js                                                                                                                                                                                     1.92 kB │ gzip:  0.93 kB │ map:   3.02 kB
packages/ui-legacy build: dist/components/icons/svg/universal-quota--16.svg.js                                                                                                                                                                              1.92 kB │ gzip:  0.93 kB │ map:   2.85 kB
packages/ui-legacy build: dist/components/icons/svg/adv-security-pack-edr--24.svg.js                                                                                                                                                                        1.92 kB │ gzip:  0.86 kB │ map:   2.79 kB
packages/ui-legacy build: dist/components/icons/svg/veil-engine--32.svg.js                                                                                                                                                                                  1.92 kB │ gzip:  1.10 kB │ map:   2.61 kB
packages/ui-legacy build: dist/components/icons/svg/adv-management-pack--16.svg.js                                                                                                                                                                          1.93 kB │ gzip:  1.00 kB │ map:   2.71 kB
packages/ui-legacy build: dist/components/icons/svg/dashboard--32.svg.js                                                                                                                                                                                    1.93 kB │ gzip:  1.04 kB │ map:   2.60 kB
packages/ui-legacy build: dist/components/icons/svg/tape-drive--32.svg.js                                                                                                                                                                                   1.93 kB │ gzip:  0.94 kB │ map:   2.69 kB
packages/ui-legacy build: dist/components/icons/svg/recovery-point--24.svg.js                                                                                                                                                                               1.94 kB │ gzip:  1.05 kB │ map:   2.68 kB
packages/ui-legacy build: dist/components/icons/svg/stamp--16.svg.js                                                                                                                                                                                        1.94 kB │ gzip:  0.96 kB │ map:   2.82 kB
packages/ui-legacy build: dist/components/icons/svg/adv-backup-pack-office-365--16.svg.js                                                                                                                                                                   1.94 kB │ gzip:  0.98 kB │ map:   2.89 kB
packages/ui-legacy build: dist/components/icons/svg/cp-used--16.svg.js                                                                                                                                                                                      1.94 kB │ gzip:  0.77 kB │ map:   2.98 kB
packages/ui-legacy build: dist/node_modules/.pnpm/react-day-picker@10.0.1_@types_react@19.2.15_react@19.2.6/node_modules/react-day-picker/dist/esm/helpers/getLabels.js                                                                                     1.95 kB │ gzip:  0.55 kB │ map:   4.09 kB
packages/ui-legacy build: dist/components/icons/svg/greathorn--16.svg.js                                                                                                                                                                                    1.95 kB │ gzip:  1.00 kB │ map:   2.70 kB
packages/ui-legacy build: dist/components/icons/svg/laptop-linux--24.svg.js                                                                                                                                                                                 1.95 kB │ gzip:  1.05 kB │ map:   2.71 kB
packages/ui-legacy build: dist/components/icons/svg/url-filtering-tray--32.svg.js                                                                                                                                                                           1.95 kB │ gzip:  0.82 kB │ map:   3.00 kB
packages/ui-legacy build: dist/components/icons/svg/phone--16.svg.js                                                                                                                                                                                        1.95 kB │ gzip:  0.95 kB │ map:   2.95 kB
packages/ui-legacy build: dist/components/icons/svg/disk-nav-dark--24.svg.js                                                                                                                                                                                1.95 kB │ gzip:  0.94 kB │ map:   3.07 kB
packages/ui-legacy build: dist/components/icons/svg/instagram--16.svg.js                                                                                                                                                                                    1.96 kB │ gzip:  0.86 kB │ map:   2.80 kB
packages/ui-legacy build: dist/components/icons/svg/edr--24.svg.js                                                                                                                                                                                          1.96 kB │ gzip:  0.80 kB │ map:   2.69 kB
packages/ui-legacy build: dist/components/icons/svg/greathorn--24.svg.js                                                                                                                                                                                    1.96 kB │ gzip:  0.99 kB │ map:   2.71 kB
packages/ui-legacy build: dist/components/icons/svg/recovery-point--16.svg.js                                                                                                                                                                               1.96 kB │ gzip:  0.98 kB │ map:   2.91 kB
packages/ui-legacy build: dist/components/icons/svg/file-pdf--32.svg.js                                                                                                                                                                                     1.96 kB │ gzip:  1.03 kB │ map:   2.78 kB
packages/ui-legacy build: dist/components/icons/svg/instagram--24.svg.js                                                                                                                                                                                    1.96 kB │ gzip:  0.90 kB │ map:   2.81 kB
packages/ui-legacy build: dist/components/icons/svg/devices-unknown--24.svg.js                                                                                                                                                                              1.97 kB │ gzip:  1.07 kB │ map:   2.74 kB
packages/ui-legacy build: dist/components/icons/svg/talk-minutes-package--24.svg.js                                                                                                                                                                         1.97 kB │ gzip:  1.01 kB │ map:   2.97 kB
packages/ui-legacy build: dist/components/icons/svg/ai-summaries--24.svg.js                                                                                                                                                                                 1.97 kB │ gzip:  0.99 kB │ map:   2.70 kB
packages/ui-legacy build: dist/components/ui/button.js                                                                                                                                                                                                      1.97 kB │ gzip:  0.82 kB │ map:   3.08 kB
packages/ui-legacy build: dist/components/icons/svg/adv-dlp-pack--24.svg.js                                                                                                                                                                                 1.98 kB │ gzip:  0.98 kB │ map:   2.95 kB
packages/ui-legacy build: dist/components/icons/svg/big-star-o--16.svg.js                                                                                                                                                                                   1.98 kB │ gzip:  1.06 kB │ map:   2.88 kB
packages/ui-legacy build: dist/components/icons/svg/m365--16.svg.js                                                                                                                                                                                         1.98 kB │ gzip:  1.01 kB │ map:   2.85 kB
packages/ui-legacy build: dist/components/icons/svg/laptop-linux--32.svg.js                                                                                                                                                                                 1.98 kB │ gzip:  1.06 kB │ map:   2.74 kB
packages/ui-legacy build: dist/components/icons/svg/collaboration-security--24.svg.js                                                                                                                                                                       1.98 kB │ gzip:  1.02 kB │ map:   2.86 kB
packages/ui-legacy build: dist/components/icons/svg/plugin-ab--24.svg.js                                                                                                                                                                                    1.98 kB │ gzip:  0.98 kB │ map:   2.63 kB
packages/ui-legacy build: dist/components/icons/svg/greathorn--32.svg.js                                                                                                                                                                                    1.99 kB │ gzip:  1.00 kB │ map:   2.74 kB
packages/ui-legacy build: dist/components/icons/svg/adv-security-pack-mdr-adv--16.svg.js                                                                                                                                                                    1.99 kB │ gzip:  0.93 kB │ map:   3.06 kB
packages/ui-legacy build: dist/components/icons/svg/ai-chat--16.svg.js                                                                                                                                                                                      1.99 kB │ gzip:  0.96 kB │ map:   2.66 kB
packages/ui-legacy build: dist/components/icons/svg/devices-wireless-earbuds--24.svg.js                                                                                                                                                                     2.00 kB │ gzip:  1.02 kB │ map:   2.98 kB
packages/ui-legacy build: dist/components/icons/svg/adv-backup-pack-office-365--24.svg.js                                                                                                                                                                   2.00 kB │ gzip:  1.02 kB │ map:   2.88 kB
packages/ui-legacy build: dist/components/icons/svg/ai-summaries--32.svg.js                                                                                                                                                                                 2.00 kB │ gzip:  1.02 kB │ map:   2.74 kB
packages/ui-legacy build: dist/components/icons/svg/nas-included--24.svg.js                                                                                                                                                                                 2.01 kB │ gzip:  0.87 kB │ map:   3.05 kB
packages/ui-legacy build: dist/components/icons/svg/hc3-vm-ab--24.svg.js                                                                                                                                                                                    2.01 kB │ gzip:  1.14 kB │ map:   2.68 kB
packages/ui-legacy build: dist/components/mode-toggle.js                                                                                                                                                                                                    2.02 kB │ gzip:  0.79 kB │ map:   3.60 kB
packages/ui-legacy build: dist/components/icons/svg/esign-notarizations-o--16.svg.js                                                                                                                                                                        2.02 kB │ gzip:  1.07 kB │ map:   2.94 kB
packages/ui-legacy build: dist/components/icons/svg/agent-hyperv--32.svg.js                                                                                                                                                                                 2.02 kB │ gzip:  1.08 kB │ map:   2.79 kB
packages/ui-legacy build: dist/components/icons/svg/ms-365-o--24.svg.js                                                                                                                                                                                     2.02 kB │ gzip:  1.12 kB │ map:   2.69 kB
packages/ui-legacy build: dist/components/icons/svg/multiple--16.svg.js                                                                                                                                                                                     2.02 kB │ gzip:  0.68 kB │ map:   3.43 kB
packages/ui-legacy build: dist/components/icons/svg/public-box-ab--16.svg.js                                                                                                                                                                                2.03 kB │ gzip:  1.06 kB │ map:   2.83 kB
packages/ui-legacy build: dist/components/icons/svg/geo-replication--24.svg.js                                                                                                                                                                              2.03 kB │ gzip:  0.99 kB │ map:   3.02 kB
packages/ui-legacy build: dist/components/icons/svg/m365-google-backups--16.svg.js                                                                                                                                                                          2.03 kB │ gzip:  1.06 kB │ map:   2.86 kB
packages/ui-legacy build: dist/components/icons/svg/ai-chat--24.svg.js                                                                                                                                                                                      2.03 kB │ gzip:  0.96 kB │ map:   2.70 kB
packages/ui-legacy build: dist/components/icons/svg/hc3-vm-ab--32.svg.js                                                                                                                                                                                    2.03 kB │ gzip:  1.15 kB │ map:   2.70 kB
packages/ui-legacy build: dist/components/icons/svg/sql-cluster--32.svg.js                                                                                                                                                                                  2.04 kB │ gzip:  0.95 kB │ map:   2.83 kB
packages/ui-legacy build: dist/components/icons/svg/hc3-vm-running-ab--32.svg.js                                                                                                                                                                            2.04 kB │ gzip:  1.13 kB │ map:   2.81 kB
packages/ui-legacy build: dist/components/icons/svg/devices-linux-laptop--24.svg.js                                                                                                                                                                         2.04 kB │ gzip:  1.07 kB │ map:   2.81 kB
packages/ui-legacy build: dist/components/icons/svg/m365--24.svg.js                                                                                                                                                                                         2.04 kB │ gzip:  1.07 kB │ map:   2.85 kB
packages/ui-legacy build: dist/components/icons/svg/exchange-cluster--32.svg.js                                                                                                                                                                             2.05 kB │ gzip:  1.01 kB │ map:   2.90 kB
packages/ui-legacy build: dist/components/icons/svg/sftp-ab--32.svg.js                                                                                                                                                                                      2.05 kB │ gzip:  1.13 kB │ map:   2.79 kB
packages/ui-legacy build: dist/components/icons/svg/omnivoice-sms-packages--24.svg.js                                                                                                                                                                       2.05 kB │ gzip:  1.05 kB │ map:   3.06 kB
packages/ui-legacy build: dist/components/icons/svg/hc3-replica-running-ab--32.svg.js                                                                                                                                                                       2.05 kB │ gzip:  1.13 kB │ map:   2.85 kB
packages/ui-legacy build: dist/components/icons/svg/wrench-o--16.svg.js                                                                                                                                                                                     2.05 kB │ gzip:  1.07 kB │ map:   2.93 kB
packages/ui-legacy build: dist/components/icons/svg/sms-packages--24.svg.js                                                                                                                                                                                 2.06 kB │ gzip:  0.99 kB │ map:   3.10 kB
packages/ui-legacy build: dist/components/icons/svg/api-calls-files-o--24.svg.js                                                                                                                                                                            2.07 kB │ gzip:  0.99 kB │ map:   2.75 kB
packages/ui-legacy build: dist/components/icons/svg/firewall--24.svg.js                                                                                                                                                                                     2.08 kB │ gzip:  1.15 kB │ map:   2.85 kB
packages/ui-legacy build: dist/components/icons/svg/devices-linux-desktop--24.svg.js                                                                                                                                                                        2.08 kB │ gzip:  1.13 kB │ map:   2.88 kB
packages/ui-legacy build: dist/components/icons/svg/m365-google-backups--24.svg.js                                                                                                                                                                          2.08 kB │ gzip:  1.10 kB │ map:   2.91 kB
packages/ui-legacy build: dist/components/icons/svg/agent-hci--32.svg.js                                                                                                                                                                                    2.08 kB │ gzip:  0.71 kB │ map:   2.73 kB
packages/ui-legacy build: dist/components/icons/svg/public-box-ab--24.svg.js                                                                                                                                                                                2.09 kB │ gzip:  1.11 kB │ map:   2.89 kB
packages/ui-legacy build: dist/components/icons/svg/agent-cyberframe--32.svg.js                                                                                                                                                                             2.09 kB │ gzip:  0.72 kB │ map:   2.77 kB
packages/ui-legacy build: dist/components/icons/svg/configure-machine--32.svg.js                                                                                                                                                                            2.09 kB │ gzip:  0.95 kB │ map:   2.88 kB
packages/ui-legacy build: dist/components/icons/svg/spiceworks--16.svg.js                                                                                                                                                                                   2.09 kB │ gzip:  1.13 kB │ map:   2.75 kB
packages/ui-legacy build: dist/components/icons/svg/public-box-ab--32.svg.js                                                                                                                                                                                2.10 kB │ gzip:  1.11 kB │ map:   2.90 kB
packages/ui-legacy build: dist/components/icons/svg/adv-security-pack-edr--16.svg.js                                                                                                                                                                        2.10 kB │ gzip:  0.88 kB │ map:   2.96 kB
packages/ui-legacy build: dist/components/icons/svg/partner-geo-storage--24.svg.js                                                                                                                                                                          2.10 kB │ gzip:  1.07 kB │ map:   2.88 kB
packages/ui-legacy build: dist/components/icons/svg/veil-vm--32.svg.js                                                                                                                                                                                      2.10 kB │ gzip:  1.17 kB │ map:   2.84 kB
packages/ui-legacy build: dist/components/ui/number-field.js                                                                                                                                                                                                2.10 kB │ gzip:  0.66 kB │ map:   4.40 kB
packages/ui-legacy build: dist/components/ui/button-group.js                                                                                                                                                                                                2.11 kB │ gzip:  0.84 kB │ map:   3.52 kB
packages/ui-legacy build: dist/components/ui/data-table/data-table-column-header.js                                                                                                                                                                         2.11 kB │ gzip:  0.76 kB │ map:   3.92 kB
packages/ui-legacy build: dist/components/icons/svg/proxmox--16.svg.js                                                                                                                                                                                      2.11 kB │ gzip:  1.10 kB │ map:   2.75 kB
packages/ui-legacy build: dist/components/icons/svg/workstation-arm--32.svg.js                                                                                                                                                                              2.12 kB │ gzip:  1.08 kB │ map:   2.97 kB
packages/ui-legacy build: dist/components/icons/svg/adv-security-pack-mdr-adv--24.svg.js                                                                                                                                                                    2.13 kB │ gzip:  1.01 kB │ map:   3.20 kB
packages/ui-legacy build: dist/components/icons/svg/internet--32.svg.js                                                                                                                                                                                     2.14 kB │ gzip:  1.21 kB │ map:   2.79 kB
packages/ui-legacy build: dist/components/icons/svg/pdf--24.svg.js                                                                                                                                                                                          2.14 kB │ gzip:  1.21 kB │ map:   2.79 kB
packages/ui-legacy build: dist/components/icons/svg/sale-items--24.svg.js                                                                                                                                                                                   2.14 kB │ gzip:  1.17 kB │ map:   2.90 kB
packages/ui-legacy build: dist/components/icons/svg/settings--16.svg.js                                                                                                                                                                                     2.14 kB │ gzip:  0.94 kB │ map:   3.04 kB
packages/ui-legacy build: dist/components/icons/svg/db-cluster--16.svg.js                                                                                                                                                                                   2.14 kB │ gzip:  1.00 kB │ map:   3.05 kB
packages/ui-legacy build: dist/components/icons/svg/ms-365-o--32.svg.js                                                                                                                                                                                     2.15 kB │ gzip:  1.16 kB │ map:   2.81 kB
packages/ui-legacy build: dist/components/icons/svg/ai-sparkles-tag-color--16.svg.js                                                                                                                                                                        2.16 kB │ gzip:  0.89 kB │ map:   3.45 kB
packages/ui-legacy build: dist/components/icons/svg/db-cluster--32.svg.js                                                                                                                                                                                   2.16 kB │ gzip:  0.94 kB │ map:   3.03 kB
packages/ui-legacy build: dist/components/icons/svg/hard-reboot--16.svg.js                                                                                                                                                                                  2.16 kB │ gzip:  0.86 kB │ map:   2.82 kB
packages/ui-legacy build: dist/components/ui/alert.js                                                                                                                                                                                                       2.17 kB │ gzip:  0.74 kB │ map:   4.17 kB
packages/ui-legacy build: dist/components/icons/svg/adv-security-pack-xdr--16.svg.js                                                                                                                                                                        2.18 kB │ gzip:  0.91 kB │ map:   3.12 kB
packages/ui-legacy build: dist/components/icons/svg/kubernetes--16.svg.js                                                                                                                                                                                   2.19 kB │ gzip:  1.21 kB │ map:   2.87 kB
packages/ui-legacy build: dist/components/icons/svg/users--16.svg.js                                                                                                                                                                                        2.19 kB │ gzip:  1.13 kB │ map:   2.92 kB
packages/ui-legacy build: dist/components/icons/svg/kubernetes--24.svg.js                                                                                                                                                                                   2.19 kB │ gzip:  1.20 kB │ map:   2.87 kB
packages/ui-legacy build: dist/components/icons/svg/partner-cyber-frame-compute--24.svg.js                                                                                                                                                                  2.19 kB │ gzip:  1.12 kB │ map:   3.13 kB
packages/ui-legacy build: dist/components/icons/svg/sql--24.svg.js                                                                                                                                                                                          2.20 kB │ gzip:  1.13 kB │ map:   3.00 kB
packages/ui-legacy build: dist/components/icons/svg/proxmox--32.svg.js                                                                                                                                                                                      2.20 kB │ gzip:  1.17 kB │ map:   2.84 kB
packages/ui-legacy build: dist/components/icons/svg/clipboard-doubt--24.svg.js                                                                                                                                                                              2.20 kB │ gzip:  1.15 kB │ map:   2.98 kB
packages/ui-legacy build: dist/components/icons/svg/profile-nav--24.svg.js                                                                                                                                                                                  2.20 kB │ gzip:  1.04 kB │ map:   3.35 kB
packages/ui-legacy build: dist/components/icons/svg/clipboard-question--24.svg.js                                                                                                                                                                           2.20 kB │ gzip:  1.15 kB │ map:   2.99 kB
packages/ui-legacy build: dist/components/icons/svg/ai-chat-o--16.svg.js                                                                                                                                                                                    2.20 kB │ gzip:  1.02 kB │ map:   2.92 kB
packages/ui-legacy build: dist/node_modules/.pnpm/recharts@3.8.1_@types_react@19.2.15_react-dom@19.2.6_react@19.2.6__react-is@19.2.6_react@19.2.6_redux@5.0.1/node_modules/recharts/es6/zIndex/DefaultZIndexes.js                                           2.21 kB │ gzip:  0.86 kB │ map:   3.17 kB
packages/ui-legacy build: dist/components/icons/svg/file-notarization--16.svg.js                                                                                                                                                                            2.21 kB │ gzip:  0.94 kB │ map:   3.27 kB
packages/ui-legacy build: dist/components/icons/svg/unplanned-expenses--32.svg.js                                                                                                                                                                           2.22 kB │ gzip:  1.21 kB │ map:   3.00 kB
packages/ui-legacy build: dist/components/icons/svg/server-included--24.svg.js                                                                                                                                                                              2.22 kB │ gzip:  0.88 kB │ map:   3.33 kB
packages/ui-legacy build: dist/components/icons/svg/ai-sparkles-color--16.svg.js                                                                                                                                                                            2.22 kB │ gzip:  0.92 kB │ map:   3.50 kB
packages/ui-legacy build: dist/components/icons/svg/pdf--16.svg.js                                                                                                                                                                                          2.23 kB │ gzip:  1.25 kB │ map:   2.88 kB
packages/ui-legacy build: dist/components/icons/svg/profile-nav-dark--24.svg.js                                                                                                                                                                             2.23 kB │ gzip:  1.05 kB │ map:   3.39 kB
packages/ui-legacy build: dist/components/icons/svg/file-notarized--32.svg.js                                                                                                                                                                               2.24 kB │ gzip:  1.17 kB │ map:   3.03 kB
packages/ui-legacy build: dist/components/icons/svg/nas-synology-ab--32.svg.js                                                                                                                                                                              2.24 kB │ gzip:  1.12 kB │ map:   2.93 kB
packages/ui-legacy build: dist/node_modules/.pnpm/d3-scale@4.0.2/node_modules/d3-scale/src/sequential.js                                                                                                                                                    2.24 kB │ gzip:  0.78 kB │ map:   5.59 kB
packages/ui-legacy build: dist/node_modules/.pnpm/d3-scale@4.0.2/node_modules/d3-scale/src/time.js                                                                                                                                                          2.24 kB │ gzip:  0.81 kB │ map:   4.89 kB
packages/ui-legacy build: dist/components/icons/svg/whatsapp--16.svg.js                                                                                                                                                                                     2.25 kB │ gzip:  1.18 kB │ map:   3.15 kB
packages/ui-legacy build: dist/components/icons/svg/esign-notarization--16.svg.js                                                                                                                                                                           2.25 kB │ gzip:  1.16 kB │ map:   3.24 kB
packages/ui-legacy build: dist/components/icons/svg/nas-synology-ab--24.svg.js                                                                                                                                                                              2.25 kB │ gzip:  1.16 kB │ map:   2.94 kB
packages/ui-legacy build: dist/components/icons/svg/esign-notarization--32.svg.js                                                                                                                                                                           2.25 kB │ gzip:  1.17 kB │ map:   2.96 kB
packages/ui-legacy build: dist/components/icons/svg/adv-agentless-security-vm-pack--24.svg.js                                                                                                                                                               2.26 kB │ gzip:  1.06 kB │ map:   3.35 kB
packages/ui-legacy build: dist/components/icons/svg/ai-sparkles-color--32.svg.js                                                                                                                                                                            2.26 kB │ gzip:  0.93 kB │ map:   3.54 kB
packages/ui-legacy build: dist/components/icons/svg/partner-cyber-frame-compute--16.svg.js                                                                                                                                                                  2.26 kB │ gzip:  1.19 kB │ map:   3.12 kB
packages/ui-legacy build: dist/components/icons/svg/partner-dr-infrastructure--16.svg.js                                                                                                                                                                    2.26 kB │ gzip:  1.16 kB │ map:   3.22 kB
packages/ui-legacy build: dist/components/icons/svg/adv-backup-pack-server--24.svg.js                                                                                                                                                                       2.27 kB │ gzip:  0.89 kB │ map:   3.40 kB
packages/ui-legacy build: dist/components/icons/svg/document-templates--24.svg.js                                                                                                                                                                           2.27 kB │ gzip:  1.18 kB │ map:   2.98 kB
packages/ui-legacy build: dist/components/icons/svg/db-cluster-active--16.svg.js                                                                                                                                                                            2.27 kB │ gzip:  1.04 kB │ map:   3.20 kB
packages/ui-legacy build: dist/components/icons/svg/partner-vcd--16.svg.js                                                                                                                                                                                  2.27 kB │ gzip:  1.11 kB │ map:   3.27 kB
packages/ui-legacy build: dist/components/icons/svg/devices-with-agent--24.svg.js                                                                                                                                                                           2.27 kB │ gzip:  1.16 kB │ map:   3.08 kB
packages/ui-legacy build: dist/components/icons/svg/partner-geo-storage--16.svg.js                                                                                                                                                                          2.28 kB │ gzip:  1.15 kB │ map:   3.14 kB
packages/ui-legacy build: dist/components/icons/svg/db-cluster-active--32.svg.js                                                                                                                                                                            2.29 kB │ gzip:  0.98 kB │ map:   3.19 kB
packages/ui-legacy build: dist/components/icons/svg/partner-vcd--24.svg.js                                                                                                                                                                                  2.29 kB │ gzip:  1.10 kB │ map:   3.24 kB
packages/ui-legacy build: dist/components/icons/svg/clipboard-custom-o--32.svg.js                                                                                                                                                                           2.30 kB │ gzip:  1.11 kB │ map:   2.98 kB
packages/ui-legacy build: dist/components/icons/svg/ai-chat-o--24.svg.js                                                                                                                                                                                    2.30 kB │ gzip:  1.07 kB │ map:   3.08 kB
packages/ui-legacy build: dist/components/icons/svg/reports-custom--24.svg.js                                                                                                                                                                               2.30 kB │ gzip:  1.17 kB │ map:   3.09 kB
packages/ui-legacy build: dist/components/icons/svg/hc3-replica-ab--32.svg.js                                                                                                                                                                               2.30 kB │ gzip:  1.23 kB │ map:   3.07 kB
packages/ui-legacy build: dist/components/icons/svg/ai-sparkles-color--24.svg.js                                                                                                                                                                            2.31 kB │ gzip:  0.96 kB │ map:   3.59 kB
packages/ui-legacy build: dist/node_modules/.pnpm/recharts@3.8.1_@types_react@19.2.15_react-dom@19.2.6_react@19.2.6__react-is@19.2.6_react@19.2.6_redux@5.0.1/node_modules/recharts/es6/state/selectors/combiners/combineTooltipInteractionState.js         2.31 kB │ gzip:  0.89 kB │ map:   6.05 kB
packages/ui-legacy build: dist/components/icons/svg/partner-dr-infrastructure--24.svg.js                                                                                                                                                                    2.33 kB │ gzip:  1.18 kB │ map:   3.29 kB
packages/ui-legacy build: dist/components/icons/svg/laptop-windows-arm--32.svg.js                                                                                                                                                                           2.34 kB │ gzip:  1.14 kB │ map:   3.29 kB
packages/ui-legacy build: dist/components/icons/svg/proxmox-vm--32.svg.js                                                                                                                                                                                   2.34 kB │ gzip:  1.23 kB │ map:   3.02 kB
packages/ui-legacy build: dist/components/icons/svg/api-calls-esign-o--24.svg.js                                                                                                                                                                            2.34 kB │ gzip:  1.22 kB │ map:   3.02 kB
packages/ui-legacy build: dist/components/icons/svg/adv-security-pack-xdr--24.svg.js                                                                                                                                                                        2.35 kB │ gzip:  1.00 kB │ map:   3.29 kB
packages/ui-legacy build: dist/utils/theme-switcher.js                                                                                                                                                                                                      2.36 kB │ gzip:  0.81 kB │ map:   9.57 kB
packages/ui-legacy build: dist/components/icons/svg/esign-notarizations-o--24.svg.js                                                                                                                                                                        2.36 kB │ gzip:  1.12 kB │ map:   3.28 kB
packages/ui-legacy build: dist/components/icons/svg/price-tags--32.svg.js                                                                                                                                                                                   2.36 kB │ gzip:  1.25 kB │ map:   3.11 kB
packages/ui-legacy build: dist/components/icons/svg/xdr--16.svg.js                                                                                                                                                                                          2.36 kB │ gzip:  0.99 kB │ map:   3.16 kB
packages/ui-legacy build: dist/node_modules/.pnpm/recharts@3.8.1_@types_react@19.2.15_react-dom@19.2.6_react@19.2.6__react-is@19.2.6_react@19.2.6_redux@5.0.1/node_modules/recharts/es6/util/isDomainSpecifiedByUser.js                                     2.37 kB │ gzip:  0.80 kB │ map:  10.27 kB
packages/ui-legacy build: dist/components/icons/svg/money-magnet--32.svg.js                                                                                                                                                                                 2.37 kB │ gzip:  1.24 kB │ map:   3.06 kB
packages/ui-legacy build: dist/components/icons/svg/partner-cyber-frame-storage--24.svg.js                                                                                                                                                                  2.37 kB │ gzip:  1.16 kB │ map:   3.31 kB
packages/ui-legacy build: dist/components/ui/table.js                                                                                                                                                                                                       2.37 kB │ gzip:  0.71 kB │ map:   5.12 kB
packages/ui-legacy build: dist/components/ui/breadcrumb.js                                                                                                                                                                                                  2.38 kB │ gzip:  0.86 kB │ map:   4.93 kB
packages/ui-legacy build: dist/components/ui/drawer.js                                                                                                                                                                                                      2.38 kB │ gzip:  0.90 kB │ map:   5.20 kB
packages/ui-legacy build: dist/components/icons/svg/adv-backup-pack-web-hosting-server--24.svg.js                                                                                                                                                           2.38 kB │ gzip:  1.08 kB │ map:   3.43 kB
packages/ui-legacy build: dist/components/icons/svg/hyper-v-ab--24.svg.js                                                                                                                                                                                   2.39 kB │ gzip:  1.25 kB │ map:   3.21 kB
packages/ui-legacy build: dist/components/ui/combobox.js                                                                                                                                                                                                    2.40 kB │ gzip:  0.91 kB │ map:   4.41 kB
packages/ui-legacy build: dist/node_modules/.pnpm/d3-shape@3.2.0/node_modules/d3-shape/src/area.js                                                                                                                                                          2.41 kB │ gzip:  0.79 kB │ map:   6.58 kB
packages/ui-legacy build: dist/components/icons/svg/file-notarization--32.svg.js                                                                                                                                                                            2.42 kB │ gzip:  0.97 kB │ map:   3.35 kB
packages/ui-legacy build: dist/components/icons/svg/smb--24.svg.js                                                                                                                                                                                          2.43 kB │ gzip:  1.33 kB │ map:   3.05 kB
packages/ui-legacy build: dist/components/icons/svg/document-templates--16.svg.js                                                                                                                                                                           2.43 kB │ gzip:  1.15 kB │ map:   3.56 kB
packages/ui-legacy build: dist/node_modules/.pnpm/d3-scale@4.0.2/node_modules/d3-scale/src/diverging.js                                                                                                                                                     2.43 kB │ gzip:  0.83 kB │ map:   5.90 kB
packages/ui-legacy build: dist/components/icons/svg/partner-cyber-frame-storage--16.svg.js                                                                                                                                                                  2.44 kB │ gzip:  1.14 kB │ map:   3.29 kB
packages/ui-legacy build: dist/node_modules/.pnpm/use-sync-external-store@1.6.0_react@19.2.6/node_modules/use-sync-external-store/cjs/use-sync-external-store-with-selector.development.js                                                                  2.44 kB │ gzip:  0.92 kB │ map:   5.91 kB
packages/ui-legacy build: dist/components/icons/svg/reports-custom--32.svg.js                                                                                                                                                                               2.44 kB │ gzip:  1.11 kB │ map:   3.23 kB
packages/ui-legacy build: dist/node_modules/.pnpm/recharts@3.8.1_@types_react@19.2.15_react-dom@19.2.6_react@19.2.6__react-is@19.2.6_react@19.2.6_redux@5.0.1/node_modules/recharts/es6/util/tooltip/translate.js                                           2.44 kB │ gzip:  0.84 kB │ map:   6.98 kB
packages/ui-legacy build: dist/components/icons/svg/server-arm--32.svg.js                                                                                                                                                                                   2.44 kB │ gzip:  1.13 kB │ map:   3.20 kB
packages/ui-legacy build: dist/node_modules/.pnpm/d3-shape@3.2.0/node_modules/d3-shape/src/curve/monotone.js                                                                                                                                                2.44 kB │ gzip:  0.81 kB │ map:   6.40 kB
packages/ui-legacy build: dist/components/icons/svg/linux--16.svg.js                                                                                                                                                                                        2.45 kB │ gzip:  1.27 kB │ map:   3.18 kB
packages/ui-legacy build: dist/components/icons/svg/promo--24.svg.js                                                                                                                                                                                        2.45 kB │ gzip:  1.06 kB │ map:   3.20 kB
packages/ui-legacy build: dist/components/icons/svg/xdr--24.svg.js                                                                                                                                                                                          2.46 kB │ gzip:  1.02 kB │ map:   3.26 kB
packages/ui-legacy build: dist/components/icons/svg/demo-dr--16.svg.js                                                                                                                                                                                      2.46 kB │ gzip:  1.27 kB │ map:   3.47 kB
packages/ui-legacy build: dist/node_modules/.pnpm/use-sync-external-store@1.6.0_react@19.2.6/node_modules/use-sync-external-store/cjs/use-sync-external-store-shim/with-selector.development.js                                                             2.46 kB │ gzip:  0.95 kB │ map:   5.98 kB
packages/ui-legacy build: dist/components/icons/svg/ai-sparkles-color--72.svg.js                                                                                                                                                                            2.46 kB │ gzip:  1.01 kB │ map:   3.86 kB
packages/ui-legacy build: dist/components/ui/sonner.js                                                                                                                                                                                                      2.46 kB │ gzip:  0.75 kB │ map:   3.75 kB
packages/ui-legacy build: dist/components/icons/svg/storage-hot--24.svg.js                                                                                                                                                                                  2.47 kB │ gzip:  1.23 kB │ map:   3.30 kB
packages/ui-legacy build: dist/components/icons/svg/notary-o--32.svg.js                                                                                                                                                                                     2.47 kB │ gzip:  1.05 kB │ map:   3.12 kB
packages/ui-legacy build: dist/components/icons/svg/vm-hyperv-running--32.svg.js                                                                                                                                                                            2.47 kB │ gzip:  1.33 kB │ map:   3.25 kB
packages/ui-legacy build: dist/components/icons/svg/web-d-o--16.svg.js                                                                                                                                                                                      2.47 kB │ gzip:  1.34 kB │ map:   3.11 kB
packages/ui-legacy build: dist/node_modules/.pnpm/react-day-picker@10.0.1_@types_react@19.2.15_react@19.2.6/node_modules/react-day-picker/dist/esm/useCalendar.js                                                                                           2.48 kB │ gzip:  0.91 kB │ map:   7.30 kB
packages/ui-legacy build: dist/components/icons/svg/ai-sparkles-inverse-color--16.svg.js                                                                                                                                                                    2.48 kB │ gzip:  0.97 kB │ map:   3.98 kB
packages/ui-legacy build: dist/components/icons/svg/storage-cold--24.svg.js                                                                                                                                                                                 2.49 kB │ gzip:  1.24 kB │ map:   3.33 kB
packages/ui-legacy build: dist/components/icons/svg/certificate--24.svg.js                                                                                                                                                                                  2.50 kB │ gzip:  1.13 kB │ map:   3.28 kB
packages/ui-legacy build: dist/components/icons/svg/web-hosting-server-included--24.svg.js                                                                                                                                                                  2.50 kB │ gzip:  1.16 kB │ map:   3.53 kB
packages/ui-legacy build: dist/components/icons/svg/flavor--24.svg.js                                                                                                                                                                                       2.50 kB │ gzip:  1.21 kB │ map:   3.14 kB
packages/ui-legacy build: dist/components/icons/svg/ovirt-vm-running-ab--32.svg.js                                                                                                                                                                          2.51 kB │ gzip:  1.32 kB │ map:   3.36 kB
packages/ui-legacy build: dist/components/icons/svg/notary--24.svg.js                                                                                                                                                                                       2.52 kB │ gzip:  1.06 kB │ map:   3.26 kB
packages/ui-legacy build: dist/components/icons/svg/run-vm-hyperv--32.svg.js                                                                                                                                                                                2.52 kB │ gzip:  1.34 kB │ map:   3.29 kB
packages/ui-legacy build: dist/node_modules/.pnpm/victory-vendor@37.3.6/node_modules/victory-vendor/es/d3-scale.js                                                                                                                                          2.52 kB │ gzip:  0.54 kB │ map:   0.11 kB
packages/ui-legacy build: dist/node_modules/.pnpm/recharts@3.8.1_@types_react@19.2.15_react-dom@19.2.6_react@19.2.6__react-is@19.2.6_react@19.2.6_redux@5.0.1/node_modules/recharts/es6/animation/easing.js                                                 2.53 kB │ gzip:  0.99 kB │ map:   8.09 kB
packages/ui-legacy build: dist/node_modules/.pnpm/d3-scale@4.0.2/node_modules/d3-scale/src/continuous.js                                                                                                                                                    2.53 kB │ gzip:  0.94 kB │ map:   7.06 kB
packages/ui-legacy build: dist/components/icons/svg/tape-worm--32.svg.js                                                                                                                                                                                    2.53 kB │ gzip:  1.18 kB │ map:   3.44 kB
packages/ui-legacy build: dist/components/icons/svg/bucket--16.svg.js                                                                                                                                                                                       2.54 kB │ gzip:  1.33 kB │ map:   3.43 kB
packages/ui-legacy build: dist/components/icons/svg/ai-sparkles-inverse-color--32.svg.js                                                                                                                                                                    2.55 kB │ gzip:  0.98 kB │ map:   4.05 kB
packages/ui-legacy build: dist/components/icons/svg/demo-dr--24.svg.js                                                                                                                                                                                      2.56 kB │ gzip:  1.35 kB │ map:   3.31 kB
packages/ui-legacy build: dist/components/icons/svg/storage-hot--16.svg.js                                                                                                                                                                                  2.56 kB │ gzip:  1.31 kB │ map:   3.40 kB
packages/ui-legacy build: dist/components/icons/svg/bucket--32.svg.js                                                                                                                                                                                       2.57 kB │ gzip:  1.42 kB │ map:   3.23 kB
packages/ui-legacy build: dist/node_modules/.pnpm/date-fns@4.3.0/node_modules/date-fns/locale/en-US/_lib/match.js                                                                                                                                           2.57 kB │ gzip:  0.89 kB │ map:   5.63 kB
packages/ui-legacy build: dist/components/icons/svg/user-circle--16.svg.js                                                                                                                                                                                  2.57 kB │ gzip:  1.32 kB │ map:   3.53 kB
packages/ui-legacy build: dist/components/icons/svg/veil-vm-running--32.svg.js                                                                                                                                                                              2.58 kB │ gzip:  1.38 kB │ map:   3.35 kB
packages/ui-legacy build: dist/components/icons/svg/linux--24.svg.js                                                                                                                                                                                        2.58 kB │ gzip:  1.31 kB │ map:   3.32 kB
packages/ui-legacy build: dist/components/icons/svg/project-costs--32.svg.js                                                                                                                                                                                2.59 kB │ gzip:  1.02 kB │ map:   3.60 kB
packages/ui-legacy build: dist/components/icons/svg/license--32.svg.js                                                                                                                                                                                      2.59 kB │ gzip:  1.08 kB │ map:   3.33 kB
packages/ui-legacy build: dist/components/icons/svg/case-setting--24.svg.js                                                                                                                                                                                 2.59 kB │ gzip:  1.30 kB │ map:   3.37 kB
packages/ui-legacy build: dist/components/ui/pagination.js                                                                                                                                                                                                  2.60 kB │ gzip:  0.88 kB │ map:   5.31 kB
packages/ui-legacy build: dist/components/icons/svg/ai-sparkles-inverse-color--24.svg.js                                                                                                                                                                    2.60 kB │ gzip:  1.01 kB │ map:   4.10 kB
packages/ui-legacy build: dist/components/icons/svg/mobile-default-enabled-ill--96.svg.js                                                                                                                                                                   2.60 kB │ gzip:  0.86 kB │ map:   4.50 kB
packages/ui-legacy build: dist/components/icons/svg/proxmox-vm-running--32.svg.js                                                                                                                                                                           2.60 kB │ gzip:  1.29 kB │ map:   3.48 kB
packages/ui-legacy build: dist/components/icons/svg/certificate--32.svg.js                                                                                                                                                                                  2.61 kB │ gzip:  1.21 kB │ map:   3.39 kB
packages/ui-legacy build: dist/components/icons/svg/mobile-default-disabled-ill--96.svg.js                                                                                                                                                                  2.61 kB │ gzip:  0.85 kB │ map:   4.51 kB
packages/ui-legacy build: dist/node_modules/.pnpm/recharts@3.8.1_@types_react@19.2.15_react-dom@19.2.6_react@19.2.6__react-is@19.2.6_react@19.2.6_redux@5.0.1/node_modules/recharts/es6/state/selectors/selectors.js                                        2.61 kB │ gzip:  0.89 kB │ map:   8.98 kB
packages/ui-legacy build: dist/node_modules/.pnpm/use-sync-external-store@1.6.0_react@19.2.6/node_modules/use-sync-external-store/cjs/use-sync-external-store-shim.development.js                                                                           2.61 kB │ gzip:  1.04 kB │ map:   5.93 kB
packages/ui-legacy build: dist/components/icons/svg/license-solid--16.svg.js                                                                                                                                                                                2.62 kB │ gzip:  1.33 kB │ map:   3.54 kB
packages/ui-legacy build: dist/components/icons/svg/m365-shared-mailboxes-included--24.svg.js                                                                                                                                                               2.62 kB │ gzip:  1.18 kB │ map:   3.76 kB
packages/ui-legacy build: dist/components/icons/svg/money-tree--32.svg.js                                                                                                                                                                                   2.62 kB │ gzip:  1.35 kB │ map:   3.38 kB
packages/ui-legacy build: dist/components/ui/data-table/data-table.js                                                                                                                                                                                       2.64 kB │ gzip:  1.00 kB │ map:   6.63 kB
packages/ui-legacy build: dist/node_modules/.pnpm/date-fns@4.3.0/node_modules/date-fns/format.js                                                                                                                                                            2.65 kB │ gzip:  1.03 kB │ map:  28.22 kB
packages/ui-legacy build: dist/components/icons/svg/settings-d-o--16.svg.js                                                                                                                                                                                 2.65 kB │ gzip:  1.20 kB │ map:   3.54 kB
packages/ui-legacy build: dist/components/icons/svg/notarized-mix--32.svg.js                                                                                                                                                                                2.68 kB │ gzip:  1.33 kB │ map:   3.49 kB
packages/ui-legacy build: dist/node_modules/.pnpm/es-toolkit@1.47.0/node_modules/es-toolkit/dist/compat/predicate/isMatchWith.js                                                                                                                            2.68 kB │ gzip:  0.96 kB │ map:  10.31 kB
packages/ui-legacy build: dist/components/icons/svg/globe--16.svg.js                                                                                                                                                                                        2.69 kB │ gzip:  1.26 kB │ map:   3.57 kB
packages/ui-legacy build: dist/components/icons/svg/ai-chat--32.svg.js                                                                                                                                                                                      2.70 kB │ gzip:  1.20 kB │ map:   3.37 kB
packages/ui-legacy build: dist/components/icons/svg/folder-all--16.svg.js                                                                                                                                                                                   2.73 kB │ gzip:  1.37 kB │ map:   3.48 kB
packages/ui-legacy build: dist/components/icons/svg/settings--32.svg.js                                                                                                                                                                                     2.75 kB │ gzip:  1.05 kB │ map:   3.52 kB
packages/ui-legacy build: dist/components/icons/svg/linux--32.svg.js                                                                                                                                                                                        2.75 kB │ gzip:  1.42 kB │ map:   3.48 kB
packages/ui-legacy build: dist/components/icons/svg/laptop-apple-arm--32.svg.js                                                                                                                                                                             2.76 kB │ gzip:  1.35 kB │ map:   3.71 kB
packages/ui-legacy build: dist/components/icons/svg/notarized--16.svg.js                                                                                                                                                                                    2.78 kB │ gzip:  1.22 kB │ map:   3.62 kB
packages/ui-legacy build: dist/node_modules/.pnpm/d3-path@3.1.0/node_modules/d3-path/src/path.js                                                                                                                                                            2.79 kB │ gzip:  1.10 kB │ map:   8.84 kB
packages/ui-legacy build: dist/components/icons/svg/cluster-scale--32.svg.js                                                                                                                                                                                2.81 kB │ gzip:  1.40 kB │ map:   3.58 kB
packages/ui-legacy build: dist/components/icons/svg/root-setting-o--24.svg.js                                                                                                                                                                               2.81 kB │ gzip:  1.47 kB │ map:   3.48 kB
packages/ui-legacy build: dist/components/icons/svg/folder-all--32.svg.js                                                                                                                                                                                   2.81 kB │ gzip:  1.40 kB │ map:   3.57 kB
packages/ui-legacy build: dist/components/icons/svg/storage-cold--16.svg.js                                                                                                                                                                                 2.82 kB │ gzip:  1.41 kB │ map:   3.62 kB
packages/ui-legacy build: dist/node_modules/.pnpm/d3-scale@4.0.2/node_modules/d3-scale/src/log.js                                                                                                                                                           2.82 kB │ gzip:  1.15 kB │ map:   7.30 kB
packages/ui-legacy build: dist/components/icons/svg/adv-management-pack--24.svg.js                                                                                                                                                                          2.83 kB │ gzip:  1.32 kB │ map:   3.71 kB
packages/ui-legacy build: dist/components/icons/svg/user-setting--24.svg.js                                                                                                                                                                                 2.83 kB │ gzip:  1.46 kB │ map:   3.51 kB
packages/ui-legacy build: dist/components/icons/svg/folder-all--24.svg.js                                                                                                                                                                                   2.84 kB │ gzip:  1.42 kB │ map:   3.59 kB
packages/ui-legacy build: dist/components/icons/svg/ai-summaries-color--16.svg.js                                                                                                                                                                           2.87 kB │ gzip:  1.00 kB │ map:   4.47 kB
packages/ui-legacy build: dist/components/icons/svg/users--32.svg.js                                                                                                                                                                                        2.88 kB │ gzip:  1.43 kB │ map:   3.61 kB
packages/ui-legacy build: dist/node_modules/.pnpm/date-fns@4.3.0/node_modules/date-fns/locale/en-US/_lib/localize.js                                                                                                                                        2.95 kB │ gzip:  0.84 kB │ map:   7.38 kB
packages/ui-legacy build: dist/components/icons/svg/file-process--32.svg.js                                                                                                                                                                                 2.96 kB │ gzip:  1.39 kB │ map:   3.80 kB
packages/ui-legacy build: dist/components/icons/svg/volume-iso--24.svg.js                                                                                                                                                                                   2.97 kB │ gzip:  1.50 kB │ map:   3.82 kB
packages/ui-legacy build: dist/node_modules/.pnpm/recharts@3.8.1_@types_react@19.2.15_react-dom@19.2.6_react@19.2.6__react-is@19.2.6_react@19.2.6_redux@5.0.1/node_modules/recharts/es6/shape/Cross.js                                                      2.97 kB │ gzip:  1.19 kB │ map:   7.04 kB
packages/ui-legacy build: dist/components/ui/form.js                                                                                                                                                                                                        3.01 kB │ gzip:  1.12 kB │ map:   7.79 kB
packages/ui-legacy build: dist/components/icons/svg/project-budget--32.svg.js                                                                                                                                                                               3.01 kB │ gzip:  1.49 kB │ map:   3.92 kB
packages/ui-legacy build: dist/components/icons/svg/promo--32.svg.js                                                                                                                                                                                        3.02 kB │ gzip:  1.13 kB │ map:   3.95 kB
packages/ui-legacy build: dist/components/icons/svg/hyper-v--24.svg.js                                                                                                                                                                                      3.03 kB │ gzip:  1.45 kB │ map:   3.84 kB
packages/ui-legacy build: dist/components/icons/svg/file-notarized--16.svg.js                                                                                                                                                                               3.03 kB │ gzip:  1.44 kB │ map:   3.82 kB
packages/ui-legacy build: dist/components/icons/svg/ai-chat-o--32.svg.js                                                                                                                                                                                    3.04 kB │ gzip:  1.29 kB │ map:   3.82 kB
packages/ui-legacy build: dist/components/icons/svg/master-server-o--24.svg.js                                                                                                                                                                              3.05 kB │ gzip:  1.41 kB │ map:   3.72 kB
packages/ui-legacy build: dist/components/icons/svg/services-nav--24.svg.js                                                                                                                                                                                 3.05 kB │ gzip:  0.73 kB │ map:   5.09 kB
packages/ui-legacy build: dist/components/ui/widget-placeholder.js                                                                                                                                                                                          3.08 kB │ gzip:  0.81 kB │ map:   7.07 kB
packages/ui-legacy build: dist/components/icons/svg/ai-chat--72.svg.js                                                                                                                                                                                      3.10 kB │ gzip:  1.34 kB │ map:   3.76 kB
packages/ui-legacy build: dist/components/ui/checkbox.js                                                                                                                                                                                                    3.10 kB │ gzip:  0.97 kB │ map:   5.18 kB
packages/ui-legacy build: dist/components/icons/svg/agent-redhat--32.svg.js                                                                                                                                                                                 3.10 kB │ gzip:  1.50 kB │ map:   3.76 kB
packages/ui-legacy build: dist/components/icons/svg/settings-ab--32.svg.js                                                                                                                                                                                  3.11 kB │ gzip:  1.43 kB │ map:   3.89 kB
packages/ui-legacy build: dist/components/ui/alert-dialog.js                                                                                                                                                                                                3.12 kB │ gzip:  1.01 kB │ map:   6.87 kB
packages/ui-legacy build: dist/components/icons/svg/ai-summaries-color--24.svg.js                                                                                                                                                                           3.12 kB │ gzip:  1.15 kB │ map:   4.72 kB
packages/ui-legacy build: dist/components/icons/svg/settings-o--24.svg.js                                                                                                                                                                                   3.12 kB │ gzip:  1.18 kB │ map:   3.90 kB
packages/ui-legacy build: dist/components/icons/svg/services-nav-dark--24.svg.js                                                                                                                                                                            3.13 kB │ gzip:  0.74 kB │ map:   5.18 kB
packages/ui-legacy build: dist/node_modules/.pnpm/recharts@3.8.1_@types_react@19.2.15_react-dom@19.2.6_react@19.2.6__react-is@19.2.6_react@19.2.6_redux@5.0.1/node_modules/recharts/es6/util/excludeEventProps.js                                           3.13 kB │ gzip:  0.77 kB │ map:   4.68 kB
packages/ui-legacy build: dist/node_modules/.pnpm/react-day-picker@10.0.1_@types_react@19.2.15_react@19.2.6/node_modules/react-day-picker/dist/esm/useAnimation.js                                                                                          3.13 kB │ gzip:  1.17 kB │ map:  12.74 kB
packages/ui-legacy build: dist/components/ui/widget-alert.js                                                                                                                                                                                                3.15 kB │ gzip:  0.92 kB │ map:   7.16 kB
packages/ui-legacy build: dist/components/icons/svg/standard-pack-office-365-management--16.svg.js                                                                                                                                                          3.16 kB │ gzip:  1.54 kB │ map:   4.15 kB
packages/ui-legacy build: dist/components/icons/svg/ai-summaries-color--32.svg.js                                                                                                                                                                           3.17 kB │ gzip:  1.19 kB │ map:   4.77 kB
packages/ui-legacy build: dist/components/icons/svg/subscriptions--24.svg.js                                                                                                                                                                                3.17 kB │ gzip:  1.63 kB │ map:   3.92 kB
packages/ui-legacy build: dist/node_modules/.pnpm/recharts@3.8.1_@types_react@19.2.15_react-dom@19.2.6_react@19.2.6__react-is@19.2.6_react@19.2.6_redux@5.0.1/node_modules/recharts/es6/animation/configUpdate.js                                           3.19 kB │ gzip:  1.26 kB │ map:  10.95 kB
packages/ui-legacy build: dist/components/icons/svg/standard-pack-office-365-management--24.svg.js                                                                                                                                                          3.25 kB │ gzip:  1.60 kB │ map:   4.17 kB
packages/ui-legacy build: dist/node_modules/.pnpm/d3-format@3.1.2/node_modules/d3-format/src/locale.js                                                                                                                                                      3.25 kB │ gzip:  1.39 kB │ map:  10.74 kB
packages/ui-legacy build: dist/components/icons/svg/server-master--24.svg.js                                                                                                                                                                                3.27 kB │ gzip:  1.47 kB │ map:   4.21 kB
packages/ui-legacy build: dist/components/icons/svg/users--24.svg.js                                                                                                                                                                                        3.30 kB │ gzip:  1.50 kB │ map:   4.24 kB
packages/ui-legacy build: dist/components/icons/svg/settings-default--32.svg.js                                                                                                                                                                             3.34 kB │ gzip:  1.58 kB │ map:   4.20 kB
packages/ui-legacy build: dist/components/icons/svg/acronis-support--24.svg.js                                                                                                                                                                              3.37 kB │ gzip:  1.71 kB │ map:   4.15 kB
packages/ui-legacy build: dist/node_modules/.pnpm/recharts@3.8.1_@types_react@19.2.15_react-dom@19.2.6_react@19.2.6__react-is@19.2.6_react@19.2.6_redux@5.0.1/node_modules/recharts/es6/state/selectors/selectChartOffsetInternal.js                        3.37 kB │ gzip:  1.28 kB │ map:   8.98 kB
packages/ui-legacy build: dist/components/ui/widget.js                                                                                                                                                                                                      3.40 kB │ gzip:  1.01 kB │ map:   7.51 kB
packages/ui-legacy build: dist/components/icons/svg/ai-chat-o--72.svg.js                                                                                                                                                                                    3.41 kB │ gzip:  1.45 kB │ map:   4.20 kB
packages/ui-legacy build: dist/components/icons/svg/sale-tray--32.svg.js                                                                                                                                                                                    3.45 kB │ gzip:  1.36 kB │ map:   4.46 kB
packages/ui-legacy build: dist/components/ui/widget-progress-chunks.js                                                                                                                                                                                      3.48 kB │ gzip:  1.10 kB │ map:   8.02 kB
packages/ui-legacy build: dist/components/icons/svg/folder-ill--72.svg.js                                                                                                                                                                                   3.51 kB │ gzip:  1.09 kB │ map:   5.29 kB
packages/ui-legacy build: dist/components/ui/widget-protection-status.js                                                                                                                                                                                    3.51 kB │ gzip:  1.01 kB │ map:   7.82 kB
packages/ui-legacy build: dist/components/ui/secondary-menu.js                                                                                                                                                                                              3.53 kB │ gzip:  1.12 kB │ map:   7.56 kB
packages/ui-legacy build: dist/components/icons/svg/discount--16.svg.js                                                                                                                                                                                     3.56 kB │ gzip:  1.29 kB │ map:   4.83 kB
packages/ui-legacy build: dist/components/ui/dialog.js                                                                                                                                                                                                      3.57 kB │ gzip:  1.23 kB │ map:   7.23 kB
packages/ui-legacy build: dist/components/ui/widget-protection-summary.js                                                                                                                                                                                   3.58 kB │ gzip:  1.06 kB │ map:   7.83 kB
packages/ui-legacy build: dist/node_modules/.pnpm/@tanstack_react-table@8.21.3_react-dom@19.2.6_react@19.2.6__react@19.2.6/node_modules/@tanstack/react-table/build/lib/index.js                                                                            3.60 kB │ gzip:  1.44 kB │ map:   4.01 kB
packages/ui-legacy build: dist/components/icons/svg/unknown-disabled-ill--96.svg.js                                                                                                                                                                         3.61 kB │ gzip:  1.31 kB │ map:   5.55 kB
packages/ui-legacy build: dist/components/icons/svg/laptop-default-disabled-ill--96.svg.js                                                                                                                                                                  3.61 kB │ gzip:  0.93 kB │ map:   6.23 kB
packages/ui-legacy build: dist/components/ui/sheet.js                                                                                                                                                                                                       3.62 kB │ gzip:  1.28 kB │ map:   6.66 kB
packages/ui-legacy build: dist/components/icons/svg/unknown-enabled-ill--96.svg.js                                                                                                                                                                          3.62 kB │ gzip:  1.33 kB │ map:   5.56 kB
packages/ui-legacy build: dist/node_modules/.pnpm/recharts@3.8.1_@types_react@19.2.15_react-dom@19.2.6_react@19.2.6__react-is@19.2.6_react@19.2.6_redux@5.0.1/node_modules/recharts/es6/state/zIndexSlice.js                                                3.63 kB │ gzip:  1.20 kB │ map:   8.71 kB
packages/ui-legacy build: dist/components/icons/svg/laptop-default-enabled-ill--96.svg.js                                                                                                                                                                   3.64 kB │ gzip:  0.95 kB │ map:   6.28 kB
packages/ui-legacy build: dist/components/icons/svg/server-disabled-ill--96.svg.js                                                                                                                                                                          3.66 kB │ gzip:  0.97 kB │ map:   5.46 kB
packages/ui-legacy build: dist/components/ui/widget-progress-tiers.js                                                                                                                                                                                       3.77 kB │ gzip:  1.17 kB │ map:   8.83 kB
packages/ui-legacy build: dist/node_modules/.pnpm/recharts@3.8.1_@types_react@19.2.15_react-dom@19.2.6_react@19.2.6__react-is@19.2.6_react@19.2.6_redux@5.0.1/node_modules/recharts/es6/util/scale/getNiceTickValues.js                                     3.77 kB │ gzip:  1.40 kB │ map:  17.10 kB
packages/ui-legacy build: dist/components/icons/svg/laptop-windows-enabled-ill--96.svg.js                                                                                                                                                                   3.78 kB │ gzip:  0.99 kB │ map:   6.49 kB
packages/ui-legacy build: dist/components/icons/svg/laptop-windows-disabled-ill--96.svg.js                                                                                                                                                                  3.79 kB │ gzip:  0.99 kB │ map:   6.50 kB
packages/ui-legacy build: dist/components/ui/data-table/data-table-pagination.js                                                                                                                                                                            3.88 kB │ gzip:  0.96 kB │ map:   6.16 kB
packages/ui-legacy build: dist/components/ui/command.js                                                                                                                                                                                                     3.90 kB │ gzip:  1.24 kB │ map:   7.75 kB
packages/ui-legacy build: dist/components/icons/svg/vm-arm--32.svg.js                                                                                                                                                                                       3.90 kB │ gzip:  1.31 kB │ map:   4.89 kB
packages/ui-legacy build: dist/components/icons/svg/laptop-vm-enabled-ill--96.svg.js                                                                                                                                                                        3.91 kB │ gzip:  1.09 kB │ map:   6.59 kB
packages/ui-legacy build: dist/components/icons/svg/laptop-vm-disabled-ill--96.svg.js                                                                                                                                                                       3.92 kB │ gzip:  1.09 kB │ map:   6.61 kB
packages/ui-legacy build: dist/components/icons/svg/settings-nav--24.svg.js                                                                                                                                                                                 3.96 kB │ gzip:  1.17 kB │ map:   5.07 kB
packages/ui-legacy build: dist/components/ui/navigation-menu.js                                                                                                                                                                                             3.97 kB │ gzip:  1.29 kB │ map:   7.58 kB
packages/ui-legacy build: dist/components/ui/widget-text.js                                                                                                                                                                                                 3.98 kB │ gzip:  1.13 kB │ map:   8.52 kB
packages/ui-legacy build: dist/components/icons/svg/settings-nav-dark--24.svg.js                                                                                                                                                                            3.98 kB │ gzip:  1.18 kB │ map:   5.12 kB
packages/ui-legacy build: dist/components/ui/widget-table-data.js                                                                                                                                                                                           3.99 kB │ gzip:  0.99 kB │ map:   9.23 kB
packages/ui-legacy build: dist/node_modules/.pnpm/react-day-picker@10.0.1_@types_react@19.2.15_react@19.2.6/node_modules/react-day-picker/dist/esm/noonDateLib.js                                                                                           4.04 kB │ gzip:  1.05 kB │ map:  11.10 kB
packages/ui-legacy build: dist/components/icons/svg/notary-o--16.svg.js                                                                                                                                                                                     4.14 kB │ gzip:  2.01 kB │ map:   5.01 kB
packages/ui-legacy build: dist/components/ui/tree.js                                                                                                                                                                                                        4.19 kB │ gzip:  1.40 kB │ map:  10.29 kB
packages/ui-legacy build: dist/components/icons/svg/license--16.svg.js                                                                                                                                                                                      4.21 kB │ gzip:  2.06 kB │ map:   5.17 kB
packages/ui-legacy build: dist/node_modules/.pnpm/recharts@3.8.1_@types_react@19.2.15_react-dom@19.2.6_react@19.2.6__react-is@19.2.6_react@19.2.6_redux@5.0.1/node_modules/recharts/es6/component/TooltipBoundingBox.js                                     4.24 kB │ gzip:  1.65 kB │ map:  10.25 kB
packages/ui-legacy build: dist/node_modules/.pnpm/@date-fns_tz@1.5.0/node_modules/@date-fns/tz/date/mini.js                                                                                                                                                 4.31 kB │ gzip:  1.50 kB │ map:  24.84 kB
packages/ui-legacy build: dist/node_modules/.pnpm/eventemitter3@5.0.4/node_modules/eventemitter3/index2.js                                                                                                                                                  4.31 kB │ gzip:  1.33 kB │ map:  14.38 kB
packages/ui-legacy build: dist/components/icons/svg/desktop-default-disabled-ill--96.svg.js                                                                                                                                                                 4.38 kB │ gzip:  1.07 kB │ map:   7.19 kB
packages/ui-legacy build: dist/components/icons/svg/run-proxmox-vm--32.svg.js                                                                                                                                                                               4.39 kB │ gzip:  2.13 kB │ map:   5.16 kB
packages/ui-legacy build: dist/components/icons/svg/kubernetes-o--16.svg.js                                                                                                                                                                                 4.42 kB │ gzip:  2.17 kB │ map:   5.31 kB
packages/ui-legacy build: dist/components/icons/svg/desktop-default-enabled-ill--96.svg.js                                                                                                                                                                  4.46 kB │ gzip:  1.08 kB │ map:   7.30 kB
packages/ui-legacy build: dist/node_modules/.pnpm/es-toolkit@1.47.0/node_modules/es-toolkit/dist/object/cloneDeepWith.js                                                                                                                                    4.50 kB │ gzip:  1.28 kB │ map:  13.15 kB
packages/ui-legacy build: dist/node_modules/.pnpm/recharts@3.8.1_@types_react@19.2.15_react-dom@19.2.6_react@19.2.6__react-is@19.2.6_react@19.2.6_redux@5.0.1/node_modules/recharts/es6/component/Cursor.js                                                 4.51 kB │ gzip:  1.64 kB │ map:  10.81 kB
packages/ui-legacy build: dist/components/icons/svg/desktop-windows-enabled-ill--96.svg.js                                                                                                                                                                  4.52 kB │ gzip:  1.12 kB │ map:   7.37 kB
packages/ui-legacy build: dist/components/icons/svg/desktop-windows-disabled-ill--96.svg.js                                                                                                                                                                 4.53 kB │ gzip:  1.12 kB │ map:   7.38 kB
packages/ui-legacy build: dist/node_modules/.pnpm/recharts@3.8.1_@types_react@19.2.15_react-dom@19.2.6_react@19.2.6__react-is@19.2.6_react@19.2.6_redux@5.0.1/node_modules/recharts/es6/shape/Symbols.js                                                    4.55 kB │ gzip:  1.62 kB │ map:  10.17 kB
packages/ui-legacy build: dist/components/icons/svg/laptop-mac-book-disabled-ill--96.svg.js                                                                                                                                                                 4.59 kB │ gzip:  1.44 kB │ map:   7.25 kB
packages/ui-legacy build: dist/components/icons/svg/laptop-mac-book-enabled-ill--96.svg.js                                                                                                                                                                  4.61 kB │ gzip:  1.44 kB │ map:   7.28 kB
packages/ui-legacy build: dist/components/icons/svg/desktop-vm-disabled-ill--96.svg.js                                                                                                                                                                      4.66 kB │ gzip:  1.21 kB │ map:   7.49 kB
packages/ui-legacy build: dist/node_modules/.pnpm/recharts@3.8.1_@types_react@19.2.15_react-dom@19.2.6_react@19.2.6__react-is@19.2.6_react@19.2.6_redux@5.0.1/node_modules/recharts/es6/component/DefaultTooltipContent.js                                  4.67 kB │ gzip:  1.71 kB │ map:  11.66 kB
packages/ui-legacy build: dist/node_modules/.pnpm/recharts@3.8.1_@types_react@19.2.15_react-dom@19.2.6_react@19.2.6__react-is@19.2.6_react@19.2.6_redux@5.0.1/node_modules/recharts/es6/state/tooltipSlice.js                                               4.69 kB │ gzip:  1.11 kB │ map:  11.93 kB
packages/ui-legacy build: dist/components/ui/carousel.js                                                                                                                                                                                                    4.70 kB │ gzip:  1.50 kB │ map:  10.85 kB
packages/ui-legacy build: dist/components/icons/svg/workstation-ill--72.svg.js                                                                                                                                                                              4.71 kB │ gzip:  1.12 kB │ map:   7.73 kB
packages/ui-legacy build: dist/components/icons/svg/desktop-vm-enabled-ill--96.svg.js                                                                                                                                                                       4.72 kB │ gzip:  1.22 kB │ map:   7.63 kB
packages/ui-legacy build: dist/components/icons/svg/spiceworks--24.svg.js                                                                                                                                                                                   4.79 kB │ gzip:  2.32 kB │ map:   5.45 kB
packages/ui-legacy build: dist/node_modules/.pnpm/recharts@3.8.1_@types_react@19.2.15_react-dom@19.2.6_react@19.2.6__react-is@19.2.6_react@19.2.6_redux@5.0.1/node_modules/recharts/es6/state/selectors/polarAxisSelectors.js                               4.80 kB │ gzip:  1.66 kB │ map:  12.43 kB
packages/ui-legacy build: dist/components/icons/svg/laptop-linux-enabled-ill--96.svg.js                                                                                                                                                                     5.00 kB │ gzip:  1.64 kB │ map:   7.70 kB
packages/ui-legacy build: dist/node_modules/.pnpm/recharts@3.8.1_@types_react@19.2.15_react-dom@19.2.6_react@19.2.6__react-is@19.2.6_react@19.2.6_redux@5.0.1/node_modules/recharts/es6/shape/Curve.js                                                      5.00 kB │ gzip:  1.73 kB │ map:  11.99 kB
packages/ui-legacy build: dist/components/icons/svg/laptop-linux-disabled-ill--96.svg.js                                                                                                                                                                    5.01 kB │ gzip:  1.64 kB │ map:   7.71 kB
packages/ui-legacy build: dist/components/icons/svg/website-disabled-ill--96.svg.js                                                                                                                                                                         5.02 kB │ gzip:  1.18 kB │ map:   8.26 kB
packages/ui-legacy build: dist/components/icons/svg/aws--24.svg.js                                                                                                                                                                                          5.04 kB │ gzip:  2.47 kB │ map:   5.92 kB
packages/ui-legacy build: dist/components/icons/svg/website-enabled-ill--96.svg.js                                                                                                                                                                          5.04 kB │ gzip:  1.19 kB │ map:   8.27 kB
packages/ui-legacy build: dist/components/icons/svg/aws--32.svg.js                                                                                                                                                                                          5.12 kB │ gzip:  2.53 kB │ map:   6.00 kB
packages/ui-legacy build: dist/components/icons/svg/desktop-imac-disabled-ill--96.svg.js                                                                                                                                                                    5.20 kB │ gzip:  1.53 kB │ map:   8.28 kB
packages/ui-legacy build: dist/node_modules/.pnpm/recharts@3.8.1_@types_react@19.2.15_react-dom@19.2.6_react@19.2.6__react-is@19.2.6_react@19.2.6_redux@5.0.1/node_modules/recharts/es6/shape/Sector.js                                                     5.26 kB │ gzip:  1.69 kB │ map:  15.68 kB
packages/ui-legacy build: dist/node_modules/.pnpm/recharts@3.8.1_@types_react@19.2.15_react-dom@19.2.6_react@19.2.6__react-is@19.2.6_react@19.2.6_redux@5.0.1/node_modules/recharts/es6/component/Tooltip.js                                                5.32 kB │ gzip:  1.92 kB │ map:  14.43 kB
packages/ui-legacy build: dist/components/icons/svg/asz-ill--72.svg.js                                                                                                                                                                                      5.39 kB │ gzip:  1.49 kB │ map:   8.62 kB
packages/ui-legacy build: dist/components/icons/svg/desktop-imac-enabled-ill--96.svg.js                                                                                                                                                                     5.42 kB │ gzip:  1.57 kB │ map:   8.57 kB
packages/ui-legacy build: dist/components/ui/select.js                                                                                                                                                                                                      5.43 kB │ gzip:  1.63 kB │ map:  10.17 kB
packages/ui-legacy build: dist/node_modules/.pnpm/recharts@3.8.1_@types_react@19.2.15_react-dom@19.2.6_react@19.2.6__react-is@19.2.6_react@19.2.6_redux@5.0.1/node_modules/recharts/es6/component/DefaultLegendContent.js                                   5.48 kB │ gzip:  1.87 kB │ map:  12.95 kB
packages/ui-legacy build: dist/node_modules/.pnpm/recharts@3.8.1_@types_react@19.2.15_react-dom@19.2.6_react@19.2.6__react-is@19.2.6_react@19.2.6_redux@5.0.1/node_modules/recharts/es6/state/selectors/combiners/combineTooltipPayload.js                  5.51 kB │ gzip:  1.96 kB │ map:  13.83 kB
packages/ui-legacy build: dist/components/ui/dropdown-menu.js                                                                                                                                                                                               5.67 kB │ gzip:  1.47 kB │ map:  11.10 kB
packages/ui-legacy build: dist/components/icons/svg/skull--32.svg.js                                                                                                                                                                                        5.68 kB │ gzip:  2.64 kB │ map:   6.42 kB
packages/ui-legacy build: dist/components/ui/field.js                                                                                                                                                                                                       5.71 kB │ gzip:  1.60 kB │ map:   9.80 kB
packages/ui-legacy build: dist/components/icons/svg/desktop-linux-enabled-ill--96.svg.js                                                                                                                                                                    5.73 kB │ gzip:  1.77 kB │ map:   8.58 kB
packages/ui-legacy build: dist/components/icons/svg/desktop-linux-disabled-ill--96.svg.js                                                                                                                                                                   5.75 kB │ gzip:  1.76 kB │ map:   8.60 kB
packages/ui-legacy build: dist/node_modules/.pnpm/recharts@3.8.1_@types_react@19.2.15_react-dom@19.2.6_react@19.2.6__react-is@19.2.6_react@19.2.6_redux@5.0.1/node_modules/recharts/es6/component/Legend.js                                                 5.77 kB │ gzip:  2.03 kB │ map:  15.27 kB
packages/ui-legacy build: dist/node_modules/.pnpm/recharts@3.8.1_@types_react@19.2.15_react-dom@19.2.6_react@19.2.6__react-is@19.2.6_react@19.2.6_redux@5.0.1/node_modules/recharts/es6/component/ResponsiveContainer.js                                    5.85 kB │ gzip:  2.17 kB │ map:  16.41 kB
packages/ui-legacy build: dist/node_modules/.pnpm/recharts@3.8.1_@types_react@19.2.15_react-dom@19.2.6_react@19.2.6__react-is@19.2.6_react@19.2.6_redux@5.0.1/node_modules/recharts/es6/util/svgPropertiesNoEvents.js                                       5.88 kB │ gzip:  2.18 kB │ map:  11.25 kB
packages/ui-legacy build: dist/components/icons/svg/acronis-cloud-ill--72.svg.js                                                                                                                                                                            5.94 kB │ gzip:  1.67 kB │ map:   9.20 kB
packages/ui-legacy build: dist/components/icons/svg/kubernetes-o--24.svg.js                                                                                                                                                                                 5.97 kB │ gzip:  2.94 kB │ map:   6.63 kB
packages/ui-legacy build: dist/node_modules/.pnpm/recharts@3.8.1_@types_react@19.2.15_react-dom@19.2.6_react@19.2.6__react-is@19.2.6_react@19.2.6_redux@5.0.1/node_modules/recharts/es6/util/ChartUtils.js                                                  6.25 kB │ gzip:  2.15 kB │ map:  25.99 kB
packages/ui-legacy build: dist/components/icons/svg/server-enabled-ill--96.svg.js                                                                                                                                                                           6.48 kB │ gzip:  1.19 kB │ map:  10.10 kB
packages/ui-legacy build: dist/node_modules/.pnpm/reselect@5.1.1/node_modules/reselect/dist/reselect.js                                                                                                                                                     6.56 kB │ gzip:  2.35 kB │ map:  30.46 kB
packages/ui-legacy build: dist/components/ui/calendar.js                                                                                                                                                                                                    6.84 kB │ gzip:  2.05 kB │ map:  11.62 kB
packages/ui-legacy build: dist/components/icons/svg/network-folder-ill--72.svg.js                                                                                                                                                                           7.01 kB │ gzip:  1.44 kB │ map:  10.91 kB
packages/ui-legacy build: dist/node_modules/.pnpm/recharts@3.8.1_@types_react@19.2.15_react-dom@19.2.6_react@19.2.6__react-is@19.2.6_react@19.2.6_redux@5.0.1/node_modules/recharts/es6/state/selectors/tooltipSelectors.js                                 7.04 kB │ gzip:  2.31 kB │ map:  23.76 kB
packages/ui-legacy build: dist/node_modules/.pnpm/recharts@3.8.1_@types_react@19.2.15_react-dom@19.2.6_react@19.2.6__react-is@19.2.6_react@19.2.6_redux@5.0.1/node_modules/recharts/es6/shape/Rectangle.js                                                  7.07 kB │ gzip:  2.48 kB │ map:  21.06 kB
packages/ui-legacy build: dist/components/icons/svg/external-drive-ill--72.svg.js                                                                                                                                                                           7.31 kB │ gzip:  1.94 kB │ map:  10.54 kB
packages/ui-legacy build: dist/components/ui/chart.js                                                                                                                                                                                                       8.02 kB │ gzip:  2.51 kB │ map:  17.30 kB
packages/ui-legacy build: dist/components/icons/svg/globe-disabled-ill--96.svg.js                                                                                                                                                                           8.40 kB │ gzip:  2.10 kB │ map:  13.03 kB
packages/ui-legacy build: dist/components/icons/svg/printer-enabled-ill--96.svg.js                                                                                                                                                                          8.45 kB │ gzip:  1.81 kB │ map:  13.62 kB
packages/ui-legacy build: dist/components/icons/svg/printer-disabled-ill--96.svg.js                                                                                                                                                                         8.47 kB │ gzip:  1.81 kB │ map:  13.65 kB
packages/ui-legacy build: dist/components/icons/svg/globe-enabled-ill--96.svg.js                                                                                                                                                                            8.52 kB │ gzip:  2.11 kB │ map:  13.08 kB
packages/ui-legacy build: dist/components/icons/svg/external-devices-enabled-ill--96.svg.js                                                                                                                                                                 8.97 kB │ gzip:  1.94 kB │ map:  13.88 kB
packages/ui-legacy build: dist/node_modules/.pnpm/react-hook-form@7.76.1_react@19.2.6/node_modules/react-hook-form/dist/index.esm.js                                                                                                                        9.06 kB │ gzip:  3.10 kB │ map: 136.46 kB
packages/ui-legacy build: dist/components/icons/svg/external-devices-disabled-ill--96.svg.js                                                                                                                                                                9.07 kB │ gzip:  1.96 kB │ map:  14.08 kB
packages/ui-legacy build: dist/node_modules/.pnpm/d3-color@3.1.0/node_modules/d3-color/src/color.js                                                                                                                                                         9.19 kB │ gzip:  3.33 kB │ map:  21.96 kB
packages/ui-legacy build: dist/components/icons/svg/swiss-drive-ill--72.svg.js                                                                                                                                                                              9.27 kB │ gzip:  1.66 kB │ map:  14.18 kB
packages/ui-legacy build: dist/components/icons/svg/notarized-folder-ill--72.svg.js                                                                                                                                                                        11.46 kB │ gzip:  2.80 kB │ map:  15.37 kB
packages/ui-legacy build: dist/node_modules/.pnpm/@reduxjs_toolkit@2.12.0_react-redux@9.3.0_@types_react@19.2.15_react@19.2.6_redux@5.0.1__react@19.2.6/node_modules/@reduxjs/toolkit/dist/redux-toolkit.modern.js                                         11.76 kB │ gzip:  3.44 kB │ map:  94.56 kB
packages/ui-legacy build: dist/node_modules/.pnpm/d3-time-format@4.1.0/node_modules/d3-time-format/src/locale.js                                                                                                                                           12.06 kB │ gzip:  3.01 kB │ map:  39.23 kB
packages/ui-legacy build: dist/node_modules/.pnpm/react-day-picker@10.0.1_@types_react@19.2.15_react@19.2.6/node_modules/react-day-picker/dist/esm/classes/DateLib.js                                                                                      12.33 kB │ gzip:  2.37 kB │ map:  29.42 kB
packages/ui-legacy build: dist/node_modules/.pnpm/immer@10.2.0/node_modules/immer/dist/immer.js                                                                                                                                                            15.05 kB │ gzip:  5.15 kB │ map:  56.00 kB
packages/ui-legacy build: dist/node_modules/.pnpm/cmdk@1.1.1_@types_react-dom@19.2.3_@types_react@19.2.15__@types_react@19.2.15_react-dom_7da9dd6d0abe551ebf468d120771408a/node_modules/cmdk/dist/index.js                                                 15.30 kB │ gzip:  4.95 kB │ map:  27.76 kB
packages/ui-legacy build: dist/node_modules/.pnpm/date-fns@4.3.0/node_modules/date-fns/_lib/format/formatters.js                                                                                                                                           15.31 kB │ gzip:  2.77 kB │ map:  36.93 kB
packages/ui-legacy build: dist/components/icons/svg/hdd-ill--72.svg.js                                                                                                                                                                                     15.33 kB │ gzip:  2.57 kB │ map:  22.43 kB
packages/ui-legacy build: dist/node_modules/.pnpm/react-day-picker@10.0.1_@types_react@19.2.15_react@19.2.6/node_modules/react-day-picker/dist/esm/DayPicker.js                                                                                            15.47 kB │ gzip:  4.31 kB │ map:  39.76 kB
packages/ui-legacy build: dist/node_modules/.pnpm/immer@11.1.8/node_modules/immer/dist/immer.js                                                                                                                                                            16.90 kB │ gzip:  5.88 kB │ map:  72.65 kB
packages/ui-legacy build: dist/components/ui/sidebar.js                                                                                                                                                                                                    18.88 kB │ gzip:  4.43 kB │ map:  36.26 kB
packages/ui-legacy build: dist/node_modules/.pnpm/decimal.js-light@2.5.1/node_modules/decimal.js-light/decimal.js                                                                                                                                          19.70 kB │ gzip:  6.80 kB │ map:  80.41 kB
packages/ui-legacy build: dist/node_modules/.pnpm/embla-carousel@8.6.0/node_modules/embla-carousel/esm/embla-carousel.esm.js                                                                                                                               26.83 kB │ gzip:  8.65 kB │ map:  92.57 kB
packages/ui-legacy build: dist/node_modules/.pnpm/recharts@3.8.1_@types_react@19.2.15_react-dom@19.2.6_react@19.2.6__react-is@19.2.6_react@19.2.6_redux@5.0.1/node_modules/recharts/es6/state/selectors/axisSelectors.js                                   28.86 kB │ gzip:  8.04 kB │ map:  96.73 kB
packages/ui-legacy build: dist/node_modules/.pnpm/vaul@1.1.2_@types_react-dom@19.2.3_@types_react@19.2.15__@types_react@19.2.15_react-dom_233448949f70b1fc5c438c8c9a472038/node_modules/vaul/dist/index.js                                                 38.77 kB │ gzip: 10.30 kB │ map: 120.62 kB
packages/ui-legacy build: dist/node_modules/.pnpm/react-resizable-panels@4.11.2_react-dom@19.2.6_react@19.2.6__react@19.2.6/node_modules/react-resizable-panels/dist/react-resizable-panels.js                                                             52.63 kB │ gzip: 14.02 kB │ map: 107.78 kB
packages/ui-legacy build: dist/react.js                                                                                                                                                                                                                    76.38 kB │ gzip: 18.52 kB │ map:   0.17 kB
packages/ui-legacy build: dist/index.js                                                                                                                                                                                                                    76.90 kB │ gzip: 18.77 kB │ map:   0.17 kB
packages/ui-legacy build: dist/node_modules/.pnpm/@tanstack_table-core@8.21.3/node_modules/@tanstack/table-core/build/lib/index.js                                                                                                                         77.17 kB │ gzip: 17.33 kB │ map: 229.58 kB
packages/ui-legacy build: dist/node_modules/.pnpm/tailwind-merge@3.6.0/node_modules/tailwind-merge/dist/bundle-mjs.js                                                                                                                                      80.29 kB │ gzip: 13.86 kB │ map: 163.37 kB
packages/ui-legacy build: dist/components/icons/auto-generated.js                                                                                                                                                                                         372.09 kB │ gzip: 34.58 kB │ map: 875.47 kB
packages/ui-legacy build: [unplugin:dts] Declaration files built in 33501ms.
packages/ui-legacy build: ✓ built in 39.71s
packages/ui-legacy build: > @acronis-platform/shadcn-uikit@0.36.3 build:full-css /Users/Mladen.Tsvetkov/projects/ui-kit/uikit/packages/ui-legacy
packages/ui-legacy build: > tsx scripts/build-full-css.ts
packages/ui-legacy build: ≈ tailwindcss v4.3.0
packages/ui-legacy build: Done in 125ms
packages/ui-legacy build: ✓ Generated full unpurged CSS bundle
packages/ui-legacy build: > @acronis-platform/shadcn-uikit@0.36.3 build:llms /Users/Mladen.Tsvetkov/projects/ui-kit/uikit/packages/ui-legacy
packages/ui-legacy build: > tsx scripts/generate-llms-txt.ts
packages/ui-legacy build: ✓ Generated llms.txt successfully at: /Users/Mladen.Tsvetkov/projects/ui-kit/uikit/packages/ui-legacy/dist/llms.txt
packages/ui-legacy build: Done
apps/demos build$ echo "no build (consumed via source by demo/docs)" && exit 0
packages/icons-svg build$ echo "no build (raw SVG source package)" && exit 0
packages/design-assets build$ echo "no build (JSON data package)" && exit 0
packages/icons-svg-next build$ echo "no build (raw SVG source package)" && exit 0
apps/demos build: no build (consumed via source by demo/docs)
packages/icons-svg build: no build (raw SVG source package)
packages/design-assets build: no build (JSON data package)
packages/icons-svg build: Done
apps/demos build: Done
packages/icons-svg-next build: no build (raw SVG source package)
packages/design-assets build: Done
packages/icons-svg-next build: Done
apps/demo build$ vite build
tools/style-dictionary build$ tsx src/index.ts
packages/icons-react build$ pnpm run generate && vite build -c vite.lib.config.ts
packages/icons-sprite build$ tsx scripts/generate-sprite.ts
packages/icons-react build: > @acronis-platform/icons-react@0.5.0 generate /Users/Mladen.Tsvetkov/projects/ui-kit/uikit/packages/icons-react
packages/icons-react build: > tsx scripts/generate-icons.ts && tsx scripts/generate-legacy-map.ts
apps/demo build: vite v6.4.2 building for production...
apps/demo build: transforming...
packages/icons-react build: ✓ icons-react: stroke-mono — 392 icons
packages/icons-react build: ✓ icons-react: solid-mono — 69 icons
packages/icons-react build: ✓ icons-react: stroke-multi — 15 icons
packages/icons-react build: ✓ icons-react: solid-multi — 1 icons
packages/icons-react build: legacy-icon-map.json: 1079 mapped, 49 colored, 16 unresolved (of 1144)
packages/icons-sprite build: 🎨 Generating icon sprites...
packages/icons-sprite build: 📦 Found 1783 monocolor icons
packages/icons-sprite build: 📦 Found 299 multicolor icons
tools/style-dictionary build: ✓ ../../packages/tokens-pd/dtcg/primitives-light.json
tools/style-dictionary build: ✓ ../../packages/tokens-pd/dtcg/primitives-dark.json
tools/style-dictionary build: ✓ ../../packages/tokens-pd/dtcg/semantics-acronis.json
tools/style-dictionary build: ✓ ../../packages/tokens-pd/dtcg/components-acronis.json
tools/style-dictionary build: ✓ ../../packages/tokens-pd/dtcg/semantics-deep-sky.json
tools/style-dictionary build: ✓ ../../packages/tokens-pd/dtcg/components-deep-sky.json
tools/style-dictionary build: ✓ ../../packages/tokens-pd/css/acronis.css
tools/style-dictionary build: ✓ ../../packages/tokens-pd/css/Avatar/acronis.css
tools/style-dictionary build: ✓ ../../packages/tokens-pd/css/Breadcrumb/acronis.css
tools/style-dictionary build: ✓ ../../packages/tokens-pd/css/Button/acronis.css
tools/style-dictionary build: ✓ ../../packages/tokens-pd/css/ButtonIcon/acronis.css
tools/style-dictionary build: ✓ ../../packages/tokens-pd/css/ButtonMenu/acronis.css
tools/style-dictionary build: ✓ ../../packages/tokens-pd/css/CardFilter/acronis.css
tools/style-dictionary build: ✓ ../../packages/tokens-pd/css/Checkbox/acronis.css
tools/style-dictionary build: ✓ ../../packages/tokens-pd/css/Chips/acronis.css
tools/style-dictionary build: ✓ ../../packages/tokens-pd/css/InputDatePicker/acronis.css
tools/style-dictionary build: ✓ ../../packages/tokens-pd/css/InputSearch/acronis.css
tools/style-dictionary build: ✓ ../../packages/tokens-pd/css/InputSelect/acronis.css
tools/style-dictionary build: ✓ ../../packages/tokens-pd/css/InputText/acronis.css
tools/style-dictionary build: ✓ ../../packages/tokens-pd/css/InputTextArea/acronis.css
tools/style-dictionary build: ✓ ../../packages/tokens-pd/css/Link/acronis.css
tools/style-dictionary build: ✓ ../../packages/tokens-pd/css/Radio/acronis.css
tools/style-dictionary build: ✓ ../../packages/tokens-pd/css/Resizable/acronis.css
tools/style-dictionary build: ✓ ../../packages/tokens-pd/css/SearchGlobal/acronis.css
tools/style-dictionary build: ✓ ../../packages/tokens-pd/css/SidebarPrimary/acronis.css
tools/style-dictionary build: ✓ ../../packages/tokens-pd/css/SidebarSecondary/acronis.css
tools/style-dictionary build: ✓ ../../packages/tokens-pd/css/Switch/acronis.css
tools/style-dictionary build: ✓ ../../packages/tokens-pd/css/Table/acronis.css
tools/style-dictionary build: ✓ ../../packages/tokens-pd/css/Tag/acronis.css
tools/style-dictionary build: ✓ ../../packages/tokens-pd/css/Tooltip/acronis.css
tools/style-dictionary build: ✓ ../../packages/tokens-pd/css/deep-sky.css
tools/style-dictionary build: ✓ ../../packages/tokens-pd/css/Avatar/deep-sky.css
tools/style-dictionary build: ✓ ../../packages/tokens-pd/css/Breadcrumb/deep-sky.css
tools/style-dictionary build: ✓ ../../packages/tokens-pd/css/Button/deep-sky.css
tools/style-dictionary build: ✓ ../../packages/tokens-pd/css/ButtonIcon/deep-sky.css
tools/style-dictionary build: ✓ ../../packages/tokens-pd/css/ButtonMenu/deep-sky.css
tools/style-dictionary build: ✓ ../../packages/tokens-pd/css/CardFilter/deep-sky.css
tools/style-dictionary build: ✓ ../../packages/tokens-pd/css/Checkbox/deep-sky.css
tools/style-dictionary build: ✓ ../../packages/tokens-pd/css/Chips/deep-sky.css
tools/style-dictionary build: ✓ ../../packages/tokens-pd/css/InputDatePicker/deep-sky.css
tools/style-dictionary build: ✓ ../../packages/tokens-pd/css/InputSearch/deep-sky.css
tools/style-dictionary build: ✓ ../../packages/tokens-pd/css/InputSelect/deep-sky.css
tools/style-dictionary build: ✓ ../../packages/tokens-pd/css/InputText/deep-sky.css
tools/style-dictionary build: ✓ ../../packages/tokens-pd/css/InputTextArea/deep-sky.css
tools/style-dictionary build: ✓ ../../packages/tokens-pd/css/Link/deep-sky.css
tools/style-dictionary build: ✓ ../../packages/tokens-pd/css/Radio/deep-sky.css
tools/style-dictionary build: ✓ ../../packages/tokens-pd/css/Resizable/deep-sky.css
tools/style-dictionary build: ✓ ../../packages/tokens-pd/css/SearchGlobal/deep-sky.css
tools/style-dictionary build: ✓ ../../packages/tokens-pd/css/SidebarPrimary/deep-sky.css
tools/style-dictionary build: ✓ ../../packages/tokens-pd/css/SidebarSecondary/deep-sky.css
tools/style-dictionary build: ✓ ../../packages/tokens-pd/css/Switch/deep-sky.css
tools/style-dictionary build: ✓ ../../packages/tokens-pd/css/Table/deep-sky.css
tools/style-dictionary build: ✓ ../../packages/tokens-pd/css/Tag/deep-sky.css
tools/style-dictionary build: ✓ ../../packages/tokens-pd/css/Tooltip/deep-sky.css
packages/icons-react build: vite v6.4.2 building for production...
tools/style-dictionary build: ✓ ../../packages/tokens-pd/tailwind/acronis/tokens.js
tools/style-dictionary build: tailwind: skipped unroutable component color token (kept in CSS/tiers; fix naming in Figma): Avatar.color.orange
tools/style-dictionary build: tailwind: skipped unroutable component color token (kept in CSS/tiers; fix naming in Figma): Avatar.color.red
tools/style-dictionary build: tailwind: skipped unroutable component color token (kept in CSS/tiers; fix naming in Figma): Avatar.color.teal
tools/style-dictionary build: tailwind: skipped unroutable component color token (kept in CSS/tiers; fix naming in Figma): Avatar.color.violet
tools/style-dictionary build: tailwind: skipped unroutable component color token (kept in CSS/tiers; fix naming in Figma): Avatar.color.yellow
tools/style-dictionary build: ✓ ../../packages/tokens-pd/tailwind/acronis/components/Avatar.js
tools/style-dictionary build: ✓ ../../packages/tokens-pd/tailwind/acronis/components/Breadcrumb.js
tools/style-dictionary build: ✓ ../../packages/tokens-pd/tailwind/acronis/components/Button.js
tools/style-dictionary build: ✓ ../../packages/tokens-pd/tailwind/acronis/components/ButtonIcon.js
tools/style-dictionary build: ✓ ../../packages/tokens-pd/tailwind/acronis/components/ButtonMenu.js
tools/style-dictionary build: ✓ ../../packages/tokens-pd/tailwind/acronis/components/CardFilter.js
tools/style-dictionary build: ✓ ../../packages/tokens-pd/tailwind/acronis/components/Checkbox.js
tools/style-dictionary build: ✓ ../../packages/tokens-pd/tailwind/acronis/components/Chips.js
tools/style-dictionary build: tailwind: skipped unroutable component color token (kept in CSS/tiers; fix naming in Figma): InputDatePicker._global.separator.color.disabled
tools/style-dictionary build: tailwind: skipped unroutable component color token (kept in CSS/tiers; fix naming in Figma): InputDatePicker._global.separator.color.hover
tools/style-dictionary build: tailwind: skipped unroutable component color token (kept in CSS/tiers; fix naming in Figma): InputDatePicker._global.separator.color.idle
tools/style-dictionary build: ✓ ../../packages/tokens-pd/tailwind/acronis/components/InputDatePicker.js
tools/style-dictionary build: tailwind: skipped unroutable component color token (kept in CSS/tiers; fix naming in Figma): InputSearch.color.disabled
tools/style-dictionary build: tailwind: skipped unroutable component color token (kept in CSS/tiers; fix naming in Figma): InputSearch.color.hover
tools/style-dictionary build: tailwind: skipped unroutable component color token (kept in CSS/tiers; fix naming in Figma): InputSearch.color.idle
tools/style-dictionary build: ✓ ../../packages/tokens-pd/tailwind/acronis/components/InputSearch.js
tools/style-dictionary build: tailwind: skipped unroutable component color token (kept in CSS/tiers; fix naming in Figma): InputSelect.DropdownItem._global.iconChecked
tools/style-dictionary build: tailwind: skipped unroutable component color token (kept in CSS/tiers; fix naming in Figma): InputSelect.DropdownItem._global.iconCollapse
tools/style-dictionary build: tailwind: skipped unroutable component color token (kept in CSS/tiers; fix naming in Figma): InputSelect.DropdownItem._global.iconTenant
tools/style-dictionary build: tailwind: skipped unroutable component color token (kept in CSS/tiers; fix naming in Figma): InputSelect.DropdownSection.labelGroup.color
tools/style-dictionary build: tailwind: skipped unroutable component color token (kept in CSS/tiers; fix naming in Figma): InputSelect.normal.iconExpand.color.disabled
tools/style-dictionary build: tailwind: skipped unroutable component color token (kept in CSS/tiers; fix naming in Figma): InputSelect.normal.iconExpand.color.hover
tools/style-dictionary build: tailwind: skipped unroutable component color token (kept in CSS/tiers; fix naming in Figma): InputSelect.normal.iconExpand.color.idle
tools/style-dictionary build: ✓ ../../packages/tokens-pd/tailwind/acronis/components/InputSelect.js
tools/style-dictionary build: ✓ ../../packages/tokens-pd/tailwind/acronis/components/InputText.js
tools/style-dictionary build: ✓ ../../packages/tokens-pd/tailwind/acronis/components/InputTextArea.js
tools/style-dictionary build: tailwind: skipped unroutable component color token (kept in CSS/tiers; fix naming in Figma): Link.color.active
tools/style-dictionary build: tailwind: skipped unroutable component color token (kept in CSS/tiers; fix naming in Figma): Link.color.disabled
tools/style-dictionary build: tailwind: skipped unroutable component color token (kept in CSS/tiers; fix naming in Figma): Link.color.hover
tools/style-dictionary build: tailwind: skipped unroutable component color token (kept in CSS/tiers; fix naming in Figma): Link.color.idle
tools/style-dictionary build: ✓ ../../packages/tokens-pd/tailwind/acronis/components/Link.js
tools/style-dictionary build: ✓ ../../packages/tokens-pd/tailwind/acronis/components/Radio.js
tools/style-dictionary build: tailwind: skipped unroutable component color token (kept in CSS/tiers; fix naming in Figma): Resizable.bar.color
tools/style-dictionary build: ✓ ../../packages/tokens-pd/tailwind/acronis/components/Resizable.js
tools/style-dictionary build: tailwind: skipped unroutable component color token (kept in CSS/tiers; fix naming in Figma): SearchGlobal.placeholoder.color
tools/style-dictionary build: ✓ ../../packages/tokens-pd/tailwind/acronis/components/SearchGlobal.js
tools/style-dictionary build: ✓ ../../packages/tokens-pd/tailwind/acronis/components/SidebarPrimary.js
tools/style-dictionary build: ✓ ../../packages/tokens-pd/tailwind/acronis/components/SidebarSecondary.js
tools/style-dictionary build: ✓ ../../packages/tokens-pd/tailwind/acronis/components/Switch.js
tools/style-dictionary build: tailwind: skipped unroutable component color token (kept in CSS/tiers; fix naming in Figma): Table.Header.cell.color.active
tools/style-dictionary build: tailwind: skipped unroutable component color token (kept in CSS/tiers; fix naming in Figma): Table.Header.cell.color.hover
tools/style-dictionary build: tailwind: skipped unroutable component color token (kept in CSS/tiers; fix naming in Figma): Table.Header.cell.color.idle
tools/style-dictionary build: tailwind: skipped unroutable component color token (kept in CSS/tiers; fix naming in Figma): Table.Header.sortIcon.color.active
tools/style-dictionary build: tailwind: skipped unroutable component color token (kept in CSS/tiers; fix naming in Figma): Table.Header.sortIcon.color.inactive
tools/style-dictionary build: tailwind: skipped unroutable component color token (kept in CSS/tiers; fix naming in Figma): Table._global.row.color.active
tools/style-dictionary build: tailwind: skipped unroutable component color token (kept in CSS/tiers; fix naming in Figma): Table._global.row.color.hover
tools/style-dictionary build: tailwind: skipped unroutable component color token (kept in CSS/tiers; fix naming in Figma): Table._global.row.color.idle
tools/style-dictionary build: ✓ ../../packages/tokens-pd/tailwind/acronis/components/Table.js
tools/style-dictionary build: ✓ ../../packages/tokens-pd/tailwind/acronis/components/Tag.js
tools/style-dictionary build: ✓ ../../packages/tokens-pd/tailwind/acronis/components/Tooltip.js
tools/style-dictionary build: ✓ ../../packages/tokens-pd/tailwind/deep-sky/tokens.js
tools/style-dictionary build: tailwind: skipped unroutable component color token (kept in CSS/tiers; fix naming in Figma): Avatar.color.orange
tools/style-dictionary build: tailwind: skipped unroutable component color token (kept in CSS/tiers; fix naming in Figma): Avatar.color.red
tools/style-dictionary build: tailwind: skipped unroutable component color token (kept in CSS/tiers; fix naming in Figma): Avatar.color.teal
tools/style-dictionary build: tailwind: skipped unroutable component color token (kept in CSS/tiers; fix naming in Figma): Avatar.color.violet
tools/style-dictionary build: tailwind: skipped unroutable component color token (kept in CSS/tiers; fix naming in Figma): Avatar.color.yellow
tools/style-dictionary build: ✓ ../../packages/tokens-pd/tailwind/deep-sky/components/Avatar.js
tools/style-dictionary build: ✓ ../../packages/tokens-pd/tailwind/deep-sky/components/Breadcrumb.js
tools/style-dictionary build: ✓ ../../packages/tokens-pd/tailwind/deep-sky/components/Button.js
tools/style-dictionary build: ✓ ../../packages/tokens-pd/tailwind/deep-sky/components/ButtonIcon.js
tools/style-dictionary build: ✓ ../../packages/tokens-pd/tailwind/deep-sky/components/ButtonMenu.js
tools/style-dictionary build: ✓ ../../packages/tokens-pd/tailwind/deep-sky/components/CardFilter.js
tools/style-dictionary build: ✓ ../../packages/tokens-pd/tailwind/deep-sky/components/Checkbox.js
tools/style-dictionary build: ✓ ../../packages/tokens-pd/tailwind/deep-sky/components/Chips.js
tools/style-dictionary build: tailwind: skipped unroutable component color token (kept in CSS/tiers; fix naming in Figma): InputDatePicker._global.separator.color.disabled
tools/style-dictionary build: tailwind: skipped unroutable component color token (kept in CSS/tiers; fix naming in Figma): InputDatePicker._global.separator.color.hover
tools/style-dictionary build: tailwind: skipped unroutable component color token (kept in CSS/tiers; fix naming in Figma): InputDatePicker._global.separator.color.idle
tools/style-dictionary build: ✓ ../../packages/tokens-pd/tailwind/deep-sky/components/InputDatePicker.js
tools/style-dictionary build: tailwind: skipped unroutable component color token (kept in CSS/tiers; fix naming in Figma): InputSearch.color.disabled
tools/style-dictionary build: tailwind: skipped unroutable component color token (kept in CSS/tiers; fix naming in Figma): InputSearch.color.hover
tools/style-dictionary build: tailwind: skipped unroutable component color token (kept in CSS/tiers; fix naming in Figma): InputSearch.color.idle
tools/style-dictionary build: ✓ ../../packages/tokens-pd/tailwind/deep-sky/components/InputSearch.js
tools/style-dictionary build: tailwind: skipped unroutable component color token (kept in CSS/tiers; fix naming in Figma): InputSelect.DropdownItem._global.iconChecked
tools/style-dictionary build: tailwind: skipped unroutable component color token (kept in CSS/tiers; fix naming in Figma): InputSelect.DropdownItem._global.iconCollapse
tools/style-dictionary build: tailwind: skipped unroutable component color token (kept in CSS/tiers; fix naming in Figma): InputSelect.DropdownItem._global.iconTenant
tools/style-dictionary build: tailwind: skipped unroutable component color token (kept in CSS/tiers; fix naming in Figma): InputSelect.DropdownSection.labelGroup.color
tools/style-dictionary build: tailwind: skipped unroutable component color token (kept in CSS/tiers; fix naming in Figma): InputSelect.normal.iconExpand.color.disabled
tools/style-dictionary build: tailwind: skipped unroutable component color token (kept in CSS/tiers; fix naming in Figma): InputSelect.normal.iconExpand.color.hover
tools/style-dictionary build: tailwind: skipped unroutable component color token (kept in CSS/tiers; fix naming in Figma): InputSelect.normal.iconExpand.color.idle
tools/style-dictionary build: ✓ ../../packages/tokens-pd/tailwind/deep-sky/components/InputSelect.js
tools/style-dictionary build: ✓ ../../packages/tokens-pd/tailwind/deep-sky/components/InputText.js
tools/style-dictionary build: ✓ ../../packages/tokens-pd/tailwind/deep-sky/components/InputTextArea.js
tools/style-dictionary build: tailwind: skipped unroutable component color token (kept in CSS/tiers; fix naming in Figma): Link.color.active
tools/style-dictionary build: tailwind: skipped unroutable component color token (kept in CSS/tiers; fix naming in Figma): Link.color.disabled
tools/style-dictionary build: tailwind: skipped unroutable component color token (kept in CSS/tiers; fix naming in Figma): Link.color.hover
tools/style-dictionary build: tailwind: skipped unroutable component color token (kept in CSS/tiers; fix naming in Figma): Link.color.idle
tools/style-dictionary build: ✓ ../../packages/tokens-pd/tailwind/deep-sky/components/Link.js
tools/style-dictionary build: ✓ ../../packages/tokens-pd/tailwind/deep-sky/components/Radio.js
tools/style-dictionary build: tailwind: skipped unroutable component color token (kept in CSS/tiers; fix naming in Figma): Resizable.bar.color
tools/style-dictionary build: tailwind: skipped unroutable component color token (kept in CSS/tiers; fix naming in Figma): SearchGlobal.placeholoder.color
tools/style-dictionary build: ✓ ../../packages/tokens-pd/tailwind/deep-sky/components/Resizable.js
tools/style-dictionary build: ✓ ../../packages/tokens-pd/tailwind/deep-sky/components/SearchGlobal.js
tools/style-dictionary build: ✓ ../../packages/tokens-pd/tailwind/deep-sky/components/SidebarPrimary.js
tools/style-dictionary build: ✓ ../../packages/tokens-pd/tailwind/deep-sky/components/SidebarSecondary.js
tools/style-dictionary build: ✓ ../../packages/tokens-pd/tailwind/deep-sky/components/Switch.js
tools/style-dictionary build: tailwind: skipped unroutable component color token (kept in CSS/tiers; fix naming in Figma): Table.Header.cell.color.active
tools/style-dictionary build: tailwind: skipped unroutable component color token (kept in CSS/tiers; fix naming in Figma): Table.Header.cell.color.hover
tools/style-dictionary build: tailwind: skipped unroutable component color token (kept in CSS/tiers; fix naming in Figma): Table.Header.cell.color.idle
tools/style-dictionary build: tailwind: skipped unroutable component color token (kept in CSS/tiers; fix naming in Figma): Table.Header.sortIcon.color.active
tools/style-dictionary build: tailwind: skipped unroutable component color token (kept in CSS/tiers; fix naming in Figma): Table.Header.sortIcon.color.inactive
tools/style-dictionary build: tailwind: skipped unroutable component color token (kept in CSS/tiers; fix naming in Figma): Table._global.row.color.active
tools/style-dictionary build: tailwind: skipped unroutable component color token (kept in CSS/tiers; fix naming in Figma): Table._global.row.color.hover
tools/style-dictionary build: tailwind: skipped unroutable component color token (kept in CSS/tiers; fix naming in Figma): Table._global.row.color.idle
tools/style-dictionary build: ✓ ../../packages/tokens-pd/tailwind/deep-sky/components/Table.js
tools/style-dictionary build: ✓ ../../packages/tokens-pd/tailwind/deep-sky/components/Tag.js
tools/style-dictionary build: ✓ ../../packages/tokens-pd/tailwind/deep-sky/components/Tooltip.js
packages/icons-sprite build: ✅ Processed 2082 icons total
packages/icons-sprite build: ⚡ Generating + optimizing sprites with SVGO...
packages/icons-sprite build:    Combined: 1.50 MB (2082 icons, 22.7% reduction)
packages/icons-sprite build:    Monocolor: 1.15 MB (1783 icons, 24.6% reduction)
tools/style-dictionary build: ✓ dist/assets/pd-icons: 954 files + 477 react
packages/icons-sprite build:    Multicolor: 352.65 KB (299 icons, 15.6% reduction)
packages/icons-sprite build: 🎉 Sprite generation complete!
packages/icons-sprite build: 📄 Generated files:
packages/icons-sprite build:    • /Users/Mladen.Tsvetkov/projects/ui-kit/uikit/packages/icons-sprite/sprites/iconsprite.svg
packages/icons-sprite build:    • /Users/Mladen.Tsvetkov/projects/ui-kit/uikit/packages/icons-sprite/sprites/iconsprite-mono.svg
packages/icons-sprite build:    • /Users/Mladen.Tsvetkov/projects/ui-kit/uikit/packages/icons-sprite/sprites/iconsprite-multi.svg
packages/icons-sprite build: Done
packages/icons-react build: transforming...
packages/icons-react build: ✓ 487 modules transformed.
packages/icons-react build: rendering chunks...
packages/icons-react build: [unplugin:dts] Start generate declaration files...
packages/icons-react build: computing gzip size...
packages/icons-react build: dist/index.js                                              0.11 kB │ gzip: 0.12 kB │ map:  0.09 kB
packages/icons-react build: dist/solid-multi/index.js                                  0.22 kB │ gzip: 0.16 kB │ map:  0.57 kB
packages/icons-react build: dist/packs/solid-multi/icon.js                             0.22 kB │ gzip: 0.19 kB │ map:  0.53 kB
packages/icons-react build: dist/packs/solid-mono/icon.js                              0.24 kB │ gzip: 0.21 kB │ map:  0.56 kB
packages/icons-react build: dist/packs/stroke-mono/icons/minus.js                      0.29 kB │ gzip: 0.23 kB │ map:  0.54 kB
packages/icons-react build: dist/packs/stroke-mono/icons/bars.js                       0.30 kB │ gzip: 0.24 kB │ map:  0.55 kB
packages/icons-react build: dist/packs/stroke-mono/icons/chevron-up.js                 0.31 kB │ gzip: 0.24 kB │ map:  0.56 kB
packages/icons-react build: dist/packs/stroke-mono/icons/chevron-down.js               0.31 kB │ gzip: 0.24 kB │ map:  0.57 kB
packages/icons-react build: dist/packs/stroke-mono/icons/arrow-up.js                   0.31 kB │ gzip: 0.25 kB │ map:  0.56 kB
packages/icons-react build: dist/packs/stroke-mono/icons/chevron-left.js               0.31 kB │ gzip: 0.25 kB │ map:  0.57 kB
packages/icons-react build: dist/packs/stroke-mono/icons/terminal.js                   0.31 kB │ gzip: 0.25 kB │ map:  0.56 kB
packages/icons-react build: dist/packs/stroke-mono/icons/times.js                      0.31 kB │ gzip: 0.25 kB │ map:  0.56 kB
packages/icons-react build: dist/packs/stroke-mono/icons/check.js                      0.31 kB │ gzip: 0.25 kB │ map:  0.56 kB
packages/icons-react build: dist/packs/stroke-mono/icons/chevron-right.js              0.31 kB │ gzip: 0.25 kB │ map:  0.57 kB
packages/icons-react build: dist/packs/stroke-mono/icons/arrow-left.js                 0.31 kB │ gzip: 0.25 kB │ map:  0.57 kB
packages/icons-react build: dist/packs/stroke-mono/icons/arrow-down.js                 0.31 kB │ gzip: 0.25 kB │ map:  0.57 kB
packages/icons-react build: dist/packs/stroke-mono/icons/plus.js                       0.31 kB │ gzip: 0.25 kB │ map:  0.56 kB
packages/icons-react build: dist/packs/stroke-mono/icons/arrow-right.js                0.31 kB │ gzip: 0.25 kB │ map:  0.57 kB
packages/icons-react build: dist/packs/stroke-mono/icons/bars-filter.js                0.32 kB │ gzip: 0.25 kB │ map:  0.57 kB
packages/icons-react build: dist/packs/stroke-mono/icons/chevron-last.js               0.32 kB │ gzip: 0.25 kB │ map:  0.58 kB
packages/icons-react build: dist/packs/stroke-mono/icons/asterisk.js                   0.32 kB │ gzip: 0.25 kB │ map:  0.57 kB
packages/icons-react build: dist/packs/stroke-mono/icons/bars-vertical.js              0.32 kB │ gzip: 0.25 kB │ map:  0.58 kB
packages/icons-react build: dist/packs/stroke-mono/icons/chevron-first.js              0.32 kB │ gzip: 0.25 kB │ map:  0.58 kB
packages/icons-react build: dist/packs/stroke-mono/icons/circle-small.js               0.32 kB │ gzip: 0.25 kB │ map:  0.59 kB
packages/icons-react build: dist/packs/stroke-mono/icons/bluetooth.js                  0.32 kB │ gzip: 0.25 kB │ map:  0.58 kB
packages/icons-react build: dist/packs/stroke-mono/icons/list.js                       0.32 kB │ gzip: 0.25 kB │ map:  0.57 kB
packages/icons-react build: dist/packs/stroke-mono/icons/wifi-low.js                   0.33 kB │ gzip: 0.26 kB │ map:  0.58 kB
packages/icons-react build: dist/packs/stroke-mono/icons/arrow-up-right.js             0.33 kB │ gzip: 0.26 kB │ map:  0.59 kB
packages/icons-react build: dist/packs/stroke-mono/icons/flag.js                       0.33 kB │ gzip: 0.27 kB │ map:  0.58 kB
packages/icons-react build: dist/packs/stroke-mono/icons/arrow-trend-up.js             0.33 kB │ gzip: 0.26 kB │ map:  0.60 kB
packages/icons-react build: dist/packs/stroke-mono/icons/arrow-left-to-line.js         0.33 kB │ gzip: 0.27 kB │ map:  0.60 kB
packages/icons-react build: dist/packs/stroke-mono/icons/arrow-down-left.js            0.33 kB │ gzip: 0.27 kB │ map:  0.60 kB
packages/icons-react build: dist/packs/stroke-mono/icons/arrow-trend-down.js           0.33 kB │ gzip: 0.26 kB │ map:  0.60 kB
packages/icons-react build: dist/packs/stroke-mono/icons/arrow-right-to-line.js        0.33 kB │ gzip: 0.27 kB │ map:  0.61 kB
packages/icons-react build: dist/packs/stroke-mono/icons/text.js                       0.33 kB │ gzip: 0.26 kB │ map:  0.58 kB
packages/icons-react build: dist/packs/stroke-mono/icons/arrow-left-from-line.js       0.34 kB │ gzip: 0.27 kB │ map:  0.61 kB
packages/icons-react build: dist/packs/stroke-mono/icons/check-double.js               0.34 kB │ gzip: 0.27 kB │ map:  0.60 kB
packages/icons-react build: dist/packs/stroke-mono/icons/arrow-right-from-line.js      0.34 kB │ gzip: 0.27 kB │ map:  0.62 kB
packages/icons-react build: dist/packs/stroke-mono/icons/chart-growth.js               0.34 kB │ gzip: 0.27 kB │ map:  0.60 kB
packages/icons-react build: dist/packs/stroke-mono/icons/chevrons-left.js              0.34 kB │ gzip: 0.27 kB │ map:  0.61 kB
packages/icons-react build: dist/packs/stroke-mono/icons/chevrons-right.js             0.34 kB │ gzip: 0.27 kB │ map:  0.61 kB
packages/icons-react build: dist/packs/stroke-multi/icons/dot-red.js                   0.34 kB │ gzip: 0.27 kB │ map:  0.60 kB
packages/icons-react build: dist/packs/stroke-multi/icons/dot-blue.js                  0.35 kB │ gzip: 0.27 kB │ map:  0.60 kB
packages/icons-react build: dist/packs/stroke-multi/icons/dot-gray.js                  0.35 kB │ gzip: 0.27 kB │ map:  0.60 kB
packages/icons-react build: dist/packs/stroke-multi/icons/dot-green.js                 0.35 kB │ gzip: 0.27 kB │ map:  0.60 kB
packages/icons-react build: dist/packs/stroke-multi/icons/dot-orange.js                0.35 kB │ gzip: 0.27 kB │ map:  0.61 kB
packages/icons-react build: dist/packs/stroke-multi/icons/dot-yellow.js                0.35 kB │ gzip: 0.27 kB │ map:  0.61 kB
packages/icons-react build: dist/packs/stroke-mono/icons/arrow-uturn.js                0.35 kB │ gzip: 0.28 kB │ map:  0.61 kB
packages/icons-react build: dist/packs/stroke-mono/icons/chart-bar-vertical.js         0.35 kB │ gzip: 0.28 kB │ map:  0.63 kB
packages/icons-react build: dist/packs/stroke-mono/icons/flash-drive.js                0.36 kB │ gzip: 0.28 kB │ map:  0.62 kB
packages/icons-react build: dist/packs/stroke-mono/icons/handle-grip.js                0.36 kB │ gzip: 0.27 kB │ map:  0.62 kB
packages/icons-react build: dist/packs/stroke-mono/icons/list-check.js                 0.36 kB │ gzip: 0.27 kB │ map:  0.61 kB
packages/icons-react build: dist/packs/stroke-mono/icons/arrows-move.js                0.36 kB │ gzip: 0.27 kB │ map:  0.62 kB
packages/icons-react build: dist/packs/stroke-mono/icons/magnifier.js                  0.37 kB │ gzip: 0.27 kB │ map:  0.62 kB
packages/icons-react build: dist/packs/stroke-mono/icons/arrow-out-up.js               0.37 kB │ gzip: 0.29 kB │ map:  0.63 kB
packages/icons-react build: dist/packs/stroke-mono/icons/handle-resize.js              0.37 kB │ gzip: 0.28 kB │ map:  0.63 kB
packages/icons-react build: dist/packs/stroke-mono/icons/arrow-in-down.js              0.37 kB │ gzip: 0.29 kB │ map:  0.63 kB
packages/icons-react build: dist/packs/stroke-mono/icons/arrows-expand.js              0.37 kB │ gzip: 0.29 kB │ map:  0.64 kB
packages/icons-react build: dist/packs/stroke-mono/icons/progress.js                   0.38 kB │ gzip: 0.29 kB │ map:  0.63 kB
packages/icons-react build: dist/packs/stroke-mono/icons/arrows-down-up.js             0.38 kB │ gzip: 0.29 kB │ map:  0.65 kB
packages/icons-react build: dist/packs/stroke-mono/icons/chart-bar-horizontal.js       0.38 kB │ gzip: 0.29 kB │ map:  0.66 kB
packages/icons-react build: dist/packs/stroke-mono/icons/arrows-collapse.js            0.38 kB │ gzip: 0.29 kB │ map:  0.65 kB
packages/icons-react build: dist/packs/stroke-mono/icons/stopwatch.js                  0.38 kB │ gzip: 0.29 kB │ map:  0.64 kB
packages/icons-react build: dist/packs/stroke-mono/icons/circle-info.js                0.39 kB │ gzip: 0.29 kB │ map:  0.64 kB
packages/icons-react build: dist/packs/stroke-mono/icons/scanner.js                    0.39 kB │ gzip: 0.30 kB │ map:  0.64 kB
packages/icons-react build: dist/packs/stroke-mono/icons/circle-check.js               0.39 kB │ gzip: 0.29 kB │ map:  0.65 kB
packages/icons-react build: dist/packs/stroke-mono/icons/magnifier-minus.js            0.39 kB │ gzip: 0.29 kB │ map:  0.65 kB
packages/icons-react build: dist/packs/stroke-mono/icons/arrows-left-right.js          0.39 kB │ gzip: 0.30 kB │ map:  0.66 kB
packages/icons-react build: dist/packs/stroke-mono/icons/satellite-dish.js             0.39 kB │ gzip: 0.29 kB │ map:  0.65 kB
packages/icons-react build: dist/packs/stroke-mono/icons/sigma.js                      0.39 kB │ gzip: 0.29 kB │ map:  0.64 kB
packages/icons-react build: dist/packs/stroke-mono/icons/panel-left.js                 0.39 kB │ gzip: 0.29 kB │ map:  0.65 kB
packages/icons-react build: dist/packs/stroke-mono/icons/circle-warning.js             0.39 kB │ gzip: 0.30 kB │ map:  0.66 kB
packages/icons-react build: dist/packs/stroke-mono/icons/arrow-rotation.js             0.39 kB │ gzip: 0.30 kB │ map:  0.66 kB
packages/icons-react build: dist/packs/stroke-mono/icons/magnifier-plus.js             0.39 kB │ gzip: 0.29 kB │ map:  0.66 kB
packages/icons-react build: dist/packs/stroke-mono/icons/arrows-loop.js                0.39 kB │ gzip: 0.29 kB │ map:  0.65 kB
packages/icons-react build: dist/packs/stroke-mono/icons/panel-right.js                0.39 kB │ gzip: 0.29 kB │ map:  0.65 kB
packages/icons-react build: dist/packs/stroke-mono/icons/power.js                      0.39 kB │ gzip: 0.29 kB │ map:  0.64 kB
packages/icons-react build: dist/packs/stroke-multi/icon.js                            0.39 kB │ gzip: 0.28 kB │ map:  0.94 kB
packages/icons-react build: dist/packs/stroke-mono/icons/circle-ban.js                 0.40 kB │ gzip: 0.30 kB │ map:  0.65 kB
packages/icons-react build: dist/packs/stroke-mono/icons/app-window.js                 0.40 kB │ gzip: 0.30 kB │ map:  0.66 kB
packages/icons-react build: dist/packs/stroke-mono/icons/clipboard.js                  0.40 kB │ gzip: 0.29 kB │ map:  0.66 kB
packages/icons-react build: dist/packs/stroke-mono/icons/layout.js                     0.40 kB │ gzip: 0.30 kB │ map:  0.65 kB
packages/icons-react build: dist/packs/stroke-mono/icons/magnifier-warning.js          0.40 kB │ gzip: 0.29 kB │ map:  0.67 kB
packages/icons-react build: dist/packs/stroke-mono/icons/shield-check.js               0.40 kB │ gzip: 0.31 kB │ map:  0.66 kB
packages/icons-react build: dist/packs/stroke-mono/icons/circle-ellipsis.js            0.40 kB │ gzip: 0.29 kB │ map:  0.67 kB
packages/icons-react build: dist/packs/solid-mono/icons/microsoft-windows.js           0.40 kB │ gzip: 0.29 kB │ map:  0.67 kB
packages/icons-react build: dist/packs/stroke-mono/icons/chart-trend.js                0.40 kB │ gzip: 0.31 kB │ map:  0.66 kB
packages/icons-react build: dist/packs/stroke-mono/icons/calendar.js                   0.41 kB │ gzip: 0.30 kB │ map:  0.66 kB
packages/icons-react build: dist/packs/stroke-mono/icons/signature.js                  0.41 kB │ gzip: 0.31 kB │ map:  0.66 kB
packages/icons-react build: dist/packs/stroke-mono/icons/wifi-medium.js                0.41 kB │ gzip: 0.31 kB │ map:  0.67 kB
packages/icons-react build: dist/packs/stroke-mono/icons/credit-card.js                0.41 kB │ gzip: 0.30 kB │ map:  0.67 kB
packages/icons-react build: dist/packs/stroke-mono/icons/pc-tower.js                   0.41 kB │ gzip: 0.30 kB │ map:  0.66 kB
packages/icons-react build: dist/packs/stroke-mono/icons/layout-table.js               0.41 kB │ gzip: 0.31 kB │ map:  0.67 kB
packages/icons-react build: dist/packs/stroke-mono/icons/square-arrow-up-right.js      0.41 kB │ gzip: 0.31 kB │ map:  0.69 kB
packages/icons-react build: dist/packs/stroke-mono/icons/flask.js                      0.41 kB │ gzip: 0.32 kB │ map:  0.66 kB
packages/icons-react build: dist/packs/stroke-mono/icons/pulse.js                      0.41 kB │ gzip: 0.31 kB │ map:  0.66 kB
packages/icons-react build: dist/packs/stroke-mono/icons/arrow-export.js               0.41 kB │ gzip: 0.30 kB │ map:  0.68 kB
packages/icons-react build: dist/packs/stroke-mono/icons/shield-times.js               0.42 kB │ gzip: 0.32 kB │ map:  0.68 kB
packages/icons-react build: dist/packs/stroke-mono/icons/shield-warning.js             0.42 kB │ gzip: 0.32 kB │ map:  0.68 kB
packages/icons-react build: dist/packs/stroke-mono/icons/wifi.js                       0.42 kB │ gzip: 0.32 kB │ map:  0.67 kB
packages/icons-react build: dist/packs/stroke-mono/icons/arrow-reply.js                0.42 kB │ gzip: 0.30 kB │ map:  0.71 kB
packages/icons-react build: dist/packs/stroke-mono/icons/app-window-times.js           0.42 kB │ gzip: 0.31 kB │ map:  0.69 kB
packages/icons-react build: dist/packs/stroke-mono/icons/arrow-rotation-time.js        0.42 kB │ gzip: 0.31 kB │ map:  0.70 kB
packages/icons-react build: dist/packs/stroke-mono/icon.js                             0.42 kB │ gzip: 0.30 kB │ map:  0.98 kB
packages/icons-react build: dist/packs/stroke-mono/icons/circle-times.js               0.42 kB │ gzip: 0.31 kB │ map:  0.69 kB
packages/icons-react build: dist/packs/stroke-mono/icons/translate.js                  0.42 kB │ gzip: 0.32 kB │ map:  0.68 kB
packages/icons-react build: dist/packs/stroke-mono/icons/receipt.js                    0.43 kB │ gzip: 0.32 kB │ map:  0.68 kB
packages/icons-react build: dist/packs/stroke-mono/icons/archival-box.js               0.43 kB │ gzip: 0.31 kB │ map:  0.69 kB
packages/icons-react build: dist/packs/stroke-mono/icons/book.js                       0.43 kB │ gzip: 0.32 kB │ map:  0.68 kB
packages/icons-react build: dist/packs/stroke-mono/icons/media-play.js                 0.43 kB │ gzip: 0.33 kB │ map:  0.69 kB
packages/icons-react build: dist/packs/stroke-mono/icons/watch.js                      0.43 kB │ gzip: 0.31 kB │ map:  0.75 kB
packages/icons-react build: dist/packs/stroke-mono/icons/file-check.js                 0.43 kB │ gzip: 0.33 kB │ map:  0.69 kB
packages/icons-react build: dist/packs/stroke-mono/icons/file-times.js                 0.43 kB │ gzip: 0.33 kB │ map:  0.69 kB
packages/icons-react build: dist/packs/stroke-mono/icons/rectangle-pulse.js            0.43 kB │ gzip: 0.31 kB │ map:  0.77 kB
packages/icons-react build: dist/packs/stroke-mono/icons/square.js                     0.43 kB │ gzip: 0.30 kB │ map:  0.68 kB
packages/icons-react build: dist/packs/stroke-mono/icons/arrow-rotation-warning.js     0.44 kB │ gzip: 0.32 kB │ map:  0.72 kB
packages/icons-react build: dist/packs/stroke-mono/icons/file.js                       0.44 kB │ gzip: 0.32 kB │ map:  0.68 kB
packages/icons-react build: dist/packs/solid-mono/icons/mc-afee.js                     0.44 kB │ gzip: 0.31 kB │ map:  0.69 kB
packages/icons-react build: dist/packs/stroke-mono/icons/ethernet.js                   0.44 kB │ gzip: 0.31 kB │ map:  0.70 kB
packages/icons-react build: dist/packs/stroke-mono/icons/circle-minus.js               0.44 kB │ gzip: 0.30 kB │ map:  0.73 kB
packages/icons-react build: dist/packs/stroke-mono/icons/file-zip.js                   0.44 kB │ gzip: 0.34 kB │ map:  0.70 kB
packages/icons-react build: dist/packs/stroke-mono/icons/media-pause.js                0.45 kB │ gzip: 0.29 kB │ map:  0.81 kB
packages/icons-react build: dist/packs/stroke-mono/icons/circle-plus.js                0.45 kB │ gzip: 0.31 kB │ map:  0.74 kB
packages/icons-react build: dist/packs/stroke-mono/icons/circle-pause.js               0.45 kB │ gzip: 0.31 kB │ map:  0.74 kB
packages/icons-react build: dist/packs/stroke-mono/icons/file-text.js                  0.45 kB │ gzip: 0.34 kB │ map:  0.71 kB
packages/icons-react build: dist/packs/stroke-mono/icons/circle-clock.js               0.45 kB │ gzip: 0.31 kB │ map:  0.75 kB
packages/icons-react build: dist/packs/stroke-mono/icons/tv.js                         0.46 kB │ gzip: 0.32 kB │ map:  0.73 kB
packages/icons-react build: dist/packs/stroke-mono/icons/robot.js                      0.46 kB │ gzip: 0.33 kB │ map:  0.78 kB
packages/icons-react build: dist/packs/stroke-mono/icons/cloud.js                      0.46 kB │ gzip: 0.35 kB │ map:  0.71 kB
packages/icons-react build: dist/packs/stroke-mono/icons/moon.js                       0.46 kB │ gzip: 0.34 kB │ map:  0.71 kB
packages/icons-react build: dist/packs/stroke-mono/icons/send.js                       0.46 kB │ gzip: 0.34 kB │ map:  0.71 kB
packages/icons-react build: dist/packs/stroke-mono/icons/monitor.js                    0.46 kB │ gzip: 0.31 kB │ map:  0.74 kB
packages/icons-react build: dist/packs/stroke-mono/icons/ellipsis.js                   0.46 kB │ gzip: 0.27 kB │ map:  0.72 kB
packages/icons-react build: dist/packs/stroke-mono/icons/magnifier-check.js            0.46 kB │ gzip: 0.31 kB │ map:  0.76 kB
packages/icons-react build: dist/packs/stroke-mono/icons/bug.js                        0.46 kB │ gzip: 0.35 kB │ map:  0.71 kB
packages/icons-react build: dist/packs/stroke-mono/icons/eye-closed.js                 0.46 kB │ gzip: 0.36 kB │ map:  0.72 kB
packages/icons-react build: dist/packs/stroke-mono/icons/calculator.js                 0.46 kB │ gzip: 0.32 kB │ map:  0.72 kB
packages/icons-react build: dist/packs/stroke-mono/icons/tablet.js                     0.46 kB │ gzip: 0.32 kB │ map:  0.74 kB
packages/icons-react build: dist/packs/stroke-mono/icons/cctv.js                       0.47 kB │ gzip: 0.34 kB │ map:  0.75 kB
packages/icons-react build: dist/packs/stroke-mono/icons/progress-check.js             0.47 kB │ gzip: 0.33 kB │ map:  0.76 kB
packages/icons-react build: dist/packs/stroke-mono/icons/memory-card.js                0.47 kB │ gzip: 0.35 kB │ map:  0.73 kB
packages/icons-react build: dist/packs/stroke-mono/icons/network-cloud.js              0.47 kB │ gzip: 0.35 kB │ map:  0.73 kB
packages/icons-react build: dist/packs/stroke-mono/icons/brush-cleaning.js             0.47 kB │ gzip: 0.35 kB │ map:  0.74 kB
packages/icons-react build: dist/packs/stroke-mono/icons/circle-lightning.js           0.47 kB │ gzip: 0.32 kB │ map:  0.77 kB
packages/icons-react build: dist/packs/stroke-mono/icons/node-sliders.js               0.47 kB │ gzip: 0.32 kB │ map:  0.73 kB
packages/icons-react build: dist/packs/stroke-mono/icons/file-spreadsheet.js           0.47 kB │ gzip: 0.35 kB │ map:  0.74 kB
packages/icons-react build: dist/packs/stroke-mono/icons/smartphone.js                 0.47 kB │ gzip: 0.33 kB │ map:  0.76 kB
packages/icons-react build: dist/packs/stroke-mono/icons/memory-stick.js               0.47 kB │ gzip: 0.32 kB │ map:  0.74 kB
packages/icons-react build: dist/packs/stroke-mono/icons/ellipsis-moving.js            0.48 kB │ gzip: 0.28 kB │ map:  0.74 kB
packages/icons-react build: dist/packs/stroke-mono/icons/pencil.js                     0.48 kB │ gzip: 0.32 kB │ map:  0.76 kB
packages/icons-react build: dist/packs/stroke-mono/icons/nas.js                        0.48 kB │ gzip: 0.32 kB │ map:  0.82 kB
packages/icons-react build: dist/packs/solid-mono/icons/acronis.js                     0.48 kB │ gzip: 0.35 kB │ map:  0.74 kB
packages/icons-react build: dist/packs/stroke-mono/icons/monitor-times.js              0.48 kB │ gzip: 0.32 kB │ map:  0.84 kB
packages/icons-react build: dist/packs/stroke-mono/icons/message.js                    0.48 kB │ gzip: 0.35 kB │ map:  0.73 kB
packages/icons-react build: dist/packs/stroke-mono/icons/shield-bolt.js                0.48 kB │ gzip: 0.35 kB │ map:  0.77 kB
packages/icons-react build: dist/packs/stroke-mono/icons/eye.js                        0.48 kB │ gzip: 0.33 kB │ map:  0.76 kB
packages/icons-react build: dist/packs/stroke-mono/icons/arrow-import.js               0.48 kB │ gzip: 0.33 kB │ map:  0.78 kB
packages/icons-react build: dist/packs/stroke-mono/icons/circle-connect.js             0.48 kB │ gzip: 0.34 kB │ map:  0.75 kB
packages/icons-react build: dist/packs/stroke-mono/icons/circles-blend.js              0.49 kB │ gzip: 0.30 kB │ map:  0.78 kB
packages/icons-react build: dist/packs/stroke-mono/icons/message-text.js               0.49 kB │ gzip: 0.36 kB │ map:  0.75 kB
packages/icons-react build: dist/packs/stroke-mono/icons/panel-left-close.js           0.49 kB │ gzip: 0.34 kB │ map:  0.79 kB
packages/icons-react build: dist/packs/stroke-mono/icons/circle-arrow-left.js          0.49 kB │ gzip: 0.33 kB │ map:  0.79 kB
packages/icons-react build: dist/packs/stroke-mono/icons/panel-left-open.js            0.49 kB │ gzip: 0.33 kB │ map:  0.79 kB
packages/icons-react build: dist/packs/stroke-mono/icons/san.js                        0.49 kB │ gzip: 0.32 kB │ map:  0.76 kB
packages/icons-react build: dist/packs/stroke-mono/icons/arrows-circle.js              0.49 kB │ gzip: 0.34 kB │ map:  0.75 kB
packages/icons-react build: dist/packs/stroke-mono/icons/clipboard-check.js            0.49 kB │ gzip: 0.33 kB │ map:  0.79 kB
packages/icons-react build: dist/packs/solid-mono/icons/zendesk.js                     0.49 kB │ gzip: 0.34 kB │ map:  0.74 kB
packages/icons-react build: dist/packs/stroke-mono/icons/clipboard-text.js             0.49 kB │ gzip: 0.33 kB │ map:  0.79 kB
packages/icons-react build: dist/packs/stroke-mono/icons/dollar-sign.js                0.49 kB │ gzip: 0.36 kB │ map:  0.75 kB
packages/icons-react build: dist/packs/stroke-mono/icons/infiniband.js                 0.49 kB │ gzip: 0.36 kB │ map:  0.75 kB
packages/icons-react build: dist/packs/stroke-mono/icons/square-bolt.js                0.49 kB │ gzip: 0.34 kB │ map:  0.78 kB
packages/icons-react build: dist/packs/stroke-mono/icons/circle-arrow-right.js         0.49 kB │ gzip: 0.34 kB │ map:  0.80 kB
packages/icons-react build: dist/packs/stroke-mono/icons/pin-disabled.js               0.49 kB │ gzip: 0.35 kB │ map:  0.75 kB
packages/icons-react build: dist/packs/stroke-mono/icons/square-dashed-line.js         0.50 kB │ gzip: 0.34 kB │ map:  0.80 kB
packages/icons-react build: dist/packs/stroke-mono/icons/app-window-arrow.js           0.50 kB │ gzip: 0.34 kB │ map:  0.80 kB
packages/icons-react build: dist/packs/stroke-mono/icons/target.js                     0.50 kB │ gzip: 0.33 kB │ map:  0.78 kB
packages/icons-react build: dist/packs/stroke-mono/icons/circle-arrow-up.js            0.50 kB │ gzip: 0.34 kB │ map:  0.80 kB
packages/icons-react build: dist/packs/stroke-mono/icons/note.js                       0.50 kB │ gzip: 0.32 kB │ map:  0.77 kB
packages/icons-react build: dist/packs/stroke-mono/icons/router.js                     0.50 kB │ gzip: 0.36 kB │ map:  0.82 kB
packages/icons-react build: dist/packs/stroke-mono/icons/sensor.js                     0.50 kB │ gzip: 0.33 kB │ map:  0.81 kB
packages/icons-react build: dist/packs/stroke-mono/icons/thumbs-down.js                0.50 kB │ gzip: 0.35 kB │ map:  0.76 kB
packages/icons-react build: dist/packs/stroke-mono/icons/brush-painting.js             0.50 kB │ gzip: 0.35 kB │ map:  0.77 kB
packages/icons-react build: dist/packs/stroke-mono/icons/eye-crossed.js                0.50 kB │ gzip: 0.38 kB │ map:  0.76 kB
packages/icons-react build: dist/packs/stroke-mono/icons/shopping-bag.js               0.50 kB │ gzip: 0.37 kB │ map:  0.76 kB
packages/icons-react build: dist/packs/stroke-mono/icons/microphone.js                 0.50 kB │ gzip: 0.34 kB │ map:  0.79 kB
packages/icons-react build: dist/packs/stroke-mono/icons/message-dots.js               0.50 kB │ gzip: 0.36 kB │ map:  0.76 kB
packages/icons-react build: dist/packs/stroke-mono/icons/vacuum-robot.js               0.50 kB │ gzip: 0.33 kB │ map:  0.84 kB
packages/icons-react build: dist/packs/stroke-mono/icons/circle-arrow-down.js          0.50 kB │ gzip: 0.34 kB │ map:  0.81 kB
packages/icons-react build: dist/packs/stroke-mono/icons/square-dashed-plus.js         0.50 kB │ gzip: 0.35 kB │ map:  0.81 kB
packages/icons-react build: dist/packs/stroke-multi/icons/circle-minus-gray.js         0.50 kB │ gzip: 0.34 kB │ map:  0.82 kB
packages/icons-react build: dist/packs/stroke-mono/icons/laptop.js                     0.50 kB │ gzip: 0.36 kB │ map:  0.79 kB
packages/icons-react build: dist/packs/stroke-mono/icons/video-camera.js               0.50 kB │ gzip: 0.36 kB │ map:  0.84 kB
packages/icons-react build: dist/packs/stroke-mono/icons/building.js                   0.51 kB │ gzip: 0.38 kB │ map:  0.76 kB
packages/icons-react build: dist/packs/stroke-mono/icons/messages.js                   0.51 kB │ gzip: 0.34 kB │ map:  0.76 kB
packages/icons-react build: dist/packs/stroke-mono/icons/square-dashed.js              0.51 kB │ gzip: 0.35 kB │ map:  0.80 kB
packages/icons-react build: dist/packs/stroke-mono/icons/clipboard-arrow.js            0.51 kB │ gzip: 0.34 kB │ map:  0.81 kB
packages/icons-react build: dist/packs/stroke-mono/icons/rectangle-image.js            0.51 kB │ gzip: 0.35 kB │ map:  0.85 kB
packages/icons-react build: dist/packs/stroke-mono/icons/scissors.js                   0.51 kB │ gzip: 0.34 kB │ map:  0.76 kB
packages/icons-react build: dist/packs/stroke-mono/icons/tape.js                       0.51 kB │ gzip: 0.31 kB │ map:  0.76 kB
packages/icons-react build: dist/packs/stroke-multi/icons/circle-info-blue.js          0.51 kB │ gzip: 0.35 kB │ map:  0.83 kB
packages/icons-react build: dist/packs/stroke-mono/icons/media-fast-forward.js         0.51 kB │ gzip: 0.38 kB │ map:  0.78 kB
packages/icons-react build: dist/packs/stroke-mono/icons/pc-tower-small.js             0.51 kB │ gzip: 0.35 kB │ map:  0.81 kB
packages/icons-react build: dist/packs/solid-mono/icons/communigate.js                 0.51 kB │ gzip: 0.36 kB │ map:  0.78 kB
packages/icons-react build: dist/packs/stroke-mono/icons/quotes.js                     0.51 kB │ gzip: 0.31 kB │ map:  0.76 kB
packages/icons-react build: dist/packs/stroke-multi/icons/circle-check-green.js        0.51 kB │ gzip: 0.35 kB │ map:  0.84 kB
packages/icons-react build: dist/packs/stroke-multi/icons/circle-clock-blue.js         0.51 kB │ gzip: 0.35 kB │ map:  0.84 kB
packages/icons-react build: dist/packs/stroke-mono/icons/crosshair-moving.js           0.52 kB │ gzip: 0.33 kB │ map:  0.85 kB
packages/icons-react build: dist/packs/stroke-mono/icons/map-pin.js                    0.52 kB │ gzip: 0.35 kB │ map:  0.80 kB
packages/icons-react build: dist/packs/stroke-mono/icons/ticket.js                     0.52 kB │ gzip: 0.35 kB │ map:  0.80 kB
packages/icons-react build: dist/packs/stroke-mono/icons/media-skip-forward.js         0.52 kB │ gzip: 0.37 kB │ map:  0.82 kB
packages/icons-react build: dist/packs/stroke-mono/icons/tower.js                      0.52 kB │ gzip: 0.38 kB │ map:  0.77 kB
packages/icons-react build: dist/packs/solid-mono/icons/virus-total.js                 0.52 kB │ gzip: 0.38 kB │ map:  0.78 kB
packages/icons-react build: dist/packs/solid-mono/icons/xen.js                         0.52 kB │ gzip: 0.38 kB │ map:  0.76 kB
packages/icons-react build: dist/packs/stroke-mono/icons/circle-help.js                0.52 kB │ gzip: 0.35 kB │ map:  0.81 kB
packages/icons-react build: dist/packs/stroke-mono/icons/laptop-phone.js               0.52 kB │ gzip: 0.36 kB │ map:  0.78 kB
packages/icons-react build: dist/packs/stroke-mono/icons/speaker.js                    0.52 kB │ gzip: 0.34 kB │ map:  0.80 kB
packages/icons-react build: dist/packs/stroke-multi/icons/circle-warning-orange.js     0.52 kB │ gzip: 0.35 kB │ map:  0.85 kB
packages/icons-react build: dist/packs/stroke-mono/icons/media-step-forward.js         0.52 kB │ gzip: 0.37 kB │ map:  0.82 kB
packages/icons-react build: dist/packs/stroke-mono/icons/signpost.js                   0.52 kB │ gzip: 0.34 kB │ map:  0.77 kB
packages/icons-react build: dist/packs/stroke-mono/icons/rectangles.js                 0.52 kB │ gzip: 0.34 kB │ map:  0.81 kB
packages/icons-react build: dist/packs/stroke-mono/icons/square-play.js                0.52 kB │ gzip: 0.35 kB │ map:  0.85 kB
packages/icons-react build: dist/packs/stroke-mono/icons/media-eject.js                0.52 kB │ gzip: 0.36 kB │ map:  0.81 kB
packages/icons-react build: dist/packs/stroke-mono/icons/tags.js                       0.52 kB │ gzip: 0.35 kB │ map:  0.77 kB
packages/icons-react build: dist/packs/stroke-mono/icons/folder.js                     0.52 kB │ gzip: 0.38 kB │ map:  0.77 kB
packages/icons-react build: dist/packs/solid-mono/icons/google.js                      0.52 kB │ gzip: 0.38 kB │ map:  0.77 kB
packages/icons-react build: dist/packs/stroke-mono/icons/headset.js                    0.53 kB │ gzip: 0.36 kB │ map:  0.78 kB
packages/icons-react build: dist/packs/stroke-mono/icons/water-sprinkler.js            0.53 kB │ gzip: 0.35 kB │ map:  0.79 kB
packages/icons-react build: dist/packs/stroke-mono/icons/monitor-check.js              0.53 kB │ gzip: 0.33 kB │ map:  0.85 kB
packages/icons-react build: dist/packs/stroke-mono/icons/media-skip-back.js            0.53 kB │ gzip: 0.37 kB │ map:  0.82 kB
packages/icons-react build: dist/packs/stroke-mono/icons/media-step-back.js            0.53 kB │ gzip: 0.37 kB │ map:  0.82 kB
packages/icons-react build: dist/packs/stroke-mono/icons/network-database.js           0.53 kB │ gzip: 0.38 kB │ map:  0.80 kB
packages/icons-react build: dist/packs/stroke-mono/icons/shield-key.js                 0.53 kB │ gzip: 0.36 kB │ map:  0.82 kB
packages/icons-react build: dist/packs/stroke-mono/icons/circle-key.js                 0.53 kB │ gzip: 0.35 kB │ map:  0.82 kB
packages/icons-react build: dist/packs/stroke-mono/icons/link.js                       0.53 kB │ gzip: 0.35 kB │ map:  0.78 kB
packages/icons-react build: dist/packs/stroke-mono/icons/box.js                        0.53 kB │ gzip: 0.36 kB │ map:  0.78 kB
packages/icons-react build: dist/packs/stroke-mono/icons/node-bridge.js                0.53 kB │ gzip: 0.35 kB │ map:  0.79 kB
packages/icons-react build: dist/packs/stroke-mono/icons/network-server.js             0.53 kB │ gzip: 0.36 kB │ map:  0.83 kB
packages/icons-react build: dist/packs/stroke-mono/icons/node-tree.js                  0.53 kB │ gzip: 0.33 kB │ map:  0.79 kB
packages/icons-react build: dist/packs/stroke-mono/icons/files.js                      0.53 kB │ gzip: 0.33 kB │ map:  0.81 kB
packages/icons-react build: dist/packs/stroke-mono/icons/bin.js                        0.53 kB │ gzip: 0.39 kB │ map:  0.78 kB
packages/icons-react build: dist/packs/stroke-mono/icons/thumbs-up.js                  0.54 kB │ gzip: 0.37 kB │ map:  0.79 kB
packages/icons-react build: dist/packs/stroke-mono/icons/monitors.js                   0.54 kB │ gzip: 0.35 kB │ map:  0.89 kB
packages/icons-react build: dist/packs/stroke-mono/icons/ssd-stick.js                  0.54 kB │ gzip: 0.35 kB │ map:  0.90 kB
packages/icons-react build: dist/packs/stroke-mono/icons/arrow-rotation-dot.js         0.54 kB │ gzip: 0.35 kB │ map:  0.81 kB
packages/icons-react build: dist/packs/stroke-mono/icons/server-cluster.js             0.54 kB │ gzip: 0.35 kB │ map:  0.81 kB
packages/icons-react build: dist/packs/stroke-mono/icons/triangle-warning.js           0.54 kB │ gzip: 0.38 kB │ map:  0.84 kB
packages/icons-react build: dist/packs/stroke-mono/icons/node-tree-left.js             0.54 kB │ gzip: 0.33 kB │ map:  0.81 kB
packages/icons-react build: dist/packs/stroke-mono/icons/infinity.js                   0.54 kB │ gzip: 0.36 kB │ map:  0.80 kB
packages/icons-react build: dist/packs/stroke-mono/icons/tower-cell.js                 0.54 kB │ gzip: 0.37 kB │ map:  0.80 kB
packages/icons-react build: dist/packs/stroke-mono/icons/node-triangle.js              0.54 kB │ gzip: 0.32 kB │ map:  0.81 kB
packages/icons-react build: dist/packs/stroke-mono/icons/file-presentation.js          0.54 kB │ gzip: 0.37 kB │ map:  0.85 kB
packages/icons-react build: dist/packs/stroke-mono/icons/network-tape.js               0.54 kB │ gzip: 0.35 kB │ map:  0.87 kB
packages/icons-react build: dist/packs/stroke-mono/icons/house-server.js               0.54 kB │ gzip: 0.37 kB │ map:  0.84 kB
packages/icons-react build: dist/packs/stroke-mono/icons/optical-disk.js               0.54 kB │ gzip: 0.34 kB │ map:  0.88 kB
packages/icons-react build: dist/packs/stroke-mono/icons/phone-waves.js                0.54 kB │ gzip: 0.36 kB │ map:  0.80 kB
packages/icons-react build: dist/packs/stroke-mono/icons/circles.js                    0.55 kB │ gzip: 0.27 kB │ map:  0.91 kB
packages/icons-react build: dist/packs/stroke-mono/icons/envelope-shield.js            0.55 kB │ gzip: 0.39 kB │ map:  0.81 kB
packages/icons-react build: dist/packs/stroke-mono/icons/file-terminal.js              0.55 kB │ gzip: 0.37 kB │ map:  0.84 kB
packages/icons-react build: dist/packs/stroke-mono/icons/gpu.js                        0.55 kB │ gzip: 0.33 kB │ map:  0.82 kB
packages/icons-react build: dist/packs/stroke-multi/icons/circle-times-red.js          0.55 kB │ gzip: 0.36 kB │ map:  0.87 kB
packages/icons-react build: dist/packs/stroke-mono/icons/node-tree-right.js            0.55 kB │ gzip: 0.33 kB │ map:  0.81 kB
packages/icons-react build: dist/packs/stroke-mono/icons/projector.js                  0.55 kB │ gzip: 0.36 kB │ map:  0.83 kB
packages/icons-react build: dist/packs/stroke-mono/icons/tv-remote.js                  0.55 kB │ gzip: 0.36 kB │ map:  0.83 kB
packages/icons-react build: dist/packs/stroke-mono/icons/file-code.js                  0.55 kB │ gzip: 0.37 kB │ map:  0.83 kB
packages/icons-react build: dist/packs/stroke-mono/icons/folder-opened.js              0.55 kB │ gzip: 0.39 kB │ map:  0.81 kB
packages/icons-react build: dist/packs/stroke-mono/icons/gamepad.js                    0.55 kB │ gzip: 0.38 kB │ map:  0.80 kB
packages/icons-react build: dist/packs/stroke-mono/icons/house.js                      0.55 kB │ gzip: 0.38 kB │ map:  0.83 kB
packages/icons-react build: dist/packs/stroke-mono/icons/tag.js                        0.55 kB │ gzip: 0.35 kB │ map:  0.83 kB
packages/icons-react build: dist/packs/stroke-mono/icons/circle-lock.js                0.55 kB │ gzip: 0.36 kB │ map:  0.84 kB
packages/icons-react build: dist/packs/stroke-mono/icons/circle-play.js                0.55 kB │ gzip: 0.36 kB │ map:  0.84 kB
packages/icons-react build: dist/packs/stroke-mono/icons/cloud-server.js               0.55 kB │ gzip: 0.39 kB │ map:  0.85 kB
packages/icons-react build: dist/packs/stroke-mono/icons/pin.js                        0.55 kB │ gzip: 0.38 kB │ map:  0.80 kB
packages/icons-react build: dist/packs/stroke-mono/icons/server.js                     0.55 kB │ gzip: 0.35 kB │ map:  0.86 kB
packages/icons-react build: dist/packs/solid-mono/icons/google-drive.js                0.56 kB │ gzip: 0.41 kB │ map:  0.82 kB
packages/icons-react build: dist/packs/stroke-mono/icons/lock.js                       0.56 kB │ gzip: 0.38 kB │ map:  0.83 kB
packages/icons-react build: dist/packs/stroke-mono/icons/scroll.js                     0.56 kB │ gzip: 0.37 kB │ map:  0.84 kB
packages/icons-react build: dist/packs/stroke-mono/icons/printer.js                    0.56 kB │ gzip: 0.36 kB │ map:  0.84 kB
packages/icons-react build: dist/packs/stroke-mono/icons/file-audio.js                 0.56 kB │ gzip: 0.38 kB │ map:  0.85 kB
packages/icons-react build: dist/packs/stroke-mono/icons/calendar-clock.js             0.56 kB │ gzip: 0.37 kB │ map:  0.86 kB
packages/icons-react build: dist/packs/stroke-mono/icons/cloud-grid.js                 0.56 kB │ gzip: 0.39 kB │ map:  0.85 kB
packages/icons-react build: dist/packs/stroke-mono/icons/cloud-bolt.js                 0.56 kB │ gzip: 0.39 kB │ map:  0.85 kB
packages/icons-react build: dist/packs/stroke-mono/icons/envelope.js                   0.56 kB │ gzip: 0.38 kB │ map:  0.85 kB
packages/icons-react build: dist/packs/stroke-mono/icons/raid.js                       0.56 kB │ gzip: 0.32 kB │ map:  0.98 kB
packages/icons-react build: dist/packs/stroke-mono/icons/square-pen.js                 0.56 kB │ gzip: 0.37 kB │ map:  0.85 kB
packages/icons-react build: dist/packs/stroke-mono/icons/clipboard-help.js             0.57 kB │ gzip: 0.38 kB │ map:  0.86 kB
packages/icons-react build: dist/packs/stroke-mono/icons/layout-cards.js               0.57 kB │ gzip: 0.33 kB │ map:  0.83 kB
packages/icons-react build: dist/packs/stroke-mono/icons/lock-opened.js                0.57 kB │ gzip: 0.39 kB │ map:  0.86 kB
packages/icons-react build: dist/packs/stroke-mono/icons/headset-lock.js               0.57 kB │ gzip: 0.41 kB │ map:  0.83 kB
packages/icons-react build: dist/packs/stroke-mono/icons/gauge.js                      0.58 kB │ gzip: 0.40 kB │ map:  0.82 kB
packages/icons-react build: dist/packs/stroke-mono/icons/star.js                       0.58 kB │ gzip: 0.41 kB │ map:  0.82 kB
packages/icons-react build: dist/packs/stroke-mono/icons/cloud-arrow-up.js             0.58 kB │ gzip: 0.40 kB │ map:  0.88 kB
packages/icons-react build: dist/packs/stroke-mono/icons/inbox.js                      0.58 kB │ gzip: 0.39 kB │ map:  0.86 kB
packages/icons-react build: dist/packs/stroke-mono/icons/shield-lock.js                0.58 kB │ gzip: 0.39 kB │ map:  0.87 kB
packages/icons-react build: dist/packs/stroke-mono/icons/coins.js                      0.58 kB │ gzip: 0.33 kB │ map:  0.86 kB
packages/icons-react build: dist/packs/stroke-mono/icons/circle-stop.js                0.58 kB │ gzip: 0.36 kB │ map:  0.87 kB
packages/icons-react build: dist/packs/stroke-mono/icons/servers.js                    0.58 kB │ gzip: 0.37 kB │ map:  0.87 kB
packages/icons-react build: dist/packs/stroke-mono/icons/cloud-sun.js                  0.58 kB │ gzip: 0.41 kB │ map:  0.84 kB
packages/icons-react build: dist/packs/stroke-mono/icons/circle-ip.js                  0.59 kB │ gzip: 0.41 kB │ map:  0.84 kB
packages/icons-react build: dist/packs/stroke-mono/icons/node-compare.js               0.59 kB │ gzip: 0.39 kB │ map:  0.85 kB
packages/icons-react build: dist/packs/stroke-mono/icons/camera.js                     0.59 kB │ gzip: 0.37 kB │ map:  0.87 kB
packages/icons-react build: dist/packs/stroke-mono/icons/rectangle-wifi.js             0.59 kB │ gzip: 0.41 kB │ map:  0.93 kB
packages/icons-react build: dist/packs/stroke-mono/icons/user-tie.js                   0.59 kB │ gzip: 0.41 kB │ map:  0.88 kB
packages/icons-react build: dist/packs/stroke-mono/icons/folder-plus.js                0.59 kB │ gzip: 0.41 kB │ map:  0.88 kB
packages/icons-react build: dist/packs/stroke-mono/icons/globe.js                      0.60 kB │ gzip: 0.36 kB │ map:  0.85 kB
packages/icons-react build: dist/packs/stroke-mono/icons/presentation.js               0.60 kB │ gzip: 0.39 kB │ map:  0.93 kB
packages/icons-react build: dist/packs/stroke-multi/icons/triangle-warning-yellow.js   0.60 kB │ gzip: 0.42 kB │ map:  0.94 kB
packages/icons-react build: dist/packs/stroke-mono/icons/solar-panel.js                0.61 kB │ gzip: 0.40 kB │ map:  0.90 kB
packages/icons-react build: dist/packs/stroke-mono/icons/drive.js                      0.61 kB │ gzip: 0.41 kB │ map:  0.89 kB
packages/icons-react build: dist/packs/stroke-mono/icons/water-drop.js                 0.61 kB │ gzip: 0.41 kB │ map:  0.90 kB
packages/icons-react build: dist/packs/stroke-mono/icons/tablet-phone.js               0.61 kB │ gzip: 0.37 kB │ map:  0.93 kB
packages/icons-react build: dist/packs/stroke-mono/icons/node-network.js               0.61 kB │ gzip: 0.36 kB │ map:  0.87 kB
packages/icons-react build: dist/packs/solid-mono/icons/meta-facebook.js               0.61 kB │ gzip: 0.42 kB │ map:  0.88 kB
packages/icons-react build: dist/packs/stroke-mono/icons/inbox-full.js                 0.61 kB │ gzip: 0.41 kB │ map:  0.90 kB
packages/icons-react build: dist/packs/stroke-mono/icons/truck.js                      0.62 kB │ gzip: 0.41 kB │ map:  0.93 kB
packages/icons-react build: dist/packs/stroke-mono/icons/folder-arrow-down.js          0.62 kB │ gzip: 0.42 kB │ map:  0.92 kB
packages/icons-react build: dist/packs/stroke-mono/icons/bucket.js                     0.62 kB │ gzip: 0.42 kB │ map:  0.87 kB
packages/icons-react build: dist/packs/stroke-mono/icons/circle-dollar.js              0.62 kB │ gzip: 0.41 kB │ map:  0.88 kB
packages/icons-react build: dist/packs/stroke-mono/icons/clouds.js                     0.62 kB │ gzip: 0.42 kB │ map:  0.87 kB
packages/icons-react build: dist/packs/stroke-mono/icons/home-appliances.js            0.62 kB │ gzip: 0.39 kB │ map:  1.02 kB
packages/icons-react build: dist/packs/stroke-mono/icons/network-folder.js             0.62 kB │ gzip: 0.42 kB │ map:  0.92 kB
packages/icons-react build: dist/packs/stroke-mono/icons/paw.js                        0.62 kB │ gzip: 0.36 kB │ map:  0.87 kB
packages/icons-react build: dist/packs/stroke-mono/icons/thermometer.js                0.62 kB │ gzip: 0.42 kB │ map:  0.92 kB
packages/icons-react build: dist/packs/stroke-mono/icons/tickets.js                    0.63 kB │ gzip: 0.40 kB │ map:  0.94 kB
packages/icons-react build: dist/packs/stroke-mono/icons/monitor-lock.js               0.63 kB │ gzip: 0.38 kB │ map:  0.95 kB
packages/icons-react build: dist/packs/stroke-mono/icons/shopping-bags.js              0.63 kB │ gzip: 0.41 kB │ map:  0.95 kB
packages/icons-react build: dist/packs/stroke-mono/icons/bolt.js                       0.63 kB │ gzip: 0.39 kB │ map:  0.88 kB
packages/icons-react build: dist/packs/stroke-mono/icons/key.js                        0.63 kB │ gzip: 0.43 kB │ map:  0.91 kB
packages/icons-react build: dist/packs/stroke-mono/icons/server-lock.js                0.64 kB │ gzip: 0.40 kB │ map:  0.95 kB
packages/icons-react build: dist/packs/stroke-mono/icons/database-snowflake.js         0.64 kB │ gzip: 0.42 kB │ map:  0.91 kB
packages/icons-react build: dist/packs/solid-mono/icons/google-youtube.js              0.64 kB │ gzip: 0.44 kB │ map:  0.92 kB
packages/icons-react build: dist/packs/stroke-mono/icons/node-path.js                  0.64 kB │ gzip: 0.37 kB │ map:  0.96 kB
packages/icons-react build: dist/packs/stroke-mono/icons/cloud-database.js             0.65 kB │ gzip: 0.43 kB │ map:  0.95 kB
packages/icons-react build: dist/packs/stroke-mono/icons/database.js                   0.65 kB │ gzip: 0.42 kB │ map:  0.90 kB
packages/icons-react build: dist/packs/stroke-mono/icons/file-search.js                0.65 kB │ gzip: 0.41 kB │ map:  0.94 kB
packages/icons-react build: dist/packs/stroke-mono/icons/phone.js                      0.65 kB │ gzip: 0.42 kB │ map:  0.90 kB
packages/icons-react build: dist/packs/stroke-mono/icons/file-signature.js             0.65 kB │ gzip: 0.44 kB │ map:  0.95 kB
packages/icons-react build: dist/packs/stroke-mono/icons/graduation-cap.js             0.65 kB │ gzip: 0.42 kB │ map:  0.95 kB
packages/icons-react build: dist/packs/stroke-mono/icons/cloud-shield.js               0.66 kB │ gzip: 0.44 kB │ map:  0.95 kB
packages/icons-react build: dist/packs/solid-mono/icons/oracle.js                      0.66 kB │ gzip: 0.39 kB │ map:  0.94 kB
packages/icons-react build: dist/packs/stroke-mono/icons/folder-arrows-up-down.js      0.66 kB │ gzip: 0.44 kB │ map:  0.97 kB
packages/icons-react build: dist/packs/stroke-mono/icons/node-cluster.js               0.66 kB │ gzip: 0.39 kB │ map:  0.92 kB
packages/icons-react build: dist/packs/stroke-mono/icons/folder-search.js              0.66 kB │ gzip: 0.42 kB │ map:  0.92 kB
packages/icons-react build: dist/packs/solid-mono/icons/x.js                           0.66 kB │ gzip: 0.45 kB │ map:  0.94 kB
packages/icons-react build: dist/packs/stroke-mono/icons/chart-pie.js                  0.66 kB │ gzip: 0.45 kB │ map:  0.91 kB
packages/icons-react build: dist/packs/stroke-mono/icons/file-image.js                 0.66 kB │ gzip: 0.44 kB │ map:  0.95 kB
packages/icons-react build: dist/packs/stroke-mono/icons/puzzle.js                     0.66 kB │ gzip: 0.41 kB │ map:  0.91 kB
packages/icons-react build: dist/packs/stroke-mono/icons/rocket.js                     0.66 kB │ gzip: 0.41 kB │ map:  0.97 kB
packages/icons-react build: dist/packs/stroke-mono/icons/firewall.js                   0.66 kB │ gzip: 0.44 kB │ map:  0.95 kB
packages/icons-react build: dist/packs/stroke-mono/icons/bell.js                       0.67 kB │ gzip: 0.45 kB │ map:  0.91 kB
packages/icons-react build: dist/packs/stroke-mono/icons/funnel.js                     0.67 kB │ gzip: 0.47 kB │ map:  0.92 kB
packages/icons-react build: dist/packs/solid-mono/icons/google-gmail.js                0.67 kB │ gzip: 0.43 kB │ map:  0.96 kB
packages/icons-react build: dist/packs/stroke-mono/icons/node-pyramid.js               0.67 kB │ gzip: 0.40 kB │ map:  0.93 kB
packages/icons-react build: dist/packs/stroke-mono/icons/present.js                    0.67 kB │ gzip: 0.44 kB │ map:  0.96 kB
packages/icons-react build: dist/packs/stroke-mono/icons/megaphone.js                  0.68 kB │ gzip: 0.45 kB │ map:  0.93 kB
packages/icons-react build: dist/packs/stroke-mono/icons/bulb.js                       0.68 kB │ gzip: 0.47 kB │ map:  0.93 kB
packages/icons-react build: dist/packs/stroke-mono/icons/bulb-crossed.js               0.68 kB │ gzip: 0.46 kB │ map:  0.94 kB
packages/icons-react build: dist/packs/stroke-mono/icons/monitor-cloud.js              0.68 kB │ gzip: 0.44 kB │ map:  1.01 kB
packages/icons-react build: dist/packs/stroke-mono/icons/cpu.js                        0.68 kB │ gzip: 0.38 kB │ map:  0.96 kB
packages/icons-react build: dist/packs/stroke-mono/icons/folder-shield.js              0.69 kB │ gzip: 0.46 kB │ map:  0.98 kB
packages/icons-react build: dist/packs/stroke-mono/icons/skull.js                      0.69 kB │ gzip: 0.41 kB │ map:  1.00 kB
packages/icons-react build: dist/packs/stroke-mono/icons/file-lock.js                  0.69 kB │ gzip: 0.44 kB │ map:  0.98 kB
packages/icons-react build: dist/packs/stroke-mono/icons/briefcase.js                  0.70 kB │ gzip: 0.45 kB │ map:  0.95 kB
packages/icons-react build: dist/packs/stroke-mono/icons/house-wifi.js                 0.70 kB │ gzip: 0.45 kB │ map:  0.99 kB
packages/icons-react build: dist/packs/stroke-mono/icons/inbox-lock.js                 0.70 kB │ gzip: 0.44 kB │ map:  1.02 kB
packages/icons-react build: dist/packs/stroke-multi/icons/circles-multi.js             0.70 kB │ gzip: 0.35 kB │ map:  1.21 kB
packages/icons-react build: dist/packs/stroke-mono/icons/circle-user.js                0.70 kB │ gzip: 0.43 kB │ map:  1.02 kB
packages/icons-react build: dist/packs/stroke-mono/icons/shopping-cart.js              0.71 kB │ gzip: 0.43 kB │ map:  0.97 kB
packages/icons-react build: dist/packs/stroke-mono/icons/layout-blocks.js              0.71 kB │ gzip: 0.35 kB │ map:  0.97 kB
packages/icons-react build: dist/packs/stroke-mono/icons/squares-backup.js             0.71 kB │ gzip: 0.41 kB │ map:  0.98 kB
packages/icons-react build: dist/packs/stroke-mono/icons/box-shield.js                 0.71 kB │ gzip: 0.47 kB │ map:  1.00 kB
packages/icons-react build: dist/packs/stroke-mono/icons/file-dollar.js                0.72 kB │ gzip: 0.46 kB │ map:  1.01 kB
packages/icons-react build: dist/packs/solid-mono/icons/agent-qnap.js                  0.72 kB │ gzip: 0.46 kB │ map:  1.01 kB
packages/icons-react build: dist/packs/stroke-mono/icons/bell-off.js                   0.72 kB │ gzip: 0.49 kB │ map:  0.97 kB
packages/icons-react build: dist/packs/solid-mono/icons/ionos.js                       0.72 kB │ gzip: 0.49 kB │ map:  0.98 kB
packages/icons-react build: dist/packs/stroke-mono/icons/car.js                        0.72 kB │ gzip: 0.44 kB │ map:  1.00 kB
packages/icons-react build: dist/packs/stroke-mono/icons/wrench.js                     0.72 kB │ gzip: 0.45 kB │ map:  0.97 kB
packages/icons-react build: dist/packs/stroke-mono/icons/database-fire.js              0.73 kB │ gzip: 0.44 kB │ map:  0.99 kB
packages/icons-react build: dist/packs/stroke-mono/icons/circle-pirate.js              0.73 kB │ gzip: 0.43 kB │ map:  1.08 kB
packages/icons-react build: dist/packs/stroke-mono/icons/user.js                       0.73 kB │ gzip: 0.48 kB │ map:  1.01 kB
packages/icons-react build: dist/packs/stroke-mono/icons/monitor-cog.js                0.74 kB │ gzip: 0.44 kB │ map:  1.03 kB
packages/icons-react build: dist/packs/stroke-mono/icons/node-share.js                 0.74 kB │ gzip: 0.45 kB │ map:  1.00 kB
packages/icons-react build: dist/packs/stroke-mono/icons/clipboard-cog.js              0.74 kB │ gzip: 0.45 kB │ map:  1.03 kB
packages/icons-react build: dist/packs/stroke-mono/icons/headset-cog.js                0.74 kB │ gzip: 0.46 kB │ map:  1.00 kB
packages/icons-react build: dist/packs/stroke-mono/icons/server-envelope.js            0.75 kB │ gzip: 0.41 kB │ map:  1.13 kB
packages/icons-react build: dist/packs/stroke-mono/icons/boxes.js                      0.75 kB │ gzip: 0.43 kB │ map:  1.03 kB
packages/icons-react build: dist/packs/stroke-mono/icons/folder-house.js               0.75 kB │ gzip: 0.46 kB │ map:  1.04 kB
packages/icons-react build: dist/packs/stroke-mono/icons/tapes.js                      0.76 kB │ gzip: 0.38 kB │ map:  1.09 kB
packages/icons-react build: dist/packs/stroke-mono/icons/sparkle.js                    0.76 kB │ gzip: 0.47 kB │ map:  1.01 kB
packages/icons-react build: dist/packs/stroke-mono/icons/server-cog.js                 0.76 kB │ gzip: 0.45 kB │ map:  1.05 kB
packages/icons-react build: dist/packs/solid-mono/icons/zoom.js                        0.76 kB │ gzip: 0.51 kB │ map:  1.01 kB
packages/icons-react build: dist/packs/stroke-mono/icons/book-user.js                  0.77 kB │ gzip: 0.48 kB │ map:  1.08 kB
packages/icons-react build: dist/packs/stroke-mono/icons/box-dashed.js                 0.77 kB │ gzip: 0.47 kB │ map:  1.05 kB
packages/icons-react build: dist/packs/stroke-mono/icons/folder-cloud.js               0.77 kB │ gzip: 0.49 kB │ map:  1.06 kB
packages/icons-react build: dist/packs/stroke-mono/icons/monitor-star.js               0.77 kB │ gzip: 0.46 kB │ map:  1.09 kB
packages/icons-react build: dist/packs/stroke-mono/icons/file-badge.js                 0.79 kB │ gzip: 0.49 kB │ map:  1.11 kB
packages/icons-react build: dist/packs/stroke-mono/icons/diamond-warning.js            0.79 kB │ gzip: 0.42 kB │ map:  1.17 kB
packages/icons-react build: dist/packs/stroke-mono/icons/lock-wifi.js                  0.80 kB │ gzip: 0.50 kB │ map:  1.12 kB
packages/icons-react build: dist/lib/svg-icon.js                                       0.81 kB │ gzip: 0.47 kB │ map:  2.93 kB
packages/icons-react build: dist/packs/solid-mono/icons/kvm.js                         0.82 kB │ gzip: 0.55 kB │ map:  1.06 kB
packages/icons-react build: dist/packs/stroke-mono/icons/cloud-user.js                 0.82 kB │ gzip: 0.51 kB │ map:  1.14 kB
packages/icons-react build: dist/packs/stroke-mono/icons/book-play.js                  0.82 kB │ gzip: 0.47 kB │ map:  1.10 kB
packages/icons-react build: dist/packs/stroke-mono/icons/note-play.js                  0.82 kB │ gzip: 0.49 kB │ map:  1.11 kB
packages/icons-react build: dist/packs/stroke-mono/icons/patch.js                      0.82 kB │ gzip: 0.45 kB │ map:  1.18 kB
packages/icons-react build: dist/packs/stroke-mono/icons/crosshair.js                  0.83 kB │ gzip: 0.43 kB │ map:  1.25 kB
packages/icons-react build: dist/packs/stroke-mono/icons/file-video.js                 0.83 kB │ gzip: 0.48 kB │ map:  1.11 kB
packages/icons-react build: dist/packs/solid-mono/icons/linkedin.js                    0.83 kB │ gzip: 0.50 kB │ map:  1.09 kB
packages/icons-react build: dist/packs/stroke-mono/icons/file-cog.js                   0.83 kB │ gzip: 0.49 kB │ map:  1.12 kB
packages/icons-react build: dist/packs/stroke-mono/icons/user-star.js                  0.84 kB │ gzip: 0.51 kB │ map:  1.12 kB
packages/icons-react build: dist/packs/stroke-mono/icons/folder-user.js                0.84 kB │ gzip: 0.51 kB │ map:  1.16 kB
packages/icons-react build: dist/packs/solid-mono/icons/microsoft-exchange.js          0.84 kB │ gzip: 0.52 kB │ map:  1.16 kB
packages/icons-react build: dist/packs/stroke-mono/icons/layout-grid.js                0.85 kB │ gzip: 0.44 kB │ map:  1.11 kB
packages/icons-react build: dist/packs/stroke-mono/icons/inbox-user.js                 0.85 kB │ gzip: 0.51 kB │ map:  1.20 kB
packages/icons-react build: dist/packs/solid-mono/icons/dropbox.js                     0.86 kB │ gzip: 0.51 kB │ map:  1.15 kB
packages/icons-react build: dist/packs/stroke-mono/icons/cloud-box.js                  0.86 kB │ gzip: 0.53 kB │ map:  1.15 kB
packages/icons-react build: dist/packs/stroke-mono/icons/folder-infinity.js            0.86 kB │ gzip: 0.51 kB │ map:  1.16 kB
packages/icons-react build: dist/packs/solid-mono/icons/google-android.js              0.87 kB │ gzip: 0.52 kB │ map:  1.13 kB
packages/icons-react build: dist/packs/stroke-mono/icons/node-web.js                   0.87 kB │ gzip: 0.54 kB │ map:  1.13 kB
packages/icons-react build: dist/packs/stroke-mono/icons/users.js                      0.87 kB │ gzip: 0.53 kB │ map:  1.18 kB
packages/icons-react build: dist/packs/solid-mono/icons/salesforce.js                  0.88 kB │ gzip: 0.55 kB │ map:  1.15 kB
packages/icons-react build: dist/packs/stroke-mono/icons/user-cog.js                   0.89 kB │ gzip: 0.53 kB │ map:  1.18 kB
packages/icons-react build: dist/packs/solid-mono/icons/microsoft-azure.js             0.89 kB │ gzip: 0.52 kB │ map:  1.19 kB
packages/icons-react build: dist/packs/solid-mono/icons/apple.js                       0.90 kB │ gzip: 0.57 kB │ map:  1.15 kB
packages/icons-react build: dist/packs/solid-mono/icons/acronis-cloud.js               0.92 kB │ gzip: 0.59 kB │ map:  1.22 kB
packages/icons-react build: dist/packs/stroke-mono/icons/file-sparkle.js               0.93 kB │ gzip: 0.55 kB │ map:  1.23 kB
packages/icons-react build: dist/packs/stroke-mono/icons/shield-sparkle.js             0.94 kB │ gzip: 0.54 kB │ map:  1.23 kB
packages/icons-react build: dist/packs/solid-mono/icons/redhat.js                      0.94 kB │ gzip: 0.58 kB │ map:  1.19 kB
packages/icons-react build: dist/packs/stroke-multi/icons/diamond-warning-red.js       0.96 kB │ gzip: 0.47 kB │ map:  1.41 kB
packages/icons-react build: dist/packs/solid-mono/icons/nutanix.js                     0.96 kB │ gzip: 0.54 kB │ map:  1.22 kB
packages/icons-react build: dist/packs/stroke-mono/icons/box-stack.js                  0.97 kB │ gzip: 0.56 kB │ map:  1.25 kB
packages/icons-react build: dist/packs/stroke-mono/icons/message-sparkle.js            0.97 kB │ gzip: 0.58 kB │ map:  1.27 kB
packages/icons-react build: dist/packs/stroke-mono/icons/database-group.js             0.99 kB │ gzip: 0.57 kB │ map:  1.29 kB
packages/icons-react build: dist/packs/stroke-mono/icons/headset-sparkle.js            1.01 kB │ gzip: 0.57 kB │ map:  1.34 kB
packages/icons-react build: dist/packs/solid-mono/icons/omnivoice.js                   1.02 kB │ gzip: 0.58 kB │ map:  1.28 kB
packages/icons-react build: dist/packs/solid-mono/icons/microsoft-word.js              1.03 kB │ gzip: 0.62 kB │ map:  1.29 kB
packages/icons-react build: dist/packs/stroke-mono/icons/badge-percent.js              1.04 kB │ gzip: 0.53 kB │ map:  1.31 kB
packages/icons-react build: dist/packs/solid-mono/icons/splashtop.js                   1.05 kB │ gzip: 0.64 kB │ map:  1.33 kB
packages/icons-react build: dist/packs/stroke-mono/icons/database-cluster.js           1.05 kB │ gzip: 0.59 kB │ map:  1.38 kB
packages/icons-react build: dist/packs/stroke-mono/icons/sparkles.js                   1.07 kB │ gzip: 0.57 kB │ map:  1.33 kB
packages/icons-react build: dist/packs/solid-mono/icons/microsoft-dynamics.js          1.07 kB │ gzip: 0.64 kB │ map:  1.35 kB
packages/icons-react build: dist/packs/stroke-mono/icons/nodes-circle.js               1.08 kB │ gzip: 0.53 kB │ map:  1.37 kB
packages/icons-react build: dist/packs/solid-mono/icons/citrix.js                      1.09 kB │ gzip: 0.54 kB │ map:  1.34 kB
packages/icons-react build: dist/packs/solid-mono/icons/microsoft-entra-id.js          1.11 kB │ gzip: 0.67 kB │ map:  1.41 kB
packages/icons-react build: dist/packs/solid-mono/icons/wasabi.js                      1.11 kB │ gzip: 0.65 kB │ map:  1.36 kB
packages/icons-react build: dist/packs/solid-mono/icons/acronis-ai.js                  1.12 kB │ gzip: 0.61 kB │ map:  1.38 kB
packages/icons-react build: dist/packs/solid-mono/icons/slack.js                       1.12 kB │ gzip: 0.48 kB │ map:  1.37 kB
packages/icons-react build: dist/packs/stroke-mono/icons/list-folder-tree.js           1.12 kB │ gzip: 0.54 kB │ map:  1.42 kB
packages/icons-react build: dist/packs/solid-mono/icons/cis.js                         1.14 kB │ gzip: 0.68 kB │ map:  1.39 kB
packages/icons-react build: dist/packs/stroke-mono/icons/badge-check.js                1.14 kB │ gzip: 0.58 kB │ map:  1.40 kB
packages/icons-react build: dist/packs/solid-mono/icons/cpoc.js                        1.16 kB │ gzip: 0.67 kB │ map:  1.44 kB
packages/icons-react build: dist/packs/stroke-mono/icons/badge-arrow-up.js             1.22 kB │ gzip: 0.62 kB │ map:  1.52 kB
packages/icons-react build: dist/packs/solid-mono/icons/reddit.js                      1.23 kB │ gzip: 0.61 kB │ map:  1.52 kB
packages/icons-react build: dist/packs/solid-mono/icons/meta-whatsapp.js               1.26 kB │ gzip: 0.73 kB │ map:  1.53 kB
packages/icons-react build: dist/packs/solid-mono/icons/microsoft-teams.js             1.26 kB │ gzip: 0.69 kB │ map:  1.53 kB
packages/icons-react build: dist/packs/solid-mono/icons/microsoft365.js                1.26 kB │ gzip: 0.76 kB │ map:  1.53 kB
packages/icons-react build: dist/packs/solid-mono/icons/microsoft-onenote.js           1.28 kB │ gzip: 0.76 kB │ map:  1.56 kB
packages/icons-react build: dist/packs/stroke-mono/icons/award.js                      1.31 kB │ gzip: 0.64 kB │ map:  1.59 kB
packages/icons-react build: dist/packs/solid-mono/icons/microsoft-one-drive.js         1.33 kB │ gzip: 0.80 kB │ map:  1.61 kB
packages/icons-react build: dist/packs/solid-mono/icons/synology.js                    1.35 kB │ gzip: 0.70 kB │ map:  1.61 kB
packages/icons-react build: dist/packs/solid-mono/icons/vmware.js                      1.37 kB │ gzip: 0.66 kB │ map:  1.62 kB
packages/icons-react build: dist/packs/stroke-mono/icons/badge-key.js                  1.37 kB │ gzip: 0.69 kB │ map:  1.66 kB
packages/icons-react build: dist/packs/solid-mono/icons/impossible-cloud.js            1.46 kB │ gzip: 0.72 kB │ map:  1.74 kB
packages/icons-react build: dist/packs/solid-mono/icons/box-com.js                     1.47 kB │ gzip: 0.75 kB │ map:  1.72 kB
packages/icons-react build: dist/packs/solid-mono/icons/s3.js                          1.51 kB │ gzip: 0.87 kB │ map:  1.77 kB
packages/icons-react build: dist/packs/solid-mono/icons/microsoft-defender.js          1.62 kB │ gzip: 0.94 kB │ map:  1.90 kB
packages/icons-react build: dist/packs/solid-mono/icons/great-horn.js                  1.67 kB │ gzip: 0.89 kB │ map:  1.97 kB
packages/icons-react build: dist/packs/solid-mono/icons/spiceworks.js                  1.72 kB │ gzip: 0.94 kB │ map:  1.98 kB
packages/icons-react build: dist/packs/solid-mono/icons/microsoft-sharepoint.js        1.76 kB │ gzip: 0.98 kB │ map:  2.04 kB
packages/icons-react build: dist/packs/solid-mono/icons/pdf.js                         1.80 kB │ gzip: 1.03 kB │ map:  2.05 kB
packages/icons-react build: dist/packs/solid-mono/icons/kubernetes.js                  1.85 kB │ gzip: 1.02 kB │ map:  2.12 kB
packages/icons-react build: dist/packs/solid-mono/icons/compliance-pci.js              1.86 kB │ gzip: 1.01 kB │ map:  2.17 kB
packages/icons-react build: dist/packs/solid-mono/icons/proxmox.js                     1.93 kB │ gzip: 1.02 kB │ map:  2.18 kB
packages/icons-react build: dist/packs/solid-mono/icons/sql.js                         1.94 kB │ gzip: 1.07 kB │ map:  2.23 kB
packages/icons-react build: dist/packs/solid-mono/icons/cisco.js                       2.01 kB │ gzip: 1.13 kB │ map:  2.26 kB
packages/icons-react build: dist/packs/solid-mono/icons/microsoft-outlook.js           2.04 kB │ gzip: 1.12 kB │ map:  2.32 kB
packages/icons-react build: dist/stroke-multi/index.js                                 2.12 kB │ gzip: 0.55 kB │ map:  2.81 kB
packages/icons-react build: dist/packs/solid-multi/icons/acronis-ai-multi.js           2.13 kB │ gzip: 0.88 kB │ map:  2.79 kB
packages/icons-react build: dist/packs/solid-mono/icons/linux.js                       2.27 kB │ gzip: 1.16 kB │ map:  2.57 kB
packages/icons-react build: dist/packs/stroke-mono/icons/cog.js                        2.85 kB │ gzip: 1.40 kB │ map:  3.13 kB
packages/icons-react build: dist/packs/solid-mono/icons/minio.js                       2.89 kB │ gzip: 1.53 kB │ map:  3.18 kB
packages/icons-react build: dist/packs/solid-mono/icons/meta-instagram.js              3.14 kB │ gzip: 1.50 kB │ map:  3.41 kB
packages/icons-react build: dist/packs/solid-mono/icons/aws.js                         4.43 kB │ gzip: 2.20 kB │ map:  4.78 kB
packages/icons-react build: dist/packs/solid-mono/icons/compliance-gdpr.js             6.83 kB │ gzip: 1.89 kB │ map:  7.11 kB
packages/icons-react build: dist/packs/solid-mono/icons/compliance-hipaa.js            7.06 kB │ gzip: 3.21 kB │ map:  7.33 kB
packages/icons-react build: dist/packs/solid-mono/icons/postgresql.js                  7.17 kB │ gzip: 3.48 kB │ map:  7.43 kB
packages/icons-react build: dist/solid-mono/index.js                                   8.26 kB │ gzip: 1.92 kB │ map:  9.90 kB
packages/icons-react build: dist/packs/solid-mono/icons/compliance-e8.js               9.77 kB │ gzip: 4.24 kB │ map: 10.14 kB
packages/icons-react build: dist/stroke-mono/index.js                                 48.66 kB │ gzip: 9.26 kB │ map: 55.46 kB
packages/icons-react build: [unplugin:dts] Declaration files built in 1455ms.
packages/icons-react build: ✓ built in 1.90s
packages/icons-react build: Done
tools/style-dictionary build: ✓ dist/assets/web-illustrations: 546 files
tools/style-dictionary build: Done
apps/demo build: ✓ 6263 modules transformed.
apps/demo build: rendering chunks...
apps/demo build: computing gzip size...
apps/demo build: dist/index.html                     1.67 kB │ gzip:     0.80 kB
apps/demo build: dist/assets/index-Dl55Cpzt.css    304.59 kB │ gzip:    26.90 kB
apps/demo build: dist/assets/index-CZcPcLgs.js   6,532.13 kB │ gzip: 1,614.07 kB
apps/demo build: (!) Some chunks are larger than 500 kB after minification. Consider:
apps/demo build: - Using dynamic import() to code-split the application
apps/demo build: - Use build.rollupOptions.output.manualChunks to improve chunking: https://rollupjs.org/configuration-options/#output-manualchunks
apps/demo build: - Adjust chunk size limit for this warning via build.chunkSizeWarningLimit.
apps/demo build: ✓ built in 7.56s
apps/demo build: Done
packages/tokens-pd build$ pnpm --filter @acronis-platform/style-dictionary build pd-css pd-tailwind
packages/tokens-pd build: > @acronis-platform/style-dictionary@0.1.0 build /Users/Mladen.Tsvetkov/projects/ui-kit/uikit/tools/style-dictionary
packages/tokens-pd build: > tsx src/index.ts pd-css pd-tailwind
packages/tokens-pd build: ✓ ../../packages/tokens-pd/dtcg/primitives-light.json
packages/tokens-pd build: ✓ ../../packages/tokens-pd/dtcg/primitives-dark.json
packages/tokens-pd build: ✓ ../../packages/tokens-pd/dtcg/semantics-acronis.json
packages/tokens-pd build: ✓ ../../packages/tokens-pd/dtcg/components-acronis.json
packages/tokens-pd build: ✓ ../../packages/tokens-pd/dtcg/semantics-deep-sky.json
packages/tokens-pd build: ✓ ../../packages/tokens-pd/dtcg/components-deep-sky.json
packages/tokens-pd build: ✓ ../../packages/tokens-pd/css/acronis.css
packages/tokens-pd build: ✓ ../../packages/tokens-pd/css/Avatar/acronis.css
packages/tokens-pd build: ✓ ../../packages/tokens-pd/css/Breadcrumb/acronis.css
packages/tokens-pd build: ✓ ../../packages/tokens-pd/css/Button/acronis.css
packages/tokens-pd build: ✓ ../../packages/tokens-pd/css/ButtonIcon/acronis.css
packages/tokens-pd build: ✓ ../../packages/tokens-pd/css/ButtonMenu/acronis.css
packages/tokens-pd build: ✓ ../../packages/tokens-pd/css/CardFilter/acronis.css
packages/tokens-pd build: ✓ ../../packages/tokens-pd/css/Checkbox/acronis.css
packages/tokens-pd build: ✓ ../../packages/tokens-pd/css/Chips/acronis.css
packages/tokens-pd build: ✓ ../../packages/tokens-pd/css/InputDatePicker/acronis.css
packages/tokens-pd build: ✓ ../../packages/tokens-pd/css/InputSearch/acronis.css
packages/tokens-pd build: ✓ ../../packages/tokens-pd/css/InputSelect/acronis.css
packages/tokens-pd build: ✓ ../../packages/tokens-pd/css/InputText/acronis.css
packages/tokens-pd build: ✓ ../../packages/tokens-pd/css/InputTextArea/acronis.css
packages/tokens-pd build: ✓ ../../packages/tokens-pd/css/Link/acronis.css
packages/tokens-pd build: ✓ ../../packages/tokens-pd/css/Radio/acronis.css
packages/tokens-pd build: ✓ ../../packages/tokens-pd/css/Resizable/acronis.css
packages/tokens-pd build: ✓ ../../packages/tokens-pd/css/SearchGlobal/acronis.css
packages/tokens-pd build: ✓ ../../packages/tokens-pd/css/SidebarPrimary/acronis.css
packages/tokens-pd build: ✓ ../../packages/tokens-pd/css/SidebarSecondary/acronis.css
packages/tokens-pd build: ✓ ../../packages/tokens-pd/css/Switch/acronis.css
packages/tokens-pd build: ✓ ../../packages/tokens-pd/css/Table/acronis.css
packages/tokens-pd build: ✓ ../../packages/tokens-pd/css/Tag/acronis.css
packages/tokens-pd build: ✓ ../../packages/tokens-pd/css/Tooltip/acronis.css
packages/tokens-pd build: ✓ ../../packages/tokens-pd/css/deep-sky.css
packages/tokens-pd build: ✓ ../../packages/tokens-pd/css/Avatar/deep-sky.css
packages/tokens-pd build: ✓ ../../packages/tokens-pd/css/Breadcrumb/deep-sky.css
packages/tokens-pd build: ✓ ../../packages/tokens-pd/css/Button/deep-sky.css
packages/tokens-pd build: ✓ ../../packages/tokens-pd/css/ButtonIcon/deep-sky.css
packages/tokens-pd build: ✓ ../../packages/tokens-pd/css/ButtonMenu/deep-sky.css
packages/tokens-pd build: ✓ ../../packages/tokens-pd/css/CardFilter/deep-sky.css
packages/tokens-pd build: ✓ ../../packages/tokens-pd/css/Checkbox/deep-sky.css
packages/tokens-pd build: ✓ ../../packages/tokens-pd/css/Chips/deep-sky.css
packages/tokens-pd build: ✓ ../../packages/tokens-pd/css/InputDatePicker/deep-sky.css
packages/tokens-pd build: ✓ ../../packages/tokens-pd/css/InputSearch/deep-sky.css
packages/tokens-pd build: ✓ ../../packages/tokens-pd/css/InputSelect/deep-sky.css
packages/tokens-pd build: ✓ ../../packages/tokens-pd/css/InputText/deep-sky.css
packages/tokens-pd build: ✓ ../../packages/tokens-pd/css/InputTextArea/deep-sky.css
packages/tokens-pd build: ✓ ../../packages/tokens-pd/css/Link/deep-sky.css
packages/tokens-pd build: ✓ ../../packages/tokens-pd/css/Radio/deep-sky.css
packages/tokens-pd build: ✓ ../../packages/tokens-pd/css/Resizable/deep-sky.css
packages/tokens-pd build: ✓ ../../packages/tokens-pd/css/SearchGlobal/deep-sky.css
packages/tokens-pd build: ✓ ../../packages/tokens-pd/css/SidebarPrimary/deep-sky.css
packages/tokens-pd build: ✓ ../../packages/tokens-pd/css/SidebarSecondary/deep-sky.css
packages/tokens-pd build: ✓ ../../packages/tokens-pd/css/Switch/deep-sky.css
packages/tokens-pd build: ✓ ../../packages/tokens-pd/css/Table/deep-sky.css
packages/tokens-pd build: ✓ ../../packages/tokens-pd/css/Tag/deep-sky.css
packages/tokens-pd build: ✓ ../../packages/tokens-pd/css/Tooltip/deep-sky.css
packages/tokens-pd build: ✓ ../../packages/tokens-pd/tailwind/acronis/tokens.js
packages/tokens-pd build: ✓ ../../packages/tokens-pd/tailwind/acronis/components/Avatar.js
packages/tokens-pd build: tailwind: skipped unroutable component color token (kept in CSS/tiers; fix naming in Figma): Avatar.color.orange
packages/tokens-pd build: tailwind: skipped unroutable component color token (kept in CSS/tiers; fix naming in Figma): Avatar.color.red
packages/tokens-pd build: tailwind: skipped unroutable component color token (kept in CSS/tiers; fix naming in Figma): Avatar.color.teal
packages/tokens-pd build: tailwind: skipped unroutable component color token (kept in CSS/tiers; fix naming in Figma): Avatar.color.violet
packages/tokens-pd build: tailwind: skipped unroutable component color token (kept in CSS/tiers; fix naming in Figma): Avatar.color.yellow
packages/tokens-pd build: ✓ ../../packages/tokens-pd/tailwind/acronis/components/Breadcrumb.js
packages/tokens-pd build: ✓ ../../packages/tokens-pd/tailwind/acronis/components/Button.js
packages/tokens-pd build: ✓ ../../packages/tokens-pd/tailwind/acronis/components/ButtonIcon.js
packages/tokens-pd build: ✓ ../../packages/tokens-pd/tailwind/acronis/components/ButtonMenu.js
packages/tokens-pd build: ✓ ../../packages/tokens-pd/tailwind/acronis/components/CardFilter.js
packages/tokens-pd build: ✓ ../../packages/tokens-pd/tailwind/acronis/components/Checkbox.js
packages/tokens-pd build: ✓ ../../packages/tokens-pd/tailwind/acronis/components/Chips.js
packages/tokens-pd build: tailwind: skipped unroutable component color token (kept in CSS/tiers; fix naming in Figma): InputDatePicker._global.separator.color.disabled
packages/tokens-pd build: tailwind: skipped unroutable component color token (kept in CSS/tiers; fix naming in Figma): InputDatePicker._global.separator.color.hover
packages/tokens-pd build: tailwind: skipped unroutable component color token (kept in CSS/tiers; fix naming in Figma): InputDatePicker._global.separator.color.idle
packages/tokens-pd build: ✓ ../../packages/tokens-pd/tailwind/acronis/components/InputDatePicker.js
packages/tokens-pd build: tailwind: skipped unroutable component color token (kept in CSS/tiers; fix naming in Figma): InputSearch.color.disabled
packages/tokens-pd build: tailwind: skipped unroutable component color token (kept in CSS/tiers; fix naming in Figma): InputSearch.color.hover
packages/tokens-pd build: tailwind: skipped unroutable component color token (kept in CSS/tiers; fix naming in Figma): InputSearch.color.idle
packages/tokens-pd build: ✓ ../../packages/tokens-pd/tailwind/acronis/components/InputSearch.js
packages/tokens-pd build: tailwind: skipped unroutable component color token (kept in CSS/tiers; fix naming in Figma): InputSelect.DropdownItem._global.iconChecked
packages/tokens-pd build: tailwind: skipped unroutable component color token (kept in CSS/tiers; fix naming in Figma): InputSelect.DropdownItem._global.iconCollapse
packages/tokens-pd build: tailwind: skipped unroutable component color token (kept in CSS/tiers; fix naming in Figma): InputSelect.DropdownItem._global.iconTenant
packages/tokens-pd build: tailwind: skipped unroutable component color token (kept in CSS/tiers; fix naming in Figma): InputSelect.DropdownSection.labelGroup.color
packages/tokens-pd build: tailwind: skipped unroutable component color token (kept in CSS/tiers; fix naming in Figma): InputSelect.normal.iconExpand.color.disabled
packages/tokens-pd build: tailwind: skipped unroutable component color token (kept in CSS/tiers; fix naming in Figma): InputSelect.normal.iconExpand.color.hover
packages/tokens-pd build: tailwind: skipped unroutable component color token (kept in CSS/tiers; fix naming in Figma): InputSelect.normal.iconExpand.color.idle
packages/tokens-pd build: ✓ ../../packages/tokens-pd/tailwind/acronis/components/InputSelect.js
packages/tokens-pd build: ✓ ../../packages/tokens-pd/tailwind/acronis/components/InputText.js
packages/tokens-pd build: ✓ ../../packages/tokens-pd/tailwind/acronis/components/InputTextArea.js
packages/tokens-pd build: tailwind: skipped unroutable component color token (kept in CSS/tiers; fix naming in Figma): Link.color.active
packages/tokens-pd build: tailwind: skipped unroutable component color token (kept in CSS/tiers; fix naming in Figma): Link.color.disabled
packages/tokens-pd build: tailwind: skipped unroutable component color token (kept in CSS/tiers; fix naming in Figma): Link.color.hover
packages/tokens-pd build: tailwind: skipped unroutable component color token (kept in CSS/tiers; fix naming in Figma): Link.color.idle
packages/tokens-pd build: ✓ ../../packages/tokens-pd/tailwind/acronis/components/Link.js
packages/tokens-pd build: ✓ ../../packages/tokens-pd/tailwind/acronis/components/Radio.js
packages/tokens-pd build: tailwind: skipped unroutable component color token (kept in CSS/tiers; fix naming in Figma): Resizable.bar.color
packages/tokens-pd build: ✓ ../../packages/tokens-pd/tailwind/acronis/components/Resizable.js
packages/tokens-pd build: tailwind: skipped unroutable component color token (kept in CSS/tiers; fix naming in Figma): SearchGlobal.placeholoder.color
packages/tokens-pd build: ✓ ../../packages/tokens-pd/tailwind/acronis/components/SearchGlobal.js
packages/tokens-pd build: ✓ ../../packages/tokens-pd/tailwind/acronis/components/SidebarPrimary.js
packages/tokens-pd build: ✓ ../../packages/tokens-pd/tailwind/acronis/components/SidebarSecondary.js
packages/tokens-pd build: ✓ ../../packages/tokens-pd/tailwind/acronis/components/Switch.js
packages/tokens-pd build: tailwind: skipped unroutable component color token (kept in CSS/tiers; fix naming in Figma): Table.Header.cell.color.active
packages/tokens-pd build: tailwind: skipped unroutable component color token (kept in CSS/tiers; fix naming in Figma): Table.Header.cell.color.hover
packages/tokens-pd build: tailwind: skipped unroutable component color token (kept in CSS/tiers; fix naming in Figma): Table.Header.cell.color.idle
packages/tokens-pd build: tailwind: skipped unroutable component color token (kept in CSS/tiers; fix naming in Figma): Table.Header.sortIcon.color.active
packages/tokens-pd build: tailwind: skipped unroutable component color token (kept in CSS/tiers; fix naming in Figma): Table.Header.sortIcon.color.inactive
packages/tokens-pd build: tailwind: skipped unroutable component color token (kept in CSS/tiers; fix naming in Figma): Table._global.row.color.active
packages/tokens-pd build: tailwind: skipped unroutable component color token (kept in CSS/tiers; fix naming in Figma): Table._global.row.color.hover
packages/tokens-pd build: tailwind: skipped unroutable component color token (kept in CSS/tiers; fix naming in Figma): Table._global.row.color.idle
packages/tokens-pd build: ✓ ../../packages/tokens-pd/tailwind/acronis/components/Table.js
packages/tokens-pd build: ✓ ../../packages/tokens-pd/tailwind/acronis/components/Tag.js
packages/tokens-pd build: ✓ ../../packages/tokens-pd/tailwind/acronis/components/Tooltip.js
packages/tokens-pd build: ✓ ../../packages/tokens-pd/tailwind/deep-sky/tokens.js
packages/tokens-pd build: tailwind: skipped unroutable component color token (kept in CSS/tiers; fix naming in Figma): Avatar.color.orange
packages/tokens-pd build: tailwind: skipped unroutable component color token (kept in CSS/tiers; fix naming in Figma): Avatar.color.red
packages/tokens-pd build: tailwind: skipped unroutable component color token (kept in CSS/tiers; fix naming in Figma): Avatar.color.teal
packages/tokens-pd build: tailwind: skipped unroutable component color token (kept in CSS/tiers; fix naming in Figma): Avatar.color.violet
packages/tokens-pd build: tailwind: skipped unroutable component color token (kept in CSS/tiers; fix naming in Figma): Avatar.color.yellow
packages/tokens-pd build: ✓ ../../packages/tokens-pd/tailwind/deep-sky/components/Avatar.js
packages/tokens-pd build: ✓ ../../packages/tokens-pd/tailwind/deep-sky/components/Breadcrumb.js
packages/tokens-pd build: ✓ ../../packages/tokens-pd/tailwind/deep-sky/components/Button.js
packages/tokens-pd build: ✓ ../../packages/tokens-pd/tailwind/deep-sky/components/ButtonIcon.js
packages/tokens-pd build: ✓ ../../packages/tokens-pd/tailwind/deep-sky/components/ButtonMenu.js
packages/tokens-pd build: ✓ ../../packages/tokens-pd/tailwind/deep-sky/components/CardFilter.js
packages/tokens-pd build: ✓ ../../packages/tokens-pd/tailwind/deep-sky/components/Checkbox.js
packages/tokens-pd build: ✓ ../../packages/tokens-pd/tailwind/deep-sky/components/Chips.js
packages/tokens-pd build: tailwind: skipped unroutable component color token (kept in CSS/tiers; fix naming in Figma): InputDatePicker._global.separator.color.disabled
packages/tokens-pd build: tailwind: skipped unroutable component color token (kept in CSS/tiers; fix naming in Figma): InputDatePicker._global.separator.color.hover
packages/tokens-pd build: tailwind: skipped unroutable component color token (kept in CSS/tiers; fix naming in Figma): InputDatePicker._global.separator.color.idle
packages/tokens-pd build: ✓ ../../packages/tokens-pd/tailwind/deep-sky/components/InputDatePicker.js
packages/tokens-pd build: tailwind: skipped unroutable component color token (kept in CSS/tiers; fix naming in Figma): InputSearch.color.disabled
packages/tokens-pd build: tailwind: skipped unroutable component color token (kept in CSS/tiers; fix naming in Figma): InputSearch.color.hover
packages/tokens-pd build: tailwind: skipped unroutable component color token (kept in CSS/tiers; fix naming in Figma): InputSearch.color.idle
packages/tokens-pd build: ✓ ../../packages/tokens-pd/tailwind/deep-sky/components/InputSearch.js
packages/tokens-pd build: tailwind: skipped unroutable component color token (kept in CSS/tiers; fix naming in Figma): InputSelect.DropdownItem._global.iconChecked
packages/tokens-pd build: tailwind: skipped unroutable component color token (kept in CSS/tiers; fix naming in Figma): InputSelect.DropdownItem._global.iconCollapse
packages/tokens-pd build: tailwind: skipped unroutable component color token (kept in CSS/tiers; fix naming in Figma): InputSelect.DropdownItem._global.iconTenant
packages/tokens-pd build: tailwind: skipped unroutable component color token (kept in CSS/tiers; fix naming in Figma): InputSelect.DropdownSection.labelGroup.color
packages/tokens-pd build: tailwind: skipped unroutable component color token (kept in CSS/tiers; fix naming in Figma): InputSelect.normal.iconExpand.color.disabled
packages/tokens-pd build: tailwind: skipped unroutable component color token (kept in CSS/tiers; fix naming in Figma): InputSelect.normal.iconExpand.color.hover
packages/tokens-pd build: tailwind: skipped unroutable component color token (kept in CSS/tiers; fix naming in Figma): InputSelect.normal.iconExpand.color.idle
packages/tokens-pd build: ✓ ../../packages/tokens-pd/tailwind/deep-sky/components/InputSelect.js
packages/tokens-pd build: ✓ ../../packages/tokens-pd/tailwind/deep-sky/components/InputText.js
packages/tokens-pd build: ✓ ../../packages/tokens-pd/tailwind/deep-sky/components/InputTextArea.js
packages/tokens-pd build: tailwind: skipped unroutable component color token (kept in CSS/tiers; fix naming in Figma): Link.color.active
packages/tokens-pd build: tailwind: skipped unroutable component color token (kept in CSS/tiers; fix naming in Figma): Link.color.disabled
packages/tokens-pd build: tailwind: skipped unroutable component color token (kept in CSS/tiers; fix naming in Figma): Link.color.hover
packages/tokens-pd build: tailwind: skipped unroutable component color token (kept in CSS/tiers; fix naming in Figma): Link.color.idle
packages/tokens-pd build: ✓ ../../packages/tokens-pd/tailwind/deep-sky/components/Link.js
packages/tokens-pd build: ✓ ../../packages/tokens-pd/tailwind/deep-sky/components/Radio.js
packages/tokens-pd build: tailwind: skipped unroutable component color token (kept in CSS/tiers; fix naming in Figma): Resizable.bar.color
packages/tokens-pd build: ✓ ../../packages/tokens-pd/tailwind/deep-sky/components/Resizable.js
packages/tokens-pd build: tailwind: skipped unroutable component color token (kept in CSS/tiers; fix naming in Figma): SearchGlobal.placeholoder.color
packages/tokens-pd build: ✓ ../../packages/tokens-pd/tailwind/deep-sky/components/SearchGlobal.js
packages/tokens-pd build: ✓ ../../packages/tokens-pd/tailwind/deep-sky/components/SidebarPrimary.js
packages/tokens-pd build: ✓ ../../packages/tokens-pd/tailwind/deep-sky/components/SidebarSecondary.js
packages/tokens-pd build: ✓ ../../packages/tokens-pd/tailwind/deep-sky/components/Switch.js
packages/tokens-pd build: tailwind: skipped unroutable component color token (kept in CSS/tiers; fix naming in Figma): Table.Header.cell.color.active
packages/tokens-pd build: tailwind: skipped unroutable component color token (kept in CSS/tiers; fix naming in Figma): Table.Header.cell.color.hover
packages/tokens-pd build: tailwind: skipped unroutable component color token (kept in CSS/tiers; fix naming in Figma): Table.Header.cell.color.idle
packages/tokens-pd build: tailwind: skipped unroutable component color token (kept in CSS/tiers; fix naming in Figma): Table.Header.sortIcon.color.active
packages/tokens-pd build: tailwind: skipped unroutable component color token (kept in CSS/tiers; fix naming in Figma): Table.Header.sortIcon.color.inactive
packages/tokens-pd build: tailwind: skipped unroutable component color token (kept in CSS/tiers; fix naming in Figma): Table._global.row.color.active
packages/tokens-pd build: tailwind: skipped unroutable component color token (kept in CSS/tiers; fix naming in Figma): Table._global.row.color.hover
packages/tokens-pd build: tailwind: skipped unroutable component color token (kept in CSS/tiers; fix naming in Figma): Table._global.row.color.idle
packages/tokens-pd build: ✓ ../../packages/tokens-pd/tailwind/deep-sky/components/Table.js
packages/tokens-pd build: ✓ ../../packages/tokens-pd/tailwind/deep-sky/components/Tag.js
packages/tokens-pd build: ✓ ../../packages/tokens-pd/tailwind/deep-sky/components/Tooltip.js
packages/tokens-pd build: Done
packages/ui-react build$ vite build -c vite.lib.config.ts
packages/ui-react build: vite v6.4.2 building for production...
packages/ui-react build: transforming...
packages/ui-react build: ✓ 139 modules transformed.
packages/ui-react build: rendering chunks...
packages/ui-react build: [unplugin:dts] Start generate declaration files...
packages/ui-react build: computing gzip size...
packages/ui-react build: dist/ui-react.css                                                                                                                                                     215.70 kB │ gzip: 25.66 kB
packages/ui-react build: dist/lib/utils.js                                                                                                                                                       0.31 kB │ gzip:  0.21 kB │ map:   0.39 kB
packages/ui-react build: dist/components/ui/form/form.js                                                                                                                                         0.36 kB │ gzip:  0.25 kB │ map:   1.54 kB
packages/ui-react build: dist/components/ui/page-content/page-content.js                                                                                                                         0.43 kB │ gzip:  0.29 kB │ map:   1.24 kB
packages/ui-react build: dist/components/ui/label/label.js                                                                                                                                       0.45 kB │ gzip:  0.31 kB │ map:   1.34 kB
packages/ui-react build: dist/components/ui/skeleton/skeleton.js                                                                                                                                 0.49 kB │ gzip:  0.33 kB │ map:   1.46 kB
packages/ui-react build: dist/node_modules/.pnpm/clsx@2.1.1/node_modules/clsx/dist/clsx.js                                                                                                       0.54 kB │ gzip:  0.30 kB │ map:   1.21 kB
packages/ui-react build: dist/components/ui/separator/separator.js                                                                                                                               0.56 kB │ gzip:  0.34 kB │ map:   1.58 kB
packages/ui-react build: dist/components/ui/collapsible/collapsible.js                                                                                                                           0.64 kB │ gzip:  0.38 kB │ map:   1.65 kB
packages/ui-react build: dist/components/ui/progress/progress.js                                                                                                                                 0.92 kB │ gzip:  0.48 kB │ map:   2.71 kB
packages/ui-react build: dist/components/ui/spinner/spinner.js                                                                                                                                   1.02 kB │ gzip:  0.54 kB │ map:   2.29 kB
packages/ui-react build: dist/components/ui/section/section.js                                                                                                                                   1.19 kB │ gzip:  0.44 kB │ map:   2.96 kB
packages/ui-react build: dist/node_modules/.pnpm/class-variance-authority@0.7.1/node_modules/class-variance-authority/dist/index.js                                                              1.24 kB │ gzip:  0.57 kB │ map:   5.04 kB
packages/ui-react build: dist/components/ui/data-table/data-table-view-options.js                                                                                                                1.33 kB │ gzip:  0.64 kB │ map:   2.66 kB
packages/ui-react build: dist/components/ui/auth-layout/auth-layout.js                                                                                                                           1.35 kB │ gzip:  0.48 kB │ map:   3.42 kB
packages/ui-react build: dist/components/ui/tabs/tabs.js                                                                                                                                         1.37 kB │ gzip:  0.59 kB │ map:   3.91 kB
packages/ui-react build: dist/components/ui/stack/stack.js                                                                                                                                       1.38 kB │ gzip:  0.59 kB │ map:   2.74 kB
packages/ui-react build: dist/components/ui/tooltip/tooltip.js                                                                                                                                   1.40 kB │ gzip:  0.59 kB │ map:   3.25 kB
packages/ui-react build: dist/components/ui/data-table/data-table-toolbar.js                                                                                                                     1.45 kB │ gzip:  0.67 kB │ map:   2.65 kB
packages/ui-react build: dist/components/ui/popover/popover.js                                                                                                                                   1.50 kB │ gzip:  0.67 kB │ map:   4.64 kB
packages/ui-react build: dist/components/ui/toggle-group/toggle-group.js                                                                                                                         1.50 kB │ gzip:  0.62 kB │ map:   3.42 kB
packages/ui-react build: dist/components/ui/data-table/data-table-column-header.js                                                                                                               1.58 kB │ gzip:  0.74 kB │ map:   3.30 kB
packages/ui-react build: dist/components/ui/input-search/input-search.js                                                                                                                         1.62 kB │ gzip:  0.65 kB │ map:   4.21 kB
packages/ui-react build: dist/components/ui/input/input.js                                                                                                                                       1.72 kB │ gzip:  0.58 kB │ map:   3.33 kB
packages/ui-react build: dist/components/ui/accordion/accordion.js                                                                                                                               1.79 kB │ gzip:  0.77 kB │ map:   3.86 kB
packages/ui-react build: dist/components/ui/switch/switch.js                                                                                                                                     1.79 kB │ gzip:  0.78 kB │ map:   4.19 kB
packages/ui-react build: dist/components/ui/grid/grid.js                                                                                                                                         1.79 kB │ gzip:  0.64 kB │ map:   4.20 kB
packages/ui-react build: dist/components/ui/app-shell/app-shell.js                                                                                                                               1.83 kB │ gzip:  0.56 kB │ map:   4.44 kB
packages/ui-react build: dist/components/ui/page-header/page-header.js                                                                                                                           1.87 kB │ gzip:  0.55 kB │ map:   4.58 kB
packages/ui-react build: dist/components/ui/empty/empty.js                                                                                                                                       1.87 kB │ gzip:  0.55 kB │ map:   4.90 kB
packages/ui-react build: dist/components/ui/slider/slider.js                                                                                                                                     1.89 kB │ gzip:  0.80 kB │ map:   4.05 kB
packages/ui-react build: dist/components/ui/description-list/description-list.js                                                                                                                 1.95 kB │ gzip:  0.70 kB │ map:   4.95 kB
packages/ui-react build: dist/components/ui/card/card.js                                                                                                                                         1.98 kB │ gzip:  0.56 kB │ map:   5.94 kB
packages/ui-react build: dist/components/ui/link/link.js                                                                                                                                         2.00 kB │ gzip:  0.79 kB │ map:   4.35 kB
packages/ui-react build: dist/components/ui/button-icon/button-icon.js                                                                                                                           2.07 kB │ gzip:  0.70 kB │ map:   4.55 kB
packages/ui-react build: dist/components/ui/scroll-area/scroll-area.js                                                                                                                           2.12 kB │ gzip:  0.80 kB │ map:   4.42 kB
packages/ui-react build: dist/components/ui/avatar/avatar.js                                                                                                                                     2.30 kB │ gzip:  0.80 kB │ map:   5.87 kB
packages/ui-react build: dist/components/ui/resizable/resizable.js                                                                                                                               2.44 kB │ gzip:  0.84 kB │ map:   4.87 kB
packages/ui-react build: dist/components/ui/pagination/pagination.js                                                                                                                             2.48 kB │ gzip:  0.94 kB │ map:   5.44 kB
packages/ui-react build: dist/components/ui/search-global/search-global.js                                                                                                                       2.52 kB │ gzip:  0.92 kB │ map:   4.67 kB
packages/ui-react build: dist/components/ui/radio/radio.js                                                                                                                                       2.65 kB │ gzip:  0.76 kB │ map:   4.89 kB
packages/ui-react build: dist/components/ui/sheet/sheet-details.js                                                                                                                               2.81 kB │ gzip:  1.02 kB │ map:   8.40 kB
packages/ui-react build: dist/components/ui/chip/chip.js                                                                                                                                         2.91 kB │ gzip:  1.10 kB │ map:   5.98 kB
packages/ui-react build: dist/components/ui/widget-placeholder/widget-placeholder.js                                                                                                             2.91 kB │ gzip:  0.81 kB │ map:   7.47 kB
packages/ui-react build: dist/components/ui/number-field/number-field.js                                                                                                                         2.95 kB │ gzip:  0.90 kB │ map:   5.77 kB
packages/ui-react build: dist/components/ui/tag/tag.js                                                                                                                                           2.97 kB │ gzip:  0.89 kB │ map:   5.02 kB
packages/ui-react build: dist/components/ui/card-filter/card-filter.js                                                                                                                           3.03 kB │ gzip:  1.07 kB │ map:   6.96 kB
packages/ui-react build: dist/components/ui/input-text/input-text.js                                                                                                                             3.03 kB │ gzip:  1.08 kB │ map:   6.91 kB
packages/ui-react build: dist/components/ui/breadcrumb/breadcrumb.js                                                                                                                             3.16 kB │ gzip:  1.02 kB │ map:   7.12 kB
packages/ui-react build: dist/components/ui/data-table/data-table-pagination.js                                                                                                                  3.36 kB │ gzip:  0.95 kB │ map:   5.64 kB
packages/ui-react build: dist/components/ui/toast/toast.js                                                                                                                                       3.46 kB │ gzip:  1.29 kB │ map:   9.04 kB
packages/ui-react build: dist/node_modules/.pnpm/@tanstack_react-table@8.21.3_react-dom@19.2.6_react@19.2.6__react@19.2.6/node_modules/@tanstack/react-table/build/lib/index.js                  3.60 kB │ gzip:  1.44 kB │ map:   4.01 kB
packages/ui-react build: dist/components/ui/alert/alert.js                                                                                                                                       3.60 kB │ gzip:  1.00 kB │ map:   7.12 kB
packages/ui-react build: dist/components/ui/search/search.js                                                                                                                                     3.81 kB │ gzip:  1.37 kB │ map:   7.57 kB
packages/ui-react build: dist/components/ui/input-text-area/input-text-area.js                                                                                                                   3.89 kB │ gzip:  1.06 kB │ map:   7.57 kB
packages/ui-react build: dist/components/ui/progress-circle/progress-circle.js                                                                                                                   3.94 kB │ gzip:  1.40 kB │ map:   9.45 kB
packages/ui-react build: dist/components/ui/table/table.js                                                                                                                                       3.97 kB │ gzip:  1.25 kB │ map:   9.48 kB
packages/ui-react build: dist/components/ui/dialog/dialog.js                                                                                                                                     4.02 kB │ gzip:  1.35 kB │ map:  10.66 kB
packages/ui-react build: dist/components/ui/button-menu/button-menu.js                                                                                                                           4.06 kB │ gzip:  1.21 kB │ map:   7.43 kB
packages/ui-react build: dist/components/ui/data-table/data-table.js                                                                                                                             4.10 kB │ gzip:  1.43 kB │ map:  11.11 kB
packages/ui-react build: dist/components/ui/sheet/sheet.js                                                                                                                                       4.24 kB │ gzip:  1.39 kB │ map:  10.57 kB
packages/ui-react build: dist/components/ui/field/field.js                                                                                                                                       4.61 kB │ gzip:  1.24 kB │ map:   9.92 kB
packages/ui-react build: dist/components/ui/dropdown-menu/dropdown-menu.js                                                                                                                       5.20 kB │ gzip:  1.50 kB │ map:  12.41 kB
packages/ui-react build: dist/components/ui/checkbox/checkbox.js                                                                                                                                 5.58 kB │ gzip:  1.34 kB │ map:   9.43 kB
packages/ui-react build: dist/components/ui/input-date-picker/input-date-picker.js                                                                                                               5.78 kB │ gzip:  1.44 kB │ map:  10.82 kB
packages/ui-react build: dist/components/ui/combobox/combobox.js                                                                                                                                 6.99 kB │ gzip:  1.78 kB │ map:  12.30 kB
packages/ui-react build: dist/components/ui/button/button.js                                                                                                                                     7.02 kB │ gzip:  1.34 kB │ map:  10.46 kB
packages/ui-react build: dist/components/ui/chart/chart.js                                                                                                                                       7.37 kB │ gzip:  2.38 kB │ map:  17.74 kB
packages/ui-react build: dist/components/ui/sidebar-primary/sidebar-primary.js                                                                                                                  10.88 kB │ gzip:  2.80 kB │ map:  25.20 kB
packages/ui-react build: dist/components/ui/input-select/input-select.js                                                                                                                        11.77 kB │ gzip:  2.58 kB │ map:  21.22 kB
packages/ui-react build: dist/index.js                                                                                                                                                          17.21 kB │ gzip:  3.91 kB │ map:   0.16 kB
packages/ui-react build: dist/react.js                                                                                                                                                          17.21 kB │ gzip:  3.91 kB │ map:   0.16 kB
packages/ui-react build: dist/components/ui/sidebar-secondary/sidebar-secondary.js                                                                                                              19.12 kB │ gzip:  4.41 kB │ map:  45.00 kB
packages/ui-react build: dist/node_modules/.pnpm/react-resizable-panels@4.11.2_react-dom@19.2.6_react@19.2.6__react@19.2.6/node_modules/react-resizable-panels/dist/react-resizable-panels.js   52.63 kB │ gzip: 14.02 kB │ map: 107.78 kB
packages/ui-react build: dist/node_modules/.pnpm/@tanstack_table-core@8.21.3/node_modules/@tanstack/table-core/build/lib/index.js                                                               77.17 kB │ gzip: 17.33 kB │ map: 229.58 kB
packages/ui-react build: dist/node_modules/.pnpm/tailwind-merge@3.6.0/node_modules/tailwind-merge/dist/bundle-mjs.js                                                                            80.29 kB │ gzip: 13.86 kB │ map: 163.37 kB
packages/ui-react build: [unplugin:dts] Declaration files built in 1976ms.
packages/ui-react build: ✓ built in 2.57s
packages/ui-react build: Done
apps/docs prebuild$ pnpm --filter @acronis-platform/ui-react build
apps/docs prebuild: > @acronis-platform/ui-react@0.54.0 build /Users/Mladen.Tsvetkov/projects/ui-kit/uikit/packages/ui-react
apps/docs prebuild: > vite build -c vite.lib.config.ts
apps/docs prebuild: vite v6.4.2 building for production...
apps/docs prebuild: transforming...
apps/docs prebuild: ✓ 139 modules transformed.
apps/docs prebuild: rendering chunks...
apps/docs prebuild: [unplugin:dts] Start generate declaration files...
apps/docs prebuild: computing gzip size...
apps/docs prebuild: dist/ui-react.css                                                                                                                                                     215.70 kB │ gzip: 25.66 kB
apps/docs prebuild: dist/lib/utils.js                                                                                                                                                       0.31 kB │ gzip:  0.21 kB │ map:   0.39 kB
apps/docs prebuild: dist/components/ui/form/form.js                                                                                                                                         0.36 kB │ gzip:  0.25 kB │ map:   1.54 kB
apps/docs prebuild: dist/components/ui/page-content/page-content.js                                                                                                                         0.43 kB │ gzip:  0.29 kB │ map:   1.24 kB
apps/docs prebuild: dist/components/ui/label/label.js                                                                                                                                       0.45 kB │ gzip:  0.31 kB │ map:   1.34 kB
apps/docs prebuild: dist/components/ui/skeleton/skeleton.js                                                                                                                                 0.49 kB │ gzip:  0.33 kB │ map:   1.46 kB
apps/docs prebuild: dist/node_modules/.pnpm/clsx@2.1.1/node_modules/clsx/dist/clsx.js                                                                                                       0.54 kB │ gzip:  0.30 kB │ map:   1.21 kB
apps/docs prebuild: dist/components/ui/separator/separator.js                                                                                                                               0.56 kB │ gzip:  0.34 kB │ map:   1.58 kB
apps/docs prebuild: dist/components/ui/collapsible/collapsible.js                                                                                                                           0.64 kB │ gzip:  0.38 kB │ map:   1.65 kB
apps/docs prebuild: dist/components/ui/progress/progress.js                                                                                                                                 0.92 kB │ gzip:  0.48 kB │ map:   2.71 kB
apps/docs prebuild: dist/components/ui/spinner/spinner.js                                                                                                                                   1.02 kB │ gzip:  0.54 kB │ map:   2.29 kB
apps/docs prebuild: dist/components/ui/section/section.js                                                                                                                                   1.19 kB │ gzip:  0.44 kB │ map:   2.96 kB
apps/docs prebuild: dist/node_modules/.pnpm/class-variance-authority@0.7.1/node_modules/class-variance-authority/dist/index.js                                                              1.24 kB │ gzip:  0.57 kB │ map:   5.04 kB
apps/docs prebuild: dist/components/ui/data-table/data-table-view-options.js                                                                                                                1.33 kB │ gzip:  0.64 kB │ map:   2.66 kB
apps/docs prebuild: dist/components/ui/auth-layout/auth-layout.js                                                                                                                           1.35 kB │ gzip:  0.48 kB │ map:   3.42 kB
apps/docs prebuild: dist/components/ui/tabs/tabs.js                                                                                                                                         1.37 kB │ gzip:  0.59 kB │ map:   3.91 kB
apps/docs prebuild: dist/components/ui/stack/stack.js                                                                                                                                       1.38 kB │ gzip:  0.59 kB │ map:   2.74 kB
apps/docs prebuild: dist/components/ui/tooltip/tooltip.js                                                                                                                                   1.40 kB │ gzip:  0.59 kB │ map:   3.25 kB
apps/docs prebuild: dist/components/ui/data-table/data-table-toolbar.js                                                                                                                     1.45 kB │ gzip:  0.67 kB │ map:   2.65 kB
apps/docs prebuild: dist/components/ui/popover/popover.js                                                                                                                                   1.50 kB │ gzip:  0.67 kB │ map:   4.64 kB
apps/docs prebuild: dist/components/ui/toggle-group/toggle-group.js                                                                                                                         1.50 kB │ gzip:  0.62 kB │ map:   3.42 kB
apps/docs prebuild: dist/components/ui/data-table/data-table-column-header.js                                                                                                               1.58 kB │ gzip:  0.74 kB │ map:   3.30 kB
apps/docs prebuild: dist/components/ui/input-search/input-search.js                                                                                                                         1.62 kB │ gzip:  0.65 kB │ map:   4.21 kB
apps/docs prebuild: dist/components/ui/input/input.js                                                                                                                                       1.72 kB │ gzip:  0.58 kB │ map:   3.33 kB
apps/docs prebuild: dist/components/ui/accordion/accordion.js                                                                                                                               1.79 kB │ gzip:  0.77 kB │ map:   3.86 kB
apps/docs prebuild: dist/components/ui/switch/switch.js                                                                                                                                     1.79 kB │ gzip:  0.78 kB │ map:   4.19 kB
apps/docs prebuild: dist/components/ui/grid/grid.js                                                                                                                                         1.79 kB │ gzip:  0.64 kB │ map:   4.20 kB
apps/docs prebuild: dist/components/ui/app-shell/app-shell.js                                                                                                                               1.83 kB │ gzip:  0.56 kB │ map:   4.44 kB
apps/docs prebuild: dist/components/ui/page-header/page-header.js                                                                                                                           1.87 kB │ gzip:  0.55 kB │ map:   4.58 kB
apps/docs prebuild: dist/components/ui/empty/empty.js                                                                                                                                       1.87 kB │ gzip:  0.55 kB │ map:   4.90 kB
apps/docs prebuild: dist/components/ui/slider/slider.js                                                                                                                                     1.89 kB │ gzip:  0.80 kB │ map:   4.05 kB
apps/docs prebuild: dist/components/ui/description-list/description-list.js                                                                                                                 1.95 kB │ gzip:  0.70 kB │ map:   4.95 kB
apps/docs prebuild: dist/components/ui/card/card.js                                                                                                                                         1.98 kB │ gzip:  0.56 kB │ map:   5.94 kB
apps/docs prebuild: dist/components/ui/link/link.js                                                                                                                                         2.00 kB │ gzip:  0.79 kB │ map:   4.35 kB
apps/docs prebuild: dist/components/ui/button-icon/button-icon.js                                                                                                                           2.07 kB │ gzip:  0.70 kB │ map:   4.55 kB
apps/docs prebuild: dist/components/ui/scroll-area/scroll-area.js                                                                                                                           2.12 kB │ gzip:  0.80 kB │ map:   4.42 kB
apps/docs prebuild: dist/components/ui/avatar/avatar.js                                                                                                                                     2.30 kB │ gzip:  0.80 kB │ map:   5.87 kB
apps/docs prebuild: dist/components/ui/resizable/resizable.js                                                                                                                               2.44 kB │ gzip:  0.84 kB │ map:   4.87 kB
apps/docs prebuild: dist/components/ui/pagination/pagination.js                                                                                                                             2.48 kB │ gzip:  0.94 kB │ map:   5.44 kB
apps/docs prebuild: dist/components/ui/search-global/search-global.js                                                                                                                       2.52 kB │ gzip:  0.92 kB │ map:   4.67 kB
apps/docs prebuild: dist/components/ui/radio/radio.js                                                                                                                                       2.65 kB │ gzip:  0.76 kB │ map:   4.89 kB
apps/docs prebuild: dist/components/ui/sheet/sheet-details.js                                                                                                                               2.81 kB │ gzip:  1.02 kB │ map:   8.40 kB
apps/docs prebuild: dist/components/ui/chip/chip.js                                                                                                                                         2.91 kB │ gzip:  1.10 kB │ map:   5.98 kB
apps/docs prebuild: dist/components/ui/widget-placeholder/widget-placeholder.js                                                                                                             2.91 kB │ gzip:  0.81 kB │ map:   7.47 kB
apps/docs prebuild: dist/components/ui/number-field/number-field.js                                                                                                                         2.95 kB │ gzip:  0.90 kB │ map:   5.77 kB
apps/docs prebuild: dist/components/ui/tag/tag.js                                                                                                                                           2.97 kB │ gzip:  0.89 kB │ map:   5.02 kB
apps/docs prebuild: dist/components/ui/card-filter/card-filter.js                                                                                                                           3.03 kB │ gzip:  1.07 kB │ map:   6.96 kB
apps/docs prebuild: dist/components/ui/input-text/input-text.js                                                                                                                             3.03 kB │ gzip:  1.08 kB │ map:   6.91 kB
apps/docs prebuild: dist/components/ui/breadcrumb/breadcrumb.js                                                                                                                             3.16 kB │ gzip:  1.02 kB │ map:   7.12 kB
apps/docs prebuild: dist/components/ui/data-table/data-table-pagination.js                                                                                                                  3.36 kB │ gzip:  0.95 kB │ map:   5.64 kB
apps/docs prebuild: dist/components/ui/toast/toast.js                                                                                                                                       3.46 kB │ gzip:  1.29 kB │ map:   9.04 kB
apps/docs prebuild: dist/node_modules/.pnpm/@tanstack_react-table@8.21.3_react-dom@19.2.6_react@19.2.6__react@19.2.6/node_modules/@tanstack/react-table/build/lib/index.js                  3.60 kB │ gzip:  1.44 kB │ map:   4.01 kB
apps/docs prebuild: dist/components/ui/alert/alert.js                                                                                                                                       3.60 kB │ gzip:  1.00 kB │ map:   7.12 kB
apps/docs prebuild: dist/components/ui/search/search.js                                                                                                                                     3.81 kB │ gzip:  1.37 kB │ map:   7.57 kB
apps/docs prebuild: dist/components/ui/input-text-area/input-text-area.js                                                                                                                   3.89 kB │ gzip:  1.06 kB │ map:   7.57 kB
apps/docs prebuild: dist/components/ui/progress-circle/progress-circle.js                                                                                                                   3.94 kB │ gzip:  1.40 kB │ map:   9.45 kB
apps/docs prebuild: dist/components/ui/table/table.js                                                                                                                                       3.97 kB │ gzip:  1.25 kB │ map:   9.48 kB
apps/docs prebuild: dist/components/ui/dialog/dialog.js                                                                                                                                     4.02 kB │ gzip:  1.35 kB │ map:  10.66 kB
apps/docs prebuild: dist/components/ui/button-menu/button-menu.js                                                                                                                           4.06 kB │ gzip:  1.21 kB │ map:   7.43 kB
apps/docs prebuild: dist/components/ui/data-table/data-table.js                                                                                                                             4.10 kB │ gzip:  1.43 kB │ map:  11.11 kB
apps/docs prebuild: dist/components/ui/sheet/sheet.js                                                                                                                                       4.24 kB │ gzip:  1.39 kB │ map:  10.57 kB
apps/docs prebuild: dist/components/ui/field/field.js                                                                                                                                       4.61 kB │ gzip:  1.24 kB │ map:   9.92 kB
apps/docs prebuild: dist/components/ui/dropdown-menu/dropdown-menu.js                                                                                                                       5.20 kB │ gzip:  1.50 kB │ map:  12.41 kB
apps/docs prebuild: dist/components/ui/checkbox/checkbox.js                                                                                                                                 5.58 kB │ gzip:  1.34 kB │ map:   9.43 kB
apps/docs prebuild: dist/components/ui/input-date-picker/input-date-picker.js                                                                                                               5.78 kB │ gzip:  1.44 kB │ map:  10.82 kB
apps/docs prebuild: dist/components/ui/combobox/combobox.js                                                                                                                                 6.99 kB │ gzip:  1.78 kB │ map:  12.30 kB
apps/docs prebuild: dist/components/ui/button/button.js                                                                                                                                     7.02 kB │ gzip:  1.34 kB │ map:  10.46 kB
apps/docs prebuild: dist/components/ui/chart/chart.js                                                                                                                                       7.37 kB │ gzip:  2.38 kB │ map:  17.74 kB
apps/docs prebuild: dist/components/ui/sidebar-primary/sidebar-primary.js                                                                                                                  10.88 kB │ gzip:  2.80 kB │ map:  25.20 kB
apps/docs prebuild: dist/components/ui/input-select/input-select.js                                                                                                                        11.77 kB │ gzip:  2.58 kB │ map:  21.22 kB
apps/docs prebuild: dist/index.js                                                                                                                                                          17.21 kB │ gzip:  3.91 kB │ map:   0.16 kB
apps/docs prebuild: dist/react.js                                                                                                                                                          17.21 kB │ gzip:  3.91 kB │ map:   0.16 kB
apps/docs prebuild: dist/components/ui/sidebar-secondary/sidebar-secondary.js                                                                                                              19.12 kB │ gzip:  4.41 kB │ map:  45.00 kB
apps/docs prebuild: dist/node_modules/.pnpm/react-resizable-panels@4.11.2_react-dom@19.2.6_react@19.2.6__react@19.2.6/node_modules/react-resizable-panels/dist/react-resizable-panels.js   52.63 kB │ gzip: 14.02 kB │ map: 107.78 kB
apps/docs prebuild: dist/node_modules/.pnpm/@tanstack_table-core@8.21.3/node_modules/@tanstack/table-core/build/lib/index.js                                                               77.17 kB │ gzip: 17.33 kB │ map: 229.58 kB
apps/docs prebuild: dist/node_modules/.pnpm/tailwind-merge@3.6.0/node_modules/tailwind-merge/dist/bundle-mjs.js                                                                            80.29 kB │ gzip: 13.86 kB │ map: 163.37 kB
apps/docs prebuild: [unplugin:dts] Declaration files built in 1964ms.
apps/docs prebuild: ✓ built in 2.56s
apps/docs prebuild: Done
apps/docs build$ next build
apps/docs build: ⚠ `eslint` configuration in next.config.mjs is no longer supported. See more info here: https://nextjs.org/docs/app/api-reference/cli/next#next-lint-options
apps/docs build: ⚠ Invalid next.config.mjs options detected: 
apps/docs build: ⚠     Unrecognized key(s) in object: 'eslint'
apps/docs build: ⚠ See more info here: https://nextjs.org/docs/messages/invalid-next-config
apps/docs build: ▲ Next.js 16.2.6 (Turbopack)
apps/docs build: [MDX] generated files in 12.415040999999974ms
apps/docs build:   Creating an optimized production build ...
apps/docs build: Turbopack build encountered 2 warnings:
apps/docs build: ./apps/docs/src/components/DemoPreview.tsx:25:9
apps/docs build: The file pattern ('/ROOT/' <dynamic> | '/ROOT' <dynamic>) matches 29646 files in [project]/apps/docs
apps/docs build:   [90m23 |[0m     [36mtry[0m {
apps/docs build:   [90m24 |[0m       [36mconst[0m source = readFileSync(
apps/docs build: [31m[1m>[0m [90m25 |[0m         resolve(process.cwd(), [32m'..'[0m, [32m'..'[0m, sourcePath),
apps/docs build:   [90m   |[0m         [31m[1m^^^^^^^^^^^^^^^^^^^^^^^^^^^^^^^^^^^^^^^^^^^^^^[0m
apps/docs build:   [90m26 |[0m         [32m'utf-8'[0m
apps/docs build:   [90m27 |[0m       );
apps/docs build:   [90m28 |[0m       highlighted = [36mawait[0m highlight(source, {
apps/docs build: Overly broad patterns can lead to build performance issues and over bundling.
apps/docs build: Import traces:
apps/docs build:   #1 [App Route]:
apps/docs build:     ./apps/docs/src/components/DemoPreview.tsx
apps/docs build:     ./apps/docs/content/docs/legacy/forms.mdx.js
apps/docs build:     ./apps/docs/.source/server.ts
apps/docs build:     ./apps/docs/src/lib/source.ts
apps/docs build:     ./apps/docs/src/app/api/search/route.ts
apps/docs build:   #2 [Server Component]:
apps/docs build:     ./apps/docs/src/components/DemoPreview.tsx
apps/docs build:     ./apps/docs/content/docs/legacy/forms.mdx.js
apps/docs build:     ./apps/docs/.source/server.ts
apps/docs build:     ./apps/docs/src/lib/source.ts
apps/docs build:     ./apps/docs/src/app/[...slug]/layout.tsx
apps/docs build:   #3 [App Route]:
apps/docs build:     ./apps/docs/src/components/DemoPreview.tsx
apps/docs build:     ./apps/docs/src/components/DemoPreview.tsx
apps/docs build:     ./apps/docs/content/docs/legacy/components/form.mdx.js
apps/docs build:     ./apps/docs/.source/server.ts
apps/docs build:     ./apps/docs/src/lib/source.ts
apps/docs build:     ./apps/docs/src/app/api/search/route.ts
apps/docs build: ./apps/docs/next.config.mjs
apps/docs build: Encountered unexpected file in NFT list
apps/docs build: A file was traced that indicates that the whole project was traced unintentionally. Somewhere in the import trace below, there are:
apps/docs build: - filesystem operations (like path.join, path.resolve or fs.readFile), or
apps/docs build: - very dynamic requires (like require('./' + foo)).
apps/docs build: To resolve this, you can
apps/docs build: - remove them if possible, or
apps/docs build: - only use them in development, or
apps/docs build: - make sure they are statically scoped to some subfolder: path.join(process.cwd(), 'data', bar), or
apps/docs build: - add ignore comments: path.join(/*turbopackIgnore: true*/ process.cwd(), bar)
apps/docs build: Import trace:
apps/docs build:   App Route:
apps/docs build:     ./apps/docs/next.config.mjs
apps/docs build:     ./apps/docs/src/components/DemoPreview.tsx
apps/docs build:     ./apps/docs/content/docs/legacy/components/form.mdx.js
apps/docs build:     ./apps/docs/.source/server.ts
apps/docs build:     ./apps/docs/src/lib/source.ts
apps/docs build:     ./apps/docs/src/app/api/search/route.ts
apps/docs build: ✓ Compiled successfully in 10.9s
apps/docs build:   Skipping validation of types
apps/docs build:   Finished TypeScript config validation in 35ms ...
apps/docs build:   Collecting page data using 7 workers ...
apps/docs build:   Generating static pages using 7 workers (0/144) ...
apps/docs build:   Generating static pages using 7 workers (36/144) 
apps/docs build:   Generating static pages using 7 workers (72/144) 
apps/docs build:   Generating static pages using 7 workers (108/144) 
apps/docs build: ✓ Generating static pages using 7 workers (144/144) in 12.6s
apps/docs build:   Finalizing page optimization ...
apps/docs build: Route (app)
apps/docs build: ┌ ○ /
apps/docs build: ├ ○ /_not-found
apps/docs build: ├ ● /[...slug]
apps/docs build: │ ├ /getting-started
apps/docs build: │ ├ /icons
apps/docs build: │ ├ /theming
apps/docs build: │ └ [+136 more paths]
apps/docs build: ├ ○ /api/search
apps/docs build: └ ○ /api/ui-react-css
apps/docs build: ○  (Static)  prerendered as static content
apps/docs build: ●  (SSG)     prerendered as static HTML (uses generateStaticParams)
apps/docs build: Done
